Command line invocation:
    /Applications/Xcode_26.3.app/Contents/Developer/usr/bin/xcodebuild build -workspace ios/ZenFlowTracker.xcworkspace -scheme ZenFlowTracker -configuration Release -sdk iphoneos -derivedDataPath build CODE_SIGNING_ALLOWED=NO CODE_SIGNING_REQUIRED=NO CODE_SIGN_IDENTITY= PROVISIONING_PROFILE= COMPILER_INDEX_STORE_ENABLE=NO

Build settings from command line:
    CODE_SIGN_IDENTITY = 
    CODE_SIGNING_ALLOWED = NO
    CODE_SIGNING_REQUIRED = NO
    COMPILER_INDEX_STORE_ENABLE = NO
    PROVISIONING_PROFILE = 
    SDKROOT = iphoneos26.2

--- xcodebuild: WARNING: Using the first of multiple matching destinations:
{ platform:iOS, id:dvtdevice-DVTiPhonePlaceholder-iphoneos:placeholder, name:Any iOS Device }
{ platform:macOS, arch:arm64, variant:Designed for [iPad,iPhone], id:07c7f91caaf1a8f06beb45b6aaf56f25dbedd338, name:My Mac }
{ platform:iOS Simulator, id:dvtdevice-DVTiOSDeviceSimulatorPlaceholder-iphonesimulator:placeholder, name:Any iOS Simulator Device }
note: Using codesigning identity override: 
ComputePackagePrebuildTargetDependencyGraph

Prepare packages

CreateBuildRequest

SendProjectDescription

CreateBuildOperation

ComputeTargetDependencyGraph
note: Building targets in dependency order
note: Target dependency graph (99 targets)
    Target 'ZenFlowTracker' in project 'ZenFlowTracker'
        ➜ Implicit dependency on target 'Pods-ZenFlowTracker' in project 'Pods' via file 'libPods-ZenFlowTracker.a' in build phase 'Link Binary'
        ➜ Implicit dependency on target 'EXConstants' in project 'Pods' via options '-lEXConstants' in build setting 'OTHER_LDFLAGS'
        ➜ Implicit dependency on target 'Expo' in project 'Pods' via options '-lExpo' in build setting 'OTHER_LDFLAGS'
        ➜ Implicit dependency on target 'ExpoAsset' in project 'Pods' via options '-lExpoAsset' in build setting 'OTHER_LDFLAGS'
        ➜ Implicit dependency on target 'ExpoDomWebView' in project 'Pods' via options '-lExpoDomWebView' in build setting 'OTHER_LDFLAGS'
        ➜ Implicit dependency on target 'ExpoKeepAwake' in project 'Pods' via options '-lExpoKeepAwake' in build setting 'OTHER_LDFLAGS'
        ➜ Implicit dependency on target 'ExpoLogBox' in project 'Pods' via options '-lExpoLogBox' in build setting 'OTHER_LDFLAGS'
        ➜ Implicit dependency on target 'ExpoScreenOrientation' in project 'Pods' via options '-lExpoScreenOrientation' in build setting 'OTHER_LDFLAGS'
        ➜ Implicit dependency on target 'RNCAsyncStorage' in project 'Pods' via options '-lRNCAsyncStorage' in build setting 'OTHER_LDFLAGS'
        ➜ Implicit dependency on target 'ReactAppDependencyProvider' in project 'Pods' via options '-lReactAppDependencyProvider' in build setting 'OTHER_LDFLAGS'
        ➜ Implicit dependency on target 'ReactCodegen' in project 'Pods' via options '-lReactCodegen' in build setting 'OTHER_LDFLAGS'
        ➜ Implicit dependency on target 'react-native-safe-area-context' in project 'Pods' via options '-lreact-native-safe-area-context' in build setting 'OTHER_LDFLAGS'
        ➜ Implicit dependency on target 'react-native-webview' in project 'Pods' via options '-lreact-native-webview' in build setting 'OTHER_LDFLAGS'
    Target 'Pods-ZenFlowTracker' in project 'Pods'
        ➜ Explicit dependency on target 'EXConstants' in project 'Pods'
        ➜ Explicit dependency on target 'Expo' in project 'Pods'
        ➜ Explicit dependency on target 'ExpoAsset' in project 'Pods'
        ➜ Explicit dependency on target 'ExpoDomWebView' in project 'Pods'
        ➜ Explicit dependency on target 'ExpoFileSystem' in project 'Pods'
        ➜ Explicit dependency on target 'ExpoFont' in project 'Pods'
        ➜ Explicit dependency on target 'ExpoKeepAwake' in project 'Pods'
        ➜ Explicit dependency on target 'ExpoLogBox' in project 'Pods'
        ➜ Explicit dependency on target 'ExpoModulesCore' in project 'Pods'
        ➜ Explicit dependency on target 'ExpoModulesJSI' in project 'Pods'
        ➜ Explicit dependency on target 'ExpoModulesWorklets' in project 'Pods'
        ➜ Explicit dependency on target 'ExpoScreenOrientation' in project 'Pods'
        ➜ Explicit dependency on target 'FBLazyVector' in project 'Pods'
        ➜ Explicit dependency on target 'RCTDeprecation' in project 'Pods'
        ➜ Explicit dependency on target 'RCTRequired' in project 'Pods'
        ➜ Explicit dependency on target 'RCTSwiftUI' in project 'Pods'
        ➜ Explicit dependency on target 'RCTSwiftUIWrapper' in project 'Pods'
        ➜ Explicit dependency on target 'RCTTypeSafety' in project 'Pods'
        ➜ Explicit dependency on target 'RNCAsyncStorage' in project 'Pods'
        ➜ Explicit dependency on target 'React' in project 'Pods'
        ➜ Explicit dependency on target 'React-Core' in project 'Pods'
        ➜ Explicit dependency on target 'React-Core-prebuilt' in project 'Pods'
        ➜ Explicit dependency on target 'React-CoreModules' in project 'Pods'
        ➜ Explicit dependency on target 'React-Fabric' in project 'Pods'
        ➜ Explicit dependency on target 'React-FabricComponents' in project 'Pods'
        ➜ Explicit dependency on target 'React-FabricImage' in project 'Pods'
        ➜ Explicit dependency on target 'React-ImageManager' in project 'Pods'
        ➜ Explicit dependency on target 'React-Mapbuffer' in project 'Pods'
        ➜ Explicit dependency on target 'React-NativeModulesApple' in project 'Pods'
        ➜ Explicit dependency on target 'React-RCTActionSheet' in project 'Pods'
        ➜ Explicit dependency on target 'React-RCTAnimation' in project 'Pods'
        ➜ Explicit dependency on target 'React-RCTAppDelegate' in project 'Pods'
        ➜ Explicit dependency on target 'React-RCTBlob' in project 'Pods'
        ➜ Explicit dependency on target 'React-RCTFBReactNativeSpec' in project 'Pods'
        ➜ Explicit dependency on target 'React-RCTFabric' in project 'Pods'
        ➜ Explicit dependency on target 'React-RCTImage' in project 'Pods'
        ➜ Explicit dependency on target 'React-RCTLinking' in project 'Pods'
        ➜ Explicit dependency on target 'React-RCTNetwork' in project 'Pods'
        ➜ Explicit dependency on target 'React-RCTRuntime' in project 'Pods'
        ➜ Explicit dependency on target 'React-RCTSettings' in project 'Pods'
        ➜ Explicit dependency on target 'React-RCTText' in project 'Pods'
        ➜ Explicit dependency on target 'React-RCTVibration' in project 'Pods'
        ➜ Explicit dependency on target 'React-RuntimeApple' in project 'Pods'
        ➜ Explicit dependency on target 'React-RuntimeCore' in project 'Pods'
        ➜ Explicit dependency on target 'React-RuntimeHermes' in project 'Pods'
        ➜ Explicit dependency on target 'React-callinvoker' in project 'Pods'
        ➜ Explicit dependency on target 'React-cxxreact' in project 'Pods'
        ➜ Explicit dependency on target 'React-debug' in project 'Pods'
        ➜ Explicit dependency on target 'React-defaultsnativemodule' in project 'Pods'
        ➜ Explicit dependency on target 'React-domnativemodule' in project 'Pods'
        ➜ Explicit dependency on target 'React-featureflags' in project 'Pods'
        ➜ Explicit dependency on target 'React-featureflagsnativemodule' in project 'Pods'
        ➜ Explicit dependency on target 'React-graphics' in project 'Pods'
        ➜ Explicit dependency on target 'React-hermes' in project 'Pods'
        ➜ Explicit dependency on target 'React-idlecallbacksnativemodule' in project 'Pods'
        ➜ Explicit dependency on target 'React-intersectionobservernativemodule' in project 'Pods'
        ➜ Explicit dependency on target 'React-jserrorhandler' in project 'Pods'
        ➜ Explicit dependency on target 'React-jsi' in project 'Pods'
        ➜ Explicit dependency on target 'React-jsiexecutor' in project 'Pods'
        ➜ Explicit dependency on target 'React-jsinspector' in project 'Pods'
        ➜ Explicit dependency on target 'React-jsinspectorcdp' in project 'Pods'
        ➜ Explicit dependency on target 'React-jsinspectornetwork' in project 'Pods'
        ➜ Explicit dependency on target 'React-jsinspectortracing' in project 'Pods'
        ➜ Explicit dependency on target 'React-jsitooling' in project 'Pods'
        ➜ Explicit dependency on target 'React-jsitracing' in project 'Pods'
        ➜ Explicit dependency on target 'React-logger' in project 'Pods'
        ➜ Explicit dependency on target 'React-microtasksnativemodule' in project 'Pods'
        ➜ Explicit dependency on target 'React-mutationobservernativemodule' in project 'Pods'
        ➜ Explicit dependency on target 'React-networking' in project 'Pods'
        ➜ Explicit dependency on target 'React-oscompat' in project 'Pods'
        ➜ Explicit dependency on target 'React-perflogger' in project 'Pods'
        ➜ Explicit dependency on target 'React-performancecdpmetrics' in project 'Pods'
        ➜ Explicit dependency on target 'React-performancetimeline' in project 'Pods'
        ➜ Explicit dependency on target 'React-rendererconsistency' in project 'Pods'
        ➜ Explicit dependency on target 'React-renderercss' in project 'Pods'
        ➜ Explicit dependency on target 'React-rendererdebug' in project 'Pods'
        ➜ Explicit dependency on target 'React-runtimeexecutor' in project 'Pods'
        ➜ Explicit dependency on target 'React-runtimescheduler' in project 'Pods'
        ➜ Explicit dependency on target 'React-timing' in project 'Pods'
        ➜ Explicit dependency on target 'React-utils' in project 'Pods'
        ➜ Explicit dependency on target 'React-viewtransitionnativemodule' in project 'Pods'
        ➜ Explicit dependency on target 'React-webperformancenativemodule' in project 'Pods'
        ➜ Explicit dependency on target 'ReactAppDependencyProvider' in project 'Pods'
        ➜ Explicit dependency on target 'ReactCodegen' in project 'Pods'
        ➜ Explicit dependency on target 'ReactCommon' in project 'Pods'
        ➜ Explicit dependency on target 'ReactNativeDependencies' in project 'Pods'
        ➜ Explicit dependency on target 'Yoga' in project 'Pods'
        ➜ Explicit dependency on target 'hermes-engine' in project 'Pods'
        ➜ Explicit dependency on target 'react-native-safe-area-context' in project 'Pods'
        ➜ Explicit dependency on target 'react-native-webview' in project 'Pods'
    Target 'react-native-webview' in project 'Pods'
        ➜ Explicit dependency on target 'RCTRequired' in project 'Pods'
        ➜ Explicit dependency on target 'RCTTypeSafety' in project 'Pods'
        ➜ Explicit dependency on target 'React-Core' in project 'Pods'
        ➜ Explicit dependency on target 'React-Core-prebuilt' in project 'Pods'
        ➜ Explicit dependency on target 'React-Fabric' in project 'Pods'
        ➜ Explicit dependency on target 'React-ImageManager' in project 'Pods'
        ➜ Explicit dependency on target 'React-NativeModulesApple' in project 'Pods'
        ➜ Explicit dependency on target 'React-RCTFabric' in project 'Pods'
        ➜ Explicit dependency on target 'React-debug' in project 'Pods'
        ➜ Explicit dependency on target 'React-featureflags' in project 'Pods'
        ➜ Explicit dependency on target 'React-graphics' in project 'Pods'
        ➜ Explicit dependency on target 'React-jsi' in project 'Pods'
        ➜ Explicit dependency on target 'React-renderercss' in project 'Pods'
        ➜ Explicit dependency on target 'React-rendererdebug' in project 'Pods'
        ➜ Explicit dependency on target 'React-utils' in project 'Pods'
        ➜ Explicit dependency on target 'ReactCodegen' in project 'Pods'
        ➜ Explicit dependency on target 'ReactCommon' in project 'Pods'
        ➜ Explicit dependency on target 'ReactNativeDependencies' in project 'Pods'
        ➜ Explicit dependency on target 'Yoga' in project 'Pods'
        ➜ Explicit dependency on target 'hermes-engine' in project 'Pods'
    Target 'react-native-safe-area-context' in project 'Pods'
        ➜ Explicit dependency on target 'RCTRequired' in project 'Pods'
        ➜ Explicit dependency on target 'RCTTypeSafety' in project 'Pods'
        ➜ Explicit dependency on target 'React-Core' in project 'Pods'
        ➜ Explicit dependency on target 'React-Core-prebuilt' in project 'Pods'
        ➜ Explicit dependency on target 'React-Fabric' in project 'Pods'
        ➜ Explicit dependency on target 'React-ImageManager' in project 'Pods'
        ➜ Explicit dependency on target 'React-NativeModulesApple' in project 'Pods'
        ➜ Explicit dependency on target 'React-RCTFabric' in project 'Pods'
        ➜ Explicit dependency on target 'React-debug' in project 'Pods'
        ➜ Explicit dependency on target 'React-featureflags' in project 'Pods'
        ➜ Explicit dependency on target 'React-graphics' in project 'Pods'
        ➜ Explicit dependency on target 'React-jsi' in project 'Pods'
        ➜ Explicit dependency on target 'React-renderercss' in project 'Pods'
        ➜ Explicit dependency on target 'React-rendererdebug' in project 'Pods'
        ➜ Explicit dependency on target 'React-utils' in project 'Pods'
        ➜ Explicit dependency on target 'ReactCodegen' in project 'Pods'
        ➜ Explicit dependency on target 'ReactCommon' in project 'Pods'
        ➜ Explicit dependency on target 'ReactNativeDependencies' in project 'Pods'
        ➜ Explicit dependency on target 'Yoga' in project 'Pods'
        ➜ Explicit dependency on target 'hermes-engine' in project 'Pods'
    Target 'React' in project 'Pods'
        ➜ Explicit dependency on target 'React-Core' in project 'Pods'
        ➜ Explicit dependency on target 'React-RCTActionSheet' in project 'Pods'
        ➜ Explicit dependency on target 'React-RCTAnimation' in project 'Pods'
        ➜ Explicit dependency on target 'React-RCTBlob' in project 'Pods'
        ➜ Explicit dependency on target 'React-RCTImage' in project 'Pods'
        ➜ Explicit dependency on target 'React-RCTLinking' in project 'Pods'
        ➜ Explicit dependency on target 'React-RCTNetwork' in project 'Pods'
        ➜ Explicit dependency on target 'React-RCTSettings' in project 'Pods'
        ➜ Explicit dependency on target 'React-RCTText' in project 'Pods'
        ➜ Explicit dependency on target 'React-RCTVibration' in project 'Pods'
    Target 'React-RCTVibration' in project 'Pods'
        ➜ Explicit dependency on target 'React-Core' in project 'Pods'
        ➜ Explicit dependency on target 'React-Core-prebuilt' in project 'Pods'
        ➜ Explicit dependency on target 'React-jsi' in project 'Pods'
        ➜ Explicit dependency on target 'React-NativeModulesApple' in project 'Pods'
        ➜ Explicit dependency on target 'React-RCTFBReactNativeSpec' in project 'Pods'
        ➜ Explicit dependency on target 'ReactCommon' in project 'Pods'
        ➜ Explicit dependency on target 'ReactNativeDependencies' in project 'Pods'
    Target 'React-RCTSettings' in project 'Pods'
        ➜ Explicit dependency on target 'RCTTypeSafety' in project 'Pods'
        ➜ Explicit dependency on target 'React-Core' in project 'Pods'
        ➜ Explicit dependency on target 'React-Core-prebuilt' in project 'Pods'
        ➜ Explicit dependency on target 'React-jsi' in project 'Pods'
        ➜ Explicit dependency on target 'React-NativeModulesApple' in project 'Pods'
        ➜ Explicit dependency on target 'React-RCTFBReactNativeSpec' in project 'Pods'
        ➜ Explicit dependency on target 'ReactCommon' in project 'Pods'
        ➜ Explicit dependency on target 'ReactNativeDependencies' in project 'Pods'
    Target 'React-RCTLinking' in project 'Pods'
        ➜ Explicit dependency on target 'React-Core' in project 'Pods'
        ➜ Explicit dependency on target 'React-jsi' in project 'Pods'
        ➜ Explicit dependency on target 'React-NativeModulesApple' in project 'Pods'
        ➜ Explicit dependency on target 'React-RCTFBReactNativeSpec' in project 'Pods'
        ➜ Explicit dependency on target 'ReactCommon' in project 'Pods'
    Target 'React-RCTActionSheet' in project 'Pods'
        ➜ Explicit dependency on target 'React-Core' in project 'Pods'
    Target 'RNCAsyncStorage' in project 'Pods'
        ➜ Explicit dependency on target 'RCTRequired' in project 'Pods'
        ➜ Explicit dependency on target 'RCTTypeSafety' in project 'Pods'
        ➜ Explicit dependency on target 'RNCAsyncStorage-RNCAsyncStorage_resources' in project 'Pods'
        ➜ Explicit dependency on target 'React-Core' in project 'Pods'
        ➜ Explicit dependency on target 'React-Core-prebuilt' in project 'Pods'
        ➜ Explicit dependency on target 'React-Fabric' in project 'Pods'
        ➜ Explicit dependency on target 'React-ImageManager' in project 'Pods'
        ➜ Explicit dependency on target 'React-NativeModulesApple' in project 'Pods'
        ➜ Explicit dependency on target 'React-RCTFabric' in project 'Pods'
        ➜ Explicit dependency on target 'React-debug' in project 'Pods'
        ➜ Explicit dependency on target 'React-featureflags' in project 'Pods'
        ➜ Explicit dependency on target 'React-graphics' in project 'Pods'
        ➜ Explicit dependency on target 'React-jsi' in project 'Pods'
        ➜ Explicit dependency on target 'React-renderercss' in project 'Pods'
        ➜ Explicit dependency on target 'React-rendererdebug' in project 'Pods'
        ➜ Explicit dependency on target 'React-utils' in project 'Pods'
        ➜ Explicit dependency on target 'ReactCodegen' in project 'Pods'
        ➜ Explicit dependency on target 'ReactCommon' in project 'Pods'
        ➜ Explicit dependency on target 'ReactNativeDependencies' in project 'Pods'
        ➜ Explicit dependency on target 'Yoga' in project 'Pods'
        ➜ Explicit dependency on target 'hermes-engine' in project 'Pods'
    Target 'RNCAsyncStorage-RNCAsyncStorage_resources' in project 'Pods' (no dependencies)
    Target 'ExpoScreenOrientation' in project 'Pods'
        ➜ Explicit dependency on target 'ExpoModulesCore' in project 'Pods'
        ➜ Explicit dependency on target 'RCTRequired' in project 'Pods'
        ➜ Explicit dependency on target 'RCTTypeSafety' in project 'Pods'
        ➜ Explicit dependency on target 'React-Core' in project 'Pods'
        ➜ Explicit dependency on target 'React-Core-prebuilt' in project 'Pods'
        ➜ Explicit dependency on target 'React-Fabric' in project 'Pods'
        ➜ Explicit dependency on target 'React-ImageManager' in project 'Pods'
        ➜ Explicit dependency on target 'React-NativeModulesApple' in project 'Pods'
        ➜ Explicit dependency on target 'React-RCTFabric' in project 'Pods'
        ➜ Explicit dependency on target 'React-debug' in project 'Pods'
        ➜ Explicit dependency on target 'React-featureflags' in project 'Pods'
        ➜ Explicit dependency on target 'React-graphics' in project 'Pods'
        ➜ Explicit dependency on target 'React-jsi' in project 'Pods'
        ➜ Explicit dependency on target 'React-renderercss' in project 'Pods'
        ➜ Explicit dependency on target 'React-rendererdebug' in project 'Pods'
        ➜ Explicit dependency on target 'React-utils' in project 'Pods'
        ➜ Explicit dependency on target 'ReactCodegen' in project 'Pods'
        ➜ Explicit dependency on target 'ReactCommon' in project 'Pods'
        ➜ Explicit dependency on target 'ReactNativeDependencies' in project 'Pods'
        ➜ Explicit dependency on target 'Yoga' in project 'Pods'
        ➜ Explicit dependency on target 'hermes-engine' in project 'Pods'
    Target 'ExpoModulesWorklets' in project 'Pods'
        ➜ Explicit dependency on target 'ExpoModulesCore' in project 'Pods'
        ➜ Explicit dependency on target 'ExpoModulesJSI' in project 'Pods'
    Target 'ExpoLogBox' in project 'Pods'
        ➜ Explicit dependency on target 'React-Core' in project 'Pods'
    Target 'ExpoKeepAwake' in project 'Pods'
        ➜ Explicit dependency on target 'ExpoModulesCore' in project 'Pods'
    Target 'ExpoFont' in project 'Pods'
        ➜ Explicit dependency on target 'ExpoModulesCore' in project 'Pods'
    Target 'ExpoFileSystem' in project 'Pods'
        ➜ Explicit dependency on target 'ExpoFileSystem-ExpoFileSystem_privacy' in project 'Pods'
        ➜ Explicit dependency on target 'ExpoModulesCore' in project 'Pods'
    Target 'ExpoFileSystem-ExpoFileSystem_privacy' in project 'Pods' (no dependencies)
    Target 'ExpoDomWebView' in project 'Pods'
        ➜ Explicit dependency on target 'ExpoModulesCore' in project 'Pods'
    Target 'ExpoAsset' in project 'Pods'
        ➜ Explicit dependency on target 'ExpoModulesCore' in project 'Pods'
    Target 'Expo' in project 'Pods'
        ➜ Explicit dependency on target 'ExpoModulesCore' in project 'Pods'
        ➜ Explicit dependency on target 'ExpoModulesJSI' in project 'Pods'
        ➜ Explicit dependency on target 'RCTRequired' in project 'Pods'
        ➜ Explicit dependency on target 'RCTTypeSafety' in project 'Pods'
        ➜ Explicit dependency on target 'React-Core' in project 'Pods'
        ➜ Explicit dependency on target 'React-Core-prebuilt' in project 'Pods'
        ➜ Explicit dependency on target 'React-Fabric' in project 'Pods'
        ➜ Explicit dependency on target 'React-ImageManager' in project 'Pods'
        ➜ Explicit dependency on target 'React-NativeModulesApple' in project 'Pods'
        ➜ Explicit dependency on target 'React-RCTAppDelegate' in project 'Pods'
        ➜ Explicit dependency on target 'React-RCTFabric' in project 'Pods'
        ➜ Explicit dependency on target 'React-debug' in project 'Pods'
        ➜ Explicit dependency on target 'React-featureflags' in project 'Pods'
        ➜ Explicit dependency on target 'React-graphics' in project 'Pods'
        ➜ Explicit dependency on target 'React-jsi' in project 'Pods'
        ➜ Explicit dependency on target 'React-renderercss' in project 'Pods'
        ➜ Explicit dependency on target 'React-rendererdebug' in project 'Pods'
        ➜ Explicit dependency on target 'React-utils' in project 'Pods'
        ➜ Explicit dependency on target 'ReactAppDependencyProvider' in project 'Pods'
        ➜ Explicit dependency on target 'ReactCodegen' in project 'Pods'
        ➜ Explicit dependency on target 'ReactCommon' in project 'Pods'
        ➜ Explicit dependency on target 'ReactNativeDependencies' in project 'Pods'
        ➜ Explicit dependency on target 'Yoga' in project 'Pods'
        ➜ Explicit dependency on target 'hermes-engine' in project 'Pods'
    Target 'ReactAppDependencyProvider' in project 'Pods'
        ➜ Explicit dependency on target 'ReactCodegen' in project 'Pods'
    Target 'EXConstants' in project 'Pods'
        ➜ Explicit dependency on target 'EXConstants-EXConstants' in project 'Pods'
        ➜ Explicit dependency on target 'EXConstants-ExpoConstants_privacy' in project 'Pods'
        ➜ Explicit dependency on target 'ExpoModulesCore' in project 'Pods'
    Target 'ExpoModulesCore' in project 'Pods'
        ➜ Explicit dependency on target 'ExpoModulesJSI' in project 'Pods'
        ➜ Explicit dependency on target 'hermes-engine' in project 'Pods'
        ➜ Explicit dependency on target 'RCTRequired' in project 'Pods'
        ➜ Explicit dependency on target 'RCTTypeSafety' in project 'Pods'
        ➜ Explicit dependency on target 'React-Core' in project 'Pods'
        ➜ Explicit dependency on target 'React-Core-prebuilt' in project 'Pods'
        ➜ Explicit dependency on target 'React-debug' in project 'Pods'
        ➜ Explicit dependency on target 'React-Fabric' in project 'Pods'
        ➜ Explicit dependency on target 'React-featureflags' in project 'Pods'
        ➜ Explicit dependency on target 'React-graphics' in project 'Pods'
        ➜ Explicit dependency on target 'React-ImageManager' in project 'Pods'
        ➜ Explicit dependency on target 'React-jsi' in project 'Pods'
        ➜ Explicit dependency on target 'React-jsinspector' in project 'Pods'
        ➜ Explicit dependency on target 'React-NativeModulesApple' in project 'Pods'
        ➜ Explicit dependency on target 'React-RCTFabric' in project 'Pods'
        ➜ Explicit dependency on target 'React-renderercss' in project 'Pods'
        ➜ Explicit dependency on target 'React-rendererdebug' in project 'Pods'
        ➜ Explicit dependency on target 'React-utils' in project 'Pods'
        ➜ Explicit dependency on target 'ReactCodegen' in project 'Pods'
        ➜ Explicit dependency on target 'ReactCommon' in project 'Pods'
        ➜ Explicit dependency on target 'ReactNativeDependencies' in project 'Pods'
        ➜ Explicit dependency on target 'Yoga' in project 'Pods'
    Target 'ReactCodegen' in project 'Pods'
        ➜ Explicit dependency on target 'RCTRequired' in project 'Pods'
        ➜ Explicit dependency on target 'RCTTypeSafety' in project 'Pods'
        ➜ Explicit dependency on target 'React-Core' in project 'Pods'
        ➜ Explicit dependency on target 'React-Core-prebuilt' in project 'Pods'
        ➜ Explicit dependency on target 'React-Fabric' in project 'Pods'
        ➜ Explicit dependency on target 'React-FabricImage' in project 'Pods'
        ➜ Explicit dependency on target 'React-NativeModulesApple' in project 'Pods'
        ➜ Explicit dependency on target 'React-RCTAppDelegate' in project 'Pods'
        ➜ Explicit dependency on target 'React-debug' in project 'Pods'
        ➜ Explicit dependency on target 'React-featureflags' in project 'Pods'
        ➜ Explicit dependency on target 'React-graphics' in project 'Pods'
        ➜ Explicit dependency on target 'React-jsi' in project 'Pods'
        ➜ Explicit dependency on target 'React-jsiexecutor' in project 'Pods'
        ➜ Explicit dependency on target 'React-rendererdebug' in project 'Pods'
        ➜ Explicit dependency on target 'React-utils' in project 'Pods'
        ➜ Explicit dependency on target 'ReactCommon' in project 'Pods'
        ➜ Explicit dependency on target 'ReactNativeDependencies' in project 'Pods'
        ➜ Explicit dependency on target 'hermes-engine' in project 'Pods'
    Target 'React-RCTAppDelegate' in project 'Pods'
        ➜ Explicit dependency on target 'hermes-engine' in project 'Pods'
        ➜ Explicit dependency on target 'RCTRequired' in project 'Pods'
        ➜ Explicit dependency on target 'RCTTypeSafety' in project 'Pods'
        ➜ Explicit dependency on target 'React-Core' in project 'Pods'
        ➜ Explicit dependency on target 'React-Core-prebuilt' in project 'Pods'
        ➜ Explicit dependency on target 'React-CoreModules' in project 'Pods'
        ➜ Explicit dependency on target 'React-debug' in project 'Pods'
        ➜ Explicit dependency on target 'React-defaultsnativemodule' in project 'Pods'
        ➜ Explicit dependency on target 'React-Fabric' in project 'Pods'
        ➜ Explicit dependency on target 'React-featureflags' in project 'Pods'
        ➜ Explicit dependency on target 'React-graphics' in project 'Pods'
        ➜ Explicit dependency on target 'React-hermes' in project 'Pods'
        ➜ Explicit dependency on target 'React-jsitooling' in project 'Pods'
        ➜ Explicit dependency on target 'React-NativeModulesApple' in project 'Pods'
        ➜ Explicit dependency on target 'React-RCTFabric' in project 'Pods'
        ➜ Explicit dependency on target 'React-RCTFBReactNativeSpec' in project 'Pods'
        ➜ Explicit dependency on target 'React-RCTImage' in project 'Pods'
        ➜ Explicit dependency on target 'React-RCTNetwork' in project 'Pods'
        ➜ Explicit dependency on target 'React-RCTRuntime' in project 'Pods'
        ➜ Explicit dependency on target 'React-rendererdebug' in project 'Pods'
        ➜ Explicit dependency on target 'React-RuntimeApple' in project 'Pods'
        ➜ Explicit dependency on target 'React-RuntimeCore' in project 'Pods'
        ➜ Explicit dependency on target 'React-runtimeexecutor' in project 'Pods'
        ➜ Explicit dependency on target 'React-runtimescheduler' in project 'Pods'
        ➜ Explicit dependency on target 'React-utils' in project 'Pods'
        ➜ Explicit dependency on target 'ReactCommon' in project 'Pods'
        ➜ Explicit dependency on target 'ReactNativeDependencies' in project 'Pods'
    Target 'React-RCTRuntime' in project 'Pods'
        ➜ Explicit dependency on target 'hermes-engine' in project 'Pods'
        ➜ Explicit dependency on target 'React-Core' in project 'Pods'
        ➜ Explicit dependency on target 'React-Core-prebuilt' in project 'Pods'
        ➜ Explicit dependency on target 'React-debug' in project 'Pods'
        ➜ Explicit dependency on target 'React-jsi' in project 'Pods'
        ➜ Explicit dependency on target 'React-jsinspector' in project 'Pods'
        ➜ Explicit dependency on target 'React-jsinspectorcdp' in project 'Pods'
        ➜ Explicit dependency on target 'React-jsinspectortracing' in project 'Pods'
        ➜ Explicit dependency on target 'React-jsitooling' in project 'Pods'
        ➜ Explicit dependency on target 'React-RuntimeApple' in project 'Pods'
        ➜ Explicit dependency on target 'React-RuntimeCore' in project 'Pods'
        ➜ Explicit dependency on target 'React-runtimeexecutor' in project 'Pods'
        ➜ Explicit dependency on target 'React-RuntimeHermes' in project 'Pods'
        ➜ Explicit dependency on target 'React-utils' in project 'Pods'
        ➜ Explicit dependency on target 'ReactNativeDependencies' in project 'Pods'
    Target 'React-RuntimeApple' in project 'Pods'
        ➜ Explicit dependency on target 'hermes-engine' in project 'Pods'
        ➜ Explicit dependency on target 'React-callinvoker' in project 'Pods'
        ➜ Explicit dependency on target 'React-Core' in project 'Pods'
        ➜ Explicit dependency on target 'React-Core-prebuilt' in project 'Pods'
        ➜ Explicit dependency on target 'React-CoreModules' in project 'Pods'
        ➜ Explicit dependency on target 'React-cxxreact' in project 'Pods'
        ➜ Explicit dependency on target 'React-featureflags' in project 'Pods'
        ➜ Explicit dependency on target 'React-jserrorhandler' in project 'Pods'
        ➜ Explicit dependency on target 'React-jsi' in project 'Pods'
        ➜ Explicit dependency on target 'React-jsiexecutor' in project 'Pods'
        ➜ Explicit dependency on target 'React-jsinspector' in project 'Pods'
        ➜ Explicit dependency on target 'React-jsitooling' in project 'Pods'
        ➜ Explicit dependency on target 'React-Mapbuffer' in project 'Pods'
        ➜ Explicit dependency on target 'React-NativeModulesApple' in project 'Pods'
        ➜ Explicit dependency on target 'React-RCTFabric' in project 'Pods'
        ➜ Explicit dependency on target 'React-RCTFBReactNativeSpec' in project 'Pods'
        ➜ Explicit dependency on target 'React-RuntimeCore' in project 'Pods'
        ➜ Explicit dependency on target 'React-runtimeexecutor' in project 'Pods'
        ➜ Explicit dependency on target 'React-RuntimeHermes' in project 'Pods'
        ➜ Explicit dependency on target 'React-runtimescheduler' in project 'Pods'
        ➜ Explicit dependency on target 'React-utils' in project 'Pods'
        ➜ Explicit dependency on target 'ReactNativeDependencies' in project 'Pods'
    Target 'React-RuntimeHermes' in project 'Pods'
        ➜ Explicit dependency on target 'hermes-engine' in project 'Pods'
        ➜ Explicit dependency on target 'React-Core-prebuilt' in project 'Pods'
        ➜ Explicit dependency on target 'React-featureflags' in project 'Pods'
        ➜ Explicit dependency on target 'React-hermes' in project 'Pods'
        ➜ Explicit dependency on target 'React-jsi' in project 'Pods'
        ➜ Explicit dependency on target 'React-jsinspector' in project 'Pods'
        ➜ Explicit dependency on target 'React-jsinspectorcdp' in project 'Pods'
        ➜ Explicit dependency on target 'React-jsinspectortracing' in project 'Pods'
        ➜ Explicit dependency on target 'React-jsitooling' in project 'Pods'
        ➜ Explicit dependency on target 'React-jsitracing' in project 'Pods'
        ➜ Explicit dependency on target 'React-RuntimeCore' in project 'Pods'
        ➜ Explicit dependency on target 'React-runtimeexecutor' in project 'Pods'
        ➜ Explicit dependency on target 'React-utils' in project 'Pods'
        ➜ Explicit dependency on target 'ReactNativeDependencies' in project 'Pods'
    Target 'React-jsitracing' in project 'Pods'
        ➜ Explicit dependency on target 'React-jsi' in project 'Pods'
    Target 'React-RuntimeCore' in project 'Pods'
        ➜ Explicit dependency on target 'hermes-engine' in project 'Pods'
        ➜ Explicit dependency on target 'React-Core-prebuilt' in project 'Pods'
        ➜ Explicit dependency on target 'React-cxxreact' in project 'Pods'
        ➜ Explicit dependency on target 'React-Fabric' in project 'Pods'
        ➜ Explicit dependency on target 'React-featureflags' in project 'Pods'
        ➜ Explicit dependency on target 'React-jserrorhandler' in project 'Pods'
        ➜ Explicit dependency on target 'React-jsi' in project 'Pods'
        ➜ Explicit dependency on target 'React-jsiexecutor' in project 'Pods'
        ➜ Explicit dependency on target 'React-jsinspector' in project 'Pods'
        ➜ Explicit dependency on target 'React-jsitooling' in project 'Pods'
        ➜ Explicit dependency on target 'React-performancetimeline' in project 'Pods'
        ➜ Explicit dependency on target 'React-runtimeexecutor' in project 'Pods'
        ➜ Explicit dependency on target 'React-runtimescheduler' in project 'Pods'
        ➜ Explicit dependency on target 'React-utils' in project 'Pods'
        ➜ Explicit dependency on target 'ReactNativeDependencies' in project 'Pods'
    Target 'React-Mapbuffer' in project 'Pods'
        ➜ Explicit dependency on target 'React-Core-prebuilt' in project 'Pods'
        ➜ Explicit dependency on target 'React-debug' in project 'Pods'
        ➜ Explicit dependency on target 'ReactNativeDependencies' in project 'Pods'
    Target 'React-defaultsnativemodule' in project 'Pods'
        ➜ Explicit dependency on target 'hermes-engine' in project 'Pods'
        ➜ Explicit dependency on target 'React-Core-prebuilt' in project 'Pods'
        ➜ Explicit dependency on target 'React-domnativemodule' in project 'Pods'
        ➜ Explicit dependency on target 'React-Fabric' in project 'Pods'
        ➜ Explicit dependency on target 'React-featureflags' in project 'Pods'
        ➜ Explicit dependency on target 'React-featureflagsnativemodule' in project 'Pods'
        ➜ Explicit dependency on target 'React-idlecallbacksnativemodule' in project 'Pods'
        ➜ Explicit dependency on target 'React-intersectionobservernativemodule' in project 'Pods'
        ➜ Explicit dependency on target 'React-jsi' in project 'Pods'
        ➜ Explicit dependency on target 'React-jsiexecutor' in project 'Pods'
        ➜ Explicit dependency on target 'React-microtasksnativemodule' in project 'Pods'
        ➜ Explicit dependency on target 'React-mutationobservernativemodule' in project 'Pods'
        ➜ Explicit dependency on target 'React-RCTFBReactNativeSpec' in project 'Pods'
        ➜ Explicit dependency on target 'React-viewtransitionnativemodule' in project 'Pods'
        ➜ Explicit dependency on target 'React-webperformancenativemodule' in project 'Pods'
        ➜ Explicit dependency on target 'ReactNativeDependencies' in project 'Pods'
        ➜ Explicit dependency on target 'Yoga' in project 'Pods'
    Target 'React-webperformancenativemodule' in project 'Pods'
        ➜ Explicit dependency on target 'hermes-engine' in project 'Pods'
        ➜ Explicit dependency on target 'React-Core-prebuilt' in project 'Pods'
        ➜ Explicit dependency on target 'React-cxxreact' in project 'Pods'
        ➜ Explicit dependency on target 'React-jsi' in project 'Pods'
        ➜ Explicit dependency on target 'React-jsiexecutor' in project 'Pods'
        ➜ Explicit dependency on target 'React-performancetimeline' in project 'Pods'
        ➜ Explicit dependency on target 'React-RCTFBReactNativeSpec' in project 'Pods'
        ➜ Explicit dependency on target 'React-runtimeexecutor' in project 'Pods'
        ➜ Explicit dependency on target 'ReactCommon' in project 'Pods'
        ➜ Explicit dependency on target 'ReactNativeDependencies' in project 'Pods'
    Target 'React-viewtransitionnativemodule' in project 'Pods'
        ➜ Explicit dependency on target 'hermes-engine' in project 'Pods'
        ➜ Explicit dependency on target 'React-Core-prebuilt' in project 'Pods'
        ➜ Explicit dependency on target 'React-Fabric' in project 'Pods'
        ➜ Explicit dependency on target 'React-jsi' in project 'Pods'
        ➜ Explicit dependency on target 'React-jsiexecutor' in project 'Pods'
        ➜ Explicit dependency on target 'React-RCTFBReactNativeSpec' in project 'Pods'
        ➜ Explicit dependency on target 'React-runtimeexecutor' in project 'Pods'
        ➜ Explicit dependency on target 'ReactCommon' in project 'Pods'
        ➜ Explicit dependency on target 'ReactNativeDependencies' in project 'Pods'
        ➜ Explicit dependency on target 'Yoga' in project 'Pods'
    Target 'React-mutationobservernativemodule' in project 'Pods'
        ➜ Explicit dependency on target 'hermes-engine' in project 'Pods'
        ➜ Explicit dependency on target 'React-Core-prebuilt' in project 'Pods'
        ➜ Explicit dependency on target 'React-cxxreact' in project 'Pods'
        ➜ Explicit dependency on target 'React-Fabric' in project 'Pods'
        ➜ Explicit dependency on target 'React-featureflags' in project 'Pods'
        ➜ Explicit dependency on target 'React-jsi' in project 'Pods'
        ➜ Explicit dependency on target 'React-jsiexecutor' in project 'Pods'
        ➜ Explicit dependency on target 'React-RCTFBReactNativeSpec' in project 'Pods'
        ➜ Explicit dependency on target 'React-runtimeexecutor' in project 'Pods'
        ➜ Explicit dependency on target 'ReactCommon' in project 'Pods'
        ➜ Explicit dependency on target 'ReactNativeDependencies' in project 'Pods'
        ➜ Explicit dependency on target 'Yoga' in project 'Pods'
    Target 'React-microtasksnativemodule' in project 'Pods'
        ➜ Explicit dependency on target 'hermes-engine' in project 'Pods'
        ➜ Explicit dependency on target 'React-Core-prebuilt' in project 'Pods'
        ➜ Explicit dependency on target 'React-jsi' in project 'Pods'
        ➜ Explicit dependency on target 'React-jsiexecutor' in project 'Pods'
        ➜ Explicit dependency on target 'React-RCTFBReactNativeSpec' in project 'Pods'
        ➜ Explicit dependency on target 'ReactCommon' in project 'Pods'
        ➜ Explicit dependency on target 'ReactNativeDependencies' in project 'Pods'
    Target 'React-intersectionobservernativemodule' in project 'Pods'
        ➜ Explicit dependency on target 'hermes-engine' in project 'Pods'
        ➜ Explicit dependency on target 'React-Core-prebuilt' in project 'Pods'
        ➜ Explicit dependency on target 'React-cxxreact' in project 'Pods'
        ➜ Explicit dependency on target 'React-Fabric' in project 'Pods'
        ➜ Explicit dependency on target 'React-graphics' in project 'Pods'
        ➜ Explicit dependency on target 'React-jsi' in project 'Pods'
        ➜ Explicit dependency on target 'React-jsiexecutor' in project 'Pods'
        ➜ Explicit dependency on target 'React-RCTFBReactNativeSpec' in project 'Pods'
        ➜ Explicit dependency on target 'React-runtimeexecutor' in project 'Pods'
        ➜ Explicit dependency on target 'React-runtimescheduler' in project 'Pods'
        ➜ Explicit dependency on target 'ReactCommon' in project 'Pods'
        ➜ Explicit dependency on target 'ReactNativeDependencies' in project 'Pods'
        ➜ Explicit dependency on target 'Yoga' in project 'Pods'
    Target 'React-idlecallbacksnativemodule' in project 'Pods'
        ➜ Explicit dependency on target 'hermes-engine' in project 'Pods'
        ➜ Explicit dependency on target 'React-Core-prebuilt' in project 'Pods'
        ➜ Explicit dependency on target 'React-jsi' in project 'Pods'
        ➜ Explicit dependency on target 'React-jsiexecutor' in project 'Pods'
        ➜ Explicit dependency on target 'React-RCTFBReactNativeSpec' in project 'Pods'
        ➜ Explicit dependency on target 'React-runtimeexecutor' in project 'Pods'
        ➜ Explicit dependency on target 'React-runtimescheduler' in project 'Pods'
        ➜ Explicit dependency on target 'ReactCommon' in project 'Pods'
        ➜ Explicit dependency on target 'ReactNativeDependencies' in project 'Pods'
    Target 'React-featureflagsnativemodule' in project 'Pods'
        ➜ Explicit dependency on target 'hermes-engine' in project 'Pods'
        ➜ Explicit dependency on target 'React-Core-prebuilt' in project 'Pods'
        ➜ Explicit dependency on target 'React-featureflags' in project 'Pods'
        ➜ Explicit dependency on target 'React-jsi' in project 'Pods'
        ➜ Explicit dependency on target 'React-jsiexecutor' in project 'Pods'
        ➜ Explicit dependency on target 'React-RCTFBReactNativeSpec' in project 'Pods'
        ➜ Explicit dependency on target 'ReactCommon' in project 'Pods'
        ➜ Explicit dependency on target 'ReactNativeDependencies' in project 'Pods'
    Target 'React-domnativemodule' in project 'Pods'
        ➜ Explicit dependency on target 'hermes-engine' in project 'Pods'
        ➜ Explicit dependency on target 'React-Core-prebuilt' in project 'Pods'
        ➜ Explicit dependency on target 'React-Fabric' in project 'Pods'
        ➜ Explicit dependency on target 'React-FabricComponents' in project 'Pods'
        ➜ Explicit dependency on target 'React-graphics' in project 'Pods'
        ➜ Explicit dependency on target 'React-jsi' in project 'Pods'
        ➜ Explicit dependency on target 'React-jsiexecutor' in project 'Pods'
        ➜ Explicit dependency on target 'React-RCTFBReactNativeSpec' in project 'Pods'
        ➜ Explicit dependency on target 'React-runtimeexecutor' in project 'Pods'
        ➜ Explicit dependency on target 'ReactCommon' in project 'Pods'
        ➜ Explicit dependency on target 'ReactNativeDependencies' in project 'Pods'
        ➜ Explicit dependency on target 'Yoga' in project 'Pods'
    Target 'React-CoreModules' in project 'Pods'
        ➜ Explicit dependency on target 'RCTTypeSafety' in project 'Pods'
        ➜ Explicit dependency on target 'React-Core' in project 'Pods'
        ➜ Explicit dependency on target 'React-Core-prebuilt' in project 'Pods'
        ➜ Explicit dependency on target 'React-debug' in project 'Pods'
        ➜ Explicit dependency on target 'React-featureflags' in project 'Pods'
        ➜ Explicit dependency on target 'React-jsi' in project 'Pods'
        ➜ Explicit dependency on target 'React-jsinspector' in project 'Pods'
        ➜ Explicit dependency on target 'React-jsinspectorcdp' in project 'Pods'
        ➜ Explicit dependency on target 'React-jsinspectortracing' in project 'Pods'
        ➜ Explicit dependency on target 'React-NativeModulesApple' in project 'Pods'
        ➜ Explicit dependency on target 'React-RCTBlob' in project 'Pods'
        ➜ Explicit dependency on target 'React-RCTFBReactNativeSpec' in project 'Pods'
        ➜ Explicit dependency on target 'React-RCTImage' in project 'Pods'
        ➜ Explicit dependency on target 'React-runtimeexecutor' in project 'Pods'
        ➜ Explicit dependency on target 'React-utils' in project 'Pods'
        ➜ Explicit dependency on target 'ReactCommon' in project 'Pods'
        ➜ Explicit dependency on target 'ReactNativeDependencies' in project 'Pods'
    Target 'React-RCTBlob' in project 'Pods'
        ➜ Explicit dependency on target 'hermes-engine' in project 'Pods'
        ➜ Explicit dependency on target 'React-Core' in project 'Pods'
        ➜ Explicit dependency on target 'React-Core-prebuilt' in project 'Pods'
        ➜ Explicit dependency on target 'React-jsi' in project 'Pods'
        ➜ Explicit dependency on target 'React-jsinspector' in project 'Pods'
        ➜ Explicit dependency on target 'React-jsinspectorcdp' in project 'Pods'
        ➜ Explicit dependency on target 'React-NativeModulesApple' in project 'Pods'
        ➜ Explicit dependency on target 'React-RCTFBReactNativeSpec' in project 'Pods'
        ➜ Explicit dependency on target 'React-RCTNetwork' in project 'Pods'
        ➜ Explicit dependency on target 'ReactCommon' in project 'Pods'
        ➜ Explicit dependency on target 'ReactNativeDependencies' in project 'Pods'
    Target 'React-RCTFabric' in project 'Pods'
        ➜ Explicit dependency on target 'hermes-engine' in project 'Pods'
        ➜ Explicit dependency on target 'RCTSwiftUIWrapper' in project 'Pods'
        ➜ Explicit dependency on target 'React-Core' in project 'Pods'
        ➜ Explicit dependency on target 'React-Core-prebuilt' in project 'Pods'
        ➜ Explicit dependency on target 'React-debug' in project 'Pods'
        ➜ Explicit dependency on target 'React-Fabric' in project 'Pods'
        ➜ Explicit dependency on target 'React-FabricComponents' in project 'Pods'
        ➜ Explicit dependency on target 'React-FabricImage' in project 'Pods'
        ➜ Explicit dependency on target 'React-featureflags' in project 'Pods'
        ➜ Explicit dependency on target 'React-graphics' in project 'Pods'
        ➜ Explicit dependency on target 'React-ImageManager' in project 'Pods'
        ➜ Explicit dependency on target 'React-jsi' in project 'Pods'
        ➜ Explicit dependency on target 'React-jsinspector' in project 'Pods'
        ➜ Explicit dependency on target 'React-jsinspectorcdp' in project 'Pods'
        ➜ Explicit dependency on target 'React-jsinspectortracing' in project 'Pods'
        ➜ Explicit dependency on target 'React-networking' in project 'Pods'
        ➜ Explicit dependency on target 'React-performancecdpmetrics' in project 'Pods'
        ➜ Explicit dependency on target 'React-performancetimeline' in project 'Pods'
        ➜ Explicit dependency on target 'React-RCTAnimation' in project 'Pods'
        ➜ Explicit dependency on target 'React-RCTFBReactNativeSpec' in project 'Pods'
        ➜ Explicit dependency on target 'React-RCTImage' in project 'Pods'
        ➜ Explicit dependency on target 'React-RCTText' in project 'Pods'
        ➜ Explicit dependency on target 'React-rendererconsistency' in project 'Pods'
        ➜ Explicit dependency on target 'React-renderercss' in project 'Pods'
        ➜ Explicit dependency on target 'React-rendererdebug' in project 'Pods'
        ➜ Explicit dependency on target 'React-runtimeexecutor' in project 'Pods'
        ➜ Explicit dependency on target 'React-runtimescheduler' in project 'Pods'
        ➜ Explicit dependency on target 'React-utils' in project 'Pods'
        ➜ Explicit dependency on target 'ReactNativeDependencies' in project 'Pods'
        ➜ Explicit dependency on target 'Yoga' in project 'Pods'
    Target 'React-RCTText' in project 'Pods'
        ➜ Explicit dependency on target 'React-Core' in project 'Pods'
        ➜ Explicit dependency on target 'Yoga' in project 'Pods'
    Target 'React-RCTImage' in project 'Pods'
        ➜ Explicit dependency on target 'RCTTypeSafety' in project 'Pods'
        ➜ Explicit dependency on target 'React-Core' in project 'Pods'
        ➜ Explicit dependency on target 'React-Core-prebuilt' in project 'Pods'
        ➜ Explicit dependency on target 'React-jsi' in project 'Pods'
        ➜ Explicit dependency on target 'React-NativeModulesApple' in project 'Pods'
        ➜ Explicit dependency on target 'React-RCTFBReactNativeSpec' in project 'Pods'
        ➜ Explicit dependency on target 'React-RCTNetwork' in project 'Pods'
        ➜ Explicit dependency on target 'ReactCommon' in project 'Pods'
        ➜ Explicit dependency on target 'ReactNativeDependencies' in project 'Pods'
    Target 'React-RCTNetwork' in project 'Pods'
        ➜ Explicit dependency on target 'RCTTypeSafety' in project 'Pods'
        ➜ Explicit dependency on target 'React-Core' in project 'Pods'
        ➜ Explicit dependency on target 'React-Core-prebuilt' in project 'Pods'
        ➜ Explicit dependency on target 'React-debug' in project 'Pods'
        ➜ Explicit dependency on target 'React-featureflags' in project 'Pods'
        ➜ Explicit dependency on target 'React-jsi' in project 'Pods'
        ➜ Explicit dependency on target 'React-jsinspectorcdp' in project 'Pods'
        ➜ Explicit dependency on target 'React-jsinspectornetwork' in project 'Pods'
        ➜ Explicit dependency on target 'React-NativeModulesApple' in project 'Pods'
        ➜ Explicit dependency on target 'React-networking' in project 'Pods'
        ➜ Explicit dependency on target 'React-RCTFBReactNativeSpec' in project 'Pods'
        ➜ Explicit dependency on target 'ReactCommon' in project 'Pods'
        ➜ Explicit dependency on target 'ReactNativeDependencies' in project 'Pods'
    Target 'React-RCTAnimation' in project 'Pods'
        ➜ Explicit dependency on target 'RCTTypeSafety' in project 'Pods'
        ➜ Explicit dependency on target 'React-Core' in project 'Pods'
        ➜ Explicit dependency on target 'React-Core-prebuilt' in project 'Pods'
        ➜ Explicit dependency on target 'React-debug' in project 'Pods'
        ➜ Explicit dependency on target 'React-featureflags' in project 'Pods'
        ➜ Explicit dependency on target 'React-jsi' in project 'Pods'
        ➜ Explicit dependency on target 'React-NativeModulesApple' in project 'Pods'
        ➜ Explicit dependency on target 'React-RCTFBReactNativeSpec' in project 'Pods'
        ➜ Explicit dependency on target 'ReactCommon' in project 'Pods'
        ➜ Explicit dependency on target 'ReactNativeDependencies' in project 'Pods'
    Target 'React-networking' in project 'Pods'
        ➜ Explicit dependency on target 'React-Core-prebuilt' in project 'Pods'
        ➜ Explicit dependency on target 'React-jsinspectornetwork' in project 'Pods'
        ➜ Explicit dependency on target 'React-jsinspectortracing' in project 'Pods'
        ➜ Explicit dependency on target 'React-performancetimeline' in project 'Pods'
        ➜ Explicit dependency on target 'React-timing' in project 'Pods'
        ➜ Explicit dependency on target 'ReactNativeDependencies' in project 'Pods'
    Target 'React-FabricImage' in project 'Pods'
        ➜ Explicit dependency on target 'hermes-engine' in project 'Pods'
        ➜ Explicit dependency on target 'RCTRequired' in project 'Pods'
        ➜ Explicit dependency on target 'RCTTypeSafety' in project 'Pods'
        ➜ Explicit dependency on target 'React-Core-prebuilt' in project 'Pods'
        ➜ Explicit dependency on target 'React-Fabric' in project 'Pods'
        ➜ Explicit dependency on target 'React-featureflags' in project 'Pods'
        ➜ Explicit dependency on target 'React-graphics' in project 'Pods'
        ➜ Explicit dependency on target 'React-ImageManager' in project 'Pods'
        ➜ Explicit dependency on target 'React-jsi' in project 'Pods'
        ➜ Explicit dependency on target 'React-jsiexecutor' in project 'Pods'
        ➜ Explicit dependency on target 'React-logger' in project 'Pods'
        ➜ Explicit dependency on target 'React-rendererdebug' in project 'Pods'
        ➜ Explicit dependency on target 'React-utils' in project 'Pods'
        ➜ Explicit dependency on target 'ReactCommon' in project 'Pods'
        ➜ Explicit dependency on target 'ReactNativeDependencies' in project 'Pods'
        ➜ Explicit dependency on target 'Yoga' in project 'Pods'
    Target 'React-FabricComponents' in project 'Pods'
        ➜ Explicit dependency on target 'hermes-engine' in project 'Pods'
        ➜ Explicit dependency on target 'RCTRequired' in project 'Pods'
        ➜ Explicit dependency on target 'RCTTypeSafety' in project 'Pods'
        ➜ Explicit dependency on target 'React-Core' in project 'Pods'
        ➜ Explicit dependency on target 'React-Core-prebuilt' in project 'Pods'
        ➜ Explicit dependency on target 'React-cxxreact' in project 'Pods'
        ➜ Explicit dependency on target 'React-debug' in project 'Pods'
        ➜ Explicit dependency on target 'React-Fabric' in project 'Pods'
        ➜ Explicit dependency on target 'React-featureflags' in project 'Pods'
        ➜ Explicit dependency on target 'React-graphics' in project 'Pods'
        ➜ Explicit dependency on target 'React-jsi' in project 'Pods'
        ➜ Explicit dependency on target 'React-jsiexecutor' in project 'Pods'
        ➜ Explicit dependency on target 'React-logger' in project 'Pods'
        ➜ Explicit dependency on target 'React-RCTFBReactNativeSpec' in project 'Pods'
        ➜ Explicit dependency on target 'React-rendererdebug' in project 'Pods'
        ➜ Explicit dependency on target 'React-runtimescheduler' in project 'Pods'
        ➜ Explicit dependency on target 'React-utils' in project 'Pods'
        ➜ Explicit dependency on target 'ReactCommon' in project 'Pods'
        ➜ Explicit dependency on target 'ReactNativeDependencies' in project 'Pods'
        ➜ Explicit dependency on target 'Yoga' in project 'Pods'
    Target 'React-RCTFBReactNativeSpec' in project 'Pods'
        ➜ Explicit dependency on target 'hermes-engine' in project 'Pods'
        ➜ Explicit dependency on target 'RCTRequired' in project 'Pods'
        ➜ Explicit dependency on target 'RCTTypeSafety' in project 'Pods'
        ➜ Explicit dependency on target 'React-Core' in project 'Pods'
        ➜ Explicit dependency on target 'React-Core-prebuilt' in project 'Pods'
        ➜ Explicit dependency on target 'React-debug' in project 'Pods'
        ➜ Explicit dependency on target 'React-Fabric' in project 'Pods'
        ➜ Explicit dependency on target 'React-featureflags' in project 'Pods'
        ➜ Explicit dependency on target 'React-graphics' in project 'Pods'
        ➜ Explicit dependency on target 'React-jsi' in project 'Pods'
        ➜ Explicit dependency on target 'React-NativeModulesApple' in project 'Pods'
        ➜ Explicit dependency on target 'React-rendererdebug' in project 'Pods'
        ➜ Explicit dependency on target 'React-utils' in project 'Pods'
        ➜ Explicit dependency on target 'ReactCommon' in project 'Pods'
        ➜ Explicit dependency on target 'ReactNativeDependencies' in project 'Pods'
        ➜ Explicit dependency on target 'Yoga' in project 'Pods'
    Target 'RCTSwiftUIWrapper' in project 'Pods'
        ➜ Explicit dependency on target 'RCTSwiftUI' in project 'Pods'
    Target 'RCTSwiftUI' in project 'Pods' (no dependencies)
    Target 'React-NativeModulesApple' in project 'Pods'
        ➜ Explicit dependency on target 'hermes-engine' in project 'Pods'
        ➜ Explicit dependency on target 'React-callinvoker' in project 'Pods'
        ➜ Explicit dependency on target 'React-Core' in project 'Pods'
        ➜ Explicit dependency on target 'React-Core-prebuilt' in project 'Pods'
        ➜ Explicit dependency on target 'React-cxxreact' in project 'Pods'
        ➜ Explicit dependency on target 'React-debug' in project 'Pods'
        ➜ Explicit dependency on target 'React-featureflags' in project 'Pods'
        ➜ Explicit dependency on target 'React-jsi' in project 'Pods'
        ➜ Explicit dependency on target 'React-jsinspector' in project 'Pods'
        ➜ Explicit dependency on target 'React-jsinspectorcdp' in project 'Pods'
        ➜ Explicit dependency on target 'React-runtimeexecutor' in project 'Pods'
        ➜ Explicit dependency on target 'ReactCommon' in project 'Pods'
        ➜ Explicit dependency on target 'ReactNativeDependencies' in project 'Pods'
    Target 'React-ImageManager' in project 'Pods'
        ➜ Explicit dependency on target 'React-Core' in project 'Pods'
        ➜ Explicit dependency on target 'React-Core-prebuilt' in project 'Pods'
        ➜ Explicit dependency on target 'React-debug' in project 'Pods'
        ➜ Explicit dependency on target 'React-Fabric' in project 'Pods'
        ➜ Explicit dependency on target 'React-graphics' in project 'Pods'
        ➜ Explicit dependency on target 'React-rendererdebug' in project 'Pods'
        ➜ Explicit dependency on target 'React-utils' in project 'Pods'
        ➜ Explicit dependency on target 'ReactNativeDependencies' in project 'Pods'
    Target 'React-Fabric' in project 'Pods'
        ➜ Explicit dependency on target 'hermes-engine' in project 'Pods'
        ➜ Explicit dependency on target 'RCTRequired' in project 'Pods'
        ➜ Explicit dependency on target 'RCTTypeSafety' in project 'Pods'
        ➜ Explicit dependency on target 'React-Core' in project 'Pods'
        ➜ Explicit dependency on target 'React-Core-prebuilt' in project 'Pods'
        ➜ Explicit dependency on target 'React-cxxreact' in project 'Pods'
        ➜ Explicit dependency on target 'React-debug' in project 'Pods'
        ➜ Explicit dependency on target 'React-featureflags' in project 'Pods'
        ➜ Explicit dependency on target 'React-graphics' in project 'Pods'
        ➜ Explicit dependency on target 'React-jsi' in project 'Pods'
        ➜ Explicit dependency on target 'React-jsiexecutor' in project 'Pods'
        ➜ Explicit dependency on target 'React-jsinspectortracing' in project 'Pods'
        ➜ Explicit dependency on target 'React-logger' in project 'Pods'
        ➜ Explicit dependency on target 'React-performancecdpmetrics' in project 'Pods'
        ➜ Explicit dependency on target 'React-performancetimeline' in project 'Pods'
        ➜ Explicit dependency on target 'React-rendererconsistency' in project 'Pods'
        ➜ Explicit dependency on target 'React-renderercss' in project 'Pods'
        ➜ Explicit dependency on target 'React-rendererdebug' in project 'Pods'
        ➜ Explicit dependency on target 'React-runtimeexecutor' in project 'Pods'
        ➜ Explicit dependency on target 'React-runtimescheduler' in project 'Pods'
        ➜ Explicit dependency on target 'React-utils' in project 'Pods'
        ➜ Explicit dependency on target 'ReactCommon' in project 'Pods'
        ➜ Explicit dependency on target 'ReactNativeDependencies' in project 'Pods'
        ➜ Explicit dependency on target 'Yoga' in project 'Pods'
    Target 'React-renderercss' in project 'Pods'
        ➜ Explicit dependency on target 'React-debug' in project 'Pods'
        ➜ Explicit dependency on target 'React-utils' in project 'Pods'
    Target 'React-performancecdpmetrics' in project 'Pods'
        ➜ Explicit dependency on target 'hermes-engine' in project 'Pods'
        ➜ Explicit dependency on target 'React-Core-prebuilt' in project 'Pods'
        ➜ Explicit dependency on target 'React-jsi' in project 'Pods'
        ➜ Explicit dependency on target 'React-performancetimeline' in project 'Pods'
        ➜ Explicit dependency on target 'React-runtimeexecutor' in project 'Pods'
        ➜ Explicit dependency on target 'React-timing' in project 'Pods'
        ➜ Explicit dependency on target 'ReactNativeDependencies' in project 'Pods'
    Target 'React-graphics' in project 'Pods'
        ➜ Explicit dependency on target 'hermes-engine' in project 'Pods'
        ➜ Explicit dependency on target 'React-Core-prebuilt' in project 'Pods'
        ➜ Explicit dependency on target 'React-featureflags' in project 'Pods'
        ➜ Explicit dependency on target 'React-jsi' in project 'Pods'
        ➜ Explicit dependency on target 'React-jsiexecutor' in project 'Pods'
        ➜ Explicit dependency on target 'React-rendererdebug' in project 'Pods'
        ➜ Explicit dependency on target 'React-utils' in project 'Pods'
        ➜ Explicit dependency on target 'ReactNativeDependencies' in project 'Pods'
    Target 'RCTTypeSafety' in project 'Pods'
        ➜ Explicit dependency on target 'FBLazyVector' in project 'Pods'
        ➜ Explicit dependency on target 'RCTRequired' in project 'Pods'
        ➜ Explicit dependency on target 'React-Core' in project 'Pods'
    Target 'FBLazyVector' in project 'Pods' (no dependencies)
    Target 'RCTRequired' in project 'Pods' (no dependencies)
    Target 'ExpoModulesJSI' in project 'Pods'
        ➜ Explicit dependency on target 'React-Core' in project 'Pods'
        ➜ Explicit dependency on target 'ReactCommon' in project 'Pods'
    Target 'React-Core' in project 'Pods'
        ➜ Explicit dependency on target 'hermes-engine' in project 'Pods'
        ➜ Explicit dependency on target 'RCTDeprecation' in project 'Pods'
        ➜ Explicit dependency on target 'React-Core-prebuilt' in project 'Pods'
        ➜ Explicit dependency on target 'React-Core-React-Core_privacy' in project 'Pods'
        ➜ Explicit dependency on target 'React-cxxreact' in project 'Pods'
        ➜ Explicit dependency on target 'React-featureflags' in project 'Pods'
        ➜ Explicit dependency on target 'React-hermes' in project 'Pods'
        ➜ Explicit dependency on target 'React-jsi' in project 'Pods'
        ➜ Explicit dependency on target 'React-jsiexecutor' in project 'Pods'
        ➜ Explicit dependency on target 'React-jsinspector' in project 'Pods'
        ➜ Explicit dependency on target 'React-jsinspectorcdp' in project 'Pods'
        ➜ Explicit dependency on target 'React-jsitooling' in project 'Pods'
        ➜ Explicit dependency on target 'React-perflogger' in project 'Pods'
        ➜ Explicit dependency on target 'React-runtimeexecutor' in project 'Pods'
        ➜ Explicit dependency on target 'React-runtimescheduler' in project 'Pods'
        ➜ Explicit dependency on target 'React-utils' in project 'Pods'
        ➜ Explicit dependency on target 'ReactNativeDependencies' in project 'Pods'
        ➜ Explicit dependency on target 'Yoga' in project 'Pods'
    Target 'Yoga' in project 'Pods' (no dependencies)
    Target 'React-runtimescheduler' in project 'Pods'
        ➜ Explicit dependency on target 'hermes-engine' in project 'Pods'
        ➜ Explicit dependency on target 'React-callinvoker' in project 'Pods'
        ➜ Explicit dependency on target 'React-Core-prebuilt' in project 'Pods'
        ➜ Explicit dependency on target 'React-cxxreact' in project 'Pods'
        ➜ Explicit dependency on target 'React-debug' in project 'Pods'
        ➜ Explicit dependency on target 'React-featureflags' in project 'Pods'
        ➜ Explicit dependency on target 'React-jsi' in project 'Pods'
        ➜ Explicit dependency on target 'React-jsinspectortracing' in project 'Pods'
        ➜ Explicit dependency on target 'React-performancetimeline' in project 'Pods'
        ➜ Explicit dependency on target 'React-rendererconsistency' in project 'Pods'
        ➜ Explicit dependency on target 'React-rendererdebug' in project 'Pods'
        ➜ Explicit dependency on target 'React-runtimeexecutor' in project 'Pods'
        ➜ Explicit dependency on target 'React-timing' in project 'Pods'
        ➜ Explicit dependency on target 'React-utils' in project 'Pods'
        ➜ Explicit dependency on target 'ReactNativeDependencies' in project 'Pods'
    Target 'React-rendererdebug' in project 'Pods'
        ➜ Explicit dependency on target 'React-Core-prebuilt' in project 'Pods'
        ➜ Explicit dependency on target 'React-debug' in project 'Pods'
        ➜ Explicit dependency on target 'ReactNativeDependencies' in project 'Pods'
    Target 'React-rendererconsistency' in project 'Pods' (no dependencies)
    Target 'React-performancetimeline' in project 'Pods'
        ➜ Explicit dependency on target 'React-Core-prebuilt' in project 'Pods'
        ➜ Explicit dependency on target 'React-featureflags' in project 'Pods'
        ➜ Explicit dependency on target 'React-jsinspector' in project 'Pods'
        ➜ Explicit dependency on target 'React-jsinspectortracing' in project 'Pods'
        ➜ Explicit dependency on target 'React-perflogger' in project 'Pods'
        ➜ Explicit dependency on target 'React-timing' in project 'Pods'
        ➜ Explicit dependency on target 'ReactNativeDependencies' in project 'Pods'
    Target 'React-hermes' in project 'Pods'
        ➜ Explicit dependency on target 'hermes-engine' in project 'Pods'
        ➜ Explicit dependency on target 'React-Core-prebuilt' in project 'Pods'
        ➜ Explicit dependency on target 'React-cxxreact' in project 'Pods'
        ➜ Explicit dependency on target 'React-jsi' in project 'Pods'
        ➜ Explicit dependency on target 'React-jsiexecutor' in project 'Pods'
        ➜ Explicit dependency on target 'React-jsinspector' in project 'Pods'
        ➜ Explicit dependency on target 'React-jsinspectorcdp' in project 'Pods'
        ➜ Explicit dependency on target 'React-jsinspectortracing' in project 'Pods'
        ➜ Explicit dependency on target 'React-jsitooling' in project 'Pods'
        ➜ Explicit dependency on target 'React-oscompat' in project 'Pods'
        ➜ Explicit dependency on target 'React-perflogger' in project 'Pods'
        ➜ Explicit dependency on target 'React-runtimeexecutor' in project 'Pods'
        ➜ Explicit dependency on target 'ReactNativeDependencies' in project 'Pods'
    Target 'React-jsiexecutor' in project 'Pods'
        ➜ Explicit dependency on target 'hermes-engine' in project 'Pods'
        ➜ Explicit dependency on target 'React-Core-prebuilt' in project 'Pods'
        ➜ Explicit dependency on target 'React-cxxreact' in project 'Pods'
        ➜ Explicit dependency on target 'React-debug' in project 'Pods'
        ➜ Explicit dependency on target 'React-jserrorhandler' in project 'Pods'
        ➜ Explicit dependency on target 'React-jsi' in project 'Pods'
        ➜ Explicit dependency on target 'React-jsinspector' in project 'Pods'
        ➜ Explicit dependency on target 'React-jsinspectorcdp' in project 'Pods'
        ➜ Explicit dependency on target 'React-jsinspectortracing' in project 'Pods'
        ➜ Explicit dependency on target 'React-jsitooling' in project 'Pods'
        ➜ Explicit dependency on target 'React-perflogger' in project 'Pods'
        ➜ Explicit dependency on target 'React-runtimeexecutor' in project 'Pods'
        ➜ Explicit dependency on target 'React-utils' in project 'Pods'
        ➜ Explicit dependency on target 'ReactNativeDependencies' in project 'Pods'
    Target 'React-jsitooling' in project 'Pods'
        ➜ Explicit dependency on target 'hermes-engine' in project 'Pods'
        ➜ Explicit dependency on target 'React-Core-prebuilt' in project 'Pods'
        ➜ Explicit dependency on target 'React-cxxreact' in project 'Pods'
        ➜ Explicit dependency on target 'React-debug' in project 'Pods'
        ➜ Explicit dependency on target 'React-jsi' in project 'Pods'
        ➜ Explicit dependency on target 'React-jsinspector' in project 'Pods'
        ➜ Explicit dependency on target 'React-jsinspectorcdp' in project 'Pods'
        ➜ Explicit dependency on target 'React-jsinspectortracing' in project 'Pods'
        ➜ Explicit dependency on target 'React-runtimeexecutor' in project 'Pods'
        ➜ Explicit dependency on target 'React-utils' in project 'Pods'
        ➜ Explicit dependency on target 'ReactNativeDependencies' in project 'Pods'
    Target 'React-jserrorhandler' in project 'Pods'
        ➜ Explicit dependency on target 'hermes-engine' in project 'Pods'
        ➜ Explicit dependency on target 'React-Core-prebuilt' in project 'Pods'
        ➜ Explicit dependency on target 'React-cxxreact' in project 'Pods'
        ➜ Explicit dependency on target 'React-debug' in project 'Pods'
        ➜ Explicit dependency on target 'React-featureflags' in project 'Pods'
        ➜ Explicit dependency on target 'React-jsi' in project 'Pods'
        ➜ Explicit dependency on target 'ReactCommon' in project 'Pods'
        ➜ Explicit dependency on target 'ReactNativeDependencies' in project 'Pods'
    Target 'ReactCommon' in project 'Pods'
        ➜ Explicit dependency on target 'hermes-engine' in project 'Pods'
        ➜ Explicit dependency on target 'React-callinvoker' in project 'Pods'
        ➜ Explicit dependency on target 'React-Core-prebuilt' in project 'Pods'
        ➜ Explicit dependency on target 'React-cxxreact' in project 'Pods'
        ➜ Explicit dependency on target 'React-debug' in project 'Pods'
        ➜ Explicit dependency on target 'React-featureflags' in project 'Pods'
        ➜ Explicit dependency on target 'React-jsi' in project 'Pods'
        ➜ Explicit dependency on target 'React-logger' in project 'Pods'
        ➜ Explicit dependency on target 'React-perflogger' in project 'Pods'
        ➜ Explicit dependency on target 'React-utils' in project 'Pods'
        ➜ Explicit dependency on target 'ReactNativeDependencies' in project 'Pods'
    Target 'React-cxxreact' in project 'Pods'
        ➜ Explicit dependency on target 'hermes-engine' in project 'Pods'
        ➜ Explicit dependency on target 'React-callinvoker' in project 'Pods'
        ➜ Explicit dependency on target 'React-Core-prebuilt' in project 'Pods'
        ➜ Explicit dependency on target 'React-cxxreact-React-cxxreact_privacy' in project 'Pods'
        ➜ Explicit dependency on target 'React-debug' in project 'Pods'
        ➜ Explicit dependency on target 'React-jsi' in project 'Pods'
        ➜ Explicit dependency on target 'React-jsinspector' in project 'Pods'
        ➜ Explicit dependency on target 'React-jsinspectorcdp' in project 'Pods'
        ➜ Explicit dependency on target 'React-jsinspectortracing' in project 'Pods'
        ➜ Explicit dependency on target 'React-logger' in project 'Pods'
        ➜ Explicit dependency on target 'React-perflogger' in project 'Pods'
        ➜ Explicit dependency on target 'React-runtimeexecutor' in project 'Pods'
        ➜ Explicit dependency on target 'React-timing' in project 'Pods'
        ➜ Explicit dependency on target 'React-utils' in project 'Pods'
        ➜ Explicit dependency on target 'ReactNativeDependencies' in project 'Pods'
    Target 'React-logger' in project 'Pods'
        ➜ Explicit dependency on target 'React-Core-prebuilt' in project 'Pods'
        ➜ Explicit dependency on target 'ReactNativeDependencies' in project 'Pods'
    Target 'React-jsinspector' in project 'Pods'
        ➜ Explicit dependency on target 'hermes-engine' in project 'Pods'
        ➜ Explicit dependency on target 'React-Core-prebuilt' in project 'Pods'
        ➜ Explicit dependency on target 'React-featureflags' in project 'Pods'
        ➜ Explicit dependency on target 'React-jsi' in project 'Pods'
        ➜ Explicit dependency on target 'React-jsinspectorcdp' in project 'Pods'
        ➜ Explicit dependency on target 'React-jsinspectornetwork' in project 'Pods'
        ➜ Explicit dependency on target 'React-jsinspectortracing' in project 'Pods'
        ➜ Explicit dependency on target 'React-oscompat' in project 'Pods'
        ➜ Explicit dependency on target 'React-perflogger' in project 'Pods'
        ➜ Explicit dependency on target 'React-runtimeexecutor' in project 'Pods'
        ➜ Explicit dependency on target 'React-utils' in project 'Pods'
        ➜ Explicit dependency on target 'ReactNativeDependencies' in project 'Pods'
    Target 'React-runtimeexecutor' in project 'Pods'
        ➜ Explicit dependency on target 'React-Core-prebuilt' in project 'Pods'
        ➜ Explicit dependency on target 'React-debug' in project 'Pods'
        ➜ Explicit dependency on target 'React-featureflags' in project 'Pods'
        ➜ Explicit dependency on target 'React-jsi' in project 'Pods'
        ➜ Explicit dependency on target 'React-utils' in project 'Pods'
        ➜ Explicit dependency on target 'ReactNativeDependencies' in project 'Pods'
    Target 'React-perflogger' in project 'Pods'
        ➜ Explicit dependency on target 'React-Core-prebuilt' in project 'Pods'
        ➜ Explicit dependency on target 'ReactNativeDependencies' in project 'Pods'
    Target 'React-jsinspectortracing' in project 'Pods'
        ➜ Explicit dependency on target 'hermes-engine' in project 'Pods'
        ➜ Explicit dependency on target 'React-Core-prebuilt' in project 'Pods'
        ➜ Explicit dependency on target 'React-jsi' in project 'Pods'
        ➜ Explicit dependency on target 'React-jsinspectornetwork' in project 'Pods'
        ➜ Explicit dependency on target 'React-oscompat' in project 'Pods'
        ➜ Explicit dependency on target 'React-timing' in project 'Pods'
        ➜ Explicit dependency on target 'React-utils' in project 'Pods'
        ➜ Explicit dependency on target 'ReactNativeDependencies' in project 'Pods'
    Target 'React-utils' in project 'Pods'
        ➜ Explicit dependency on target 'hermes-engine' in project 'Pods'
        ➜ Explicit dependency on target 'React-Core-prebuilt' in project 'Pods'
        ➜ Explicit dependency on target 'React-debug' in project 'Pods'
        ➜ Explicit dependency on target 'React-jsi' in project 'Pods'
        ➜ Explicit dependency on target 'ReactNativeDependencies' in project 'Pods'
    Target 'React-timing' in project 'Pods'
        ➜ Explicit dependency on target 'React-debug' in project 'Pods'
        ➜ Explicit dependency on target 'React-timing-React-timing_privacy' in project 'Pods'
    Target 'React-timing-React-timing_privacy' in project 'Pods' (no dependencies)
    Target 'React-oscompat' in project 'Pods' (no dependencies)
    Target 'React-jsinspectornetwork' in project 'Pods'
        ➜ Explicit dependency on target 'React-Core-prebuilt' in project 'Pods'
        ➜ Explicit dependency on target 'React-jsinspectorcdp' in project 'Pods'
        ➜ Explicit dependency on target 'ReactNativeDependencies' in project 'Pods'
    Target 'React-jsinspectorcdp' in project 'Pods'
        ➜ Explicit dependency on target 'React-Core-prebuilt' in project 'Pods'
        ➜ Explicit dependency on target 'ReactNativeDependencies' in project 'Pods'
    Target 'React-featureflags' in project 'Pods'
        ➜ Explicit dependency on target 'React-Core-prebuilt' in project 'Pods'
        ➜ Explicit dependency on target 'ReactNativeDependencies' in project 'Pods'
    Target 'React-jsi' in project 'Pods'
        ➜ Explicit dependency on target 'hermes-engine' in project 'Pods'
        ➜ Explicit dependency on target 'React-Core-prebuilt' in project 'Pods'
        ➜ Explicit dependency on target 'ReactNativeDependencies' in project 'Pods'
    Target 'React-debug' in project 'Pods' (no dependencies)
    Target 'React-cxxreact-React-cxxreact_privacy' in project 'Pods' (no dependencies)
    Target 'React-callinvoker' in project 'Pods' (no dependencies)
    Target 'React-Core-React-Core_privacy' in project 'Pods' (no dependencies)
    Target 'React-Core-prebuilt' in project 'Pods'
        ➜ Explicit dependency on target 'ReactNativeDependencies' in project 'Pods'
    Target 'ReactNativeDependencies' in project 'Pods' (no dependencies)
    Target 'RCTDeprecation' in project 'Pods' (no dependencies)
    Target 'hermes-engine' in project 'Pods' (no dependencies)
    Target 'EXConstants-ExpoConstants_privacy' in project 'Pods' (no dependencies)
    Target 'EXConstants-EXConstants' in project 'Pods' (no dependencies)

GatherProvisioningInputs

CreateBuildDescription

ExecuteExternalTool /Applications/Xcode_26.3.app/Contents/Developer/Toolchains/XcodeDefault.xctoolchain/usr/bin/clang -v -E -dM -isysroot /Applications/Xcode_26.3.app/Contents/Developer/Platforms/iPhoneOS.platform/Developer/SDKs/iPhoneOS26.2.sdk -x c -c /dev/null

ExecuteExternalTool /Applications/Xcode_26.3.app/Contents/Developer/Toolchains/XcodeDefault.xctoolchain/usr/bin/clang -v -E -dM -arch arm64 -isysroot /Applications/Xcode_26.3.app/Contents/Developer/Platforms/iPhoneOS.platform/Developer/SDKs/iPhoneOS26.2.sdk -x c++ -c /dev/null

ExecuteExternalTool /Applications/Xcode_26.3.app/Contents/Developer/Toolchains/XcodeDefault.xctoolchain/usr/bin/clang -v -E -dM -arch arm64 -isysroot /Applications/Xcode_26.3.app/Contents/Developer/Platforms/iPhoneOS.platform/Developer/SDKs/iPhoneOS26.2.sdk -x objective-c -c /dev/null

ExecuteExternalTool /Applications/Xcode_26.3.app/Contents/Developer/Toolchains/XcodeDefault.xctoolchain/usr/bin/clang -v -E -dM -arch arm64 -isysroot /Applications/Xcode_26.3.app/Contents/Developer/Platforms/iPhoneOS.platform/Developer/SDKs/iPhoneOS26.2.sdk -x objective-c++ -c /dev/null

ExecuteExternalTool /Applications/Xcode_26.3.app/Contents/Developer/Toolchains/XcodeDefault.xctoolchain/usr/bin/clang -v -E -dM -arch arm64 -isysroot /Applications/Xcode_26.3.app/Contents/Developer/Platforms/iPhoneOS.platform/Developer/SDKs/iPhoneOS26.2.sdk -x c -c /dev/null

ExecuteExternalTool /Applications/Xcode_26.3.app/Contents/Developer/usr/bin/ibtool --version --output-format xml1

ExecuteExternalTool /Applications/Xcode_26.3.app/Contents/Developer/Toolchains/XcodeDefault.xctoolchain/usr/bin/libtool -V

ExecuteExternalTool /Applications/Xcode_26.3.app/Contents/Developer/usr/bin/actool --print-asset-tag-combinations --output-format xml1 /Users/runner/work/App/App/ios/ZenFlowTracker/Images.xcassets

ExecuteExternalTool /Applications/Xcode_26.3.app/Contents/Developer/Toolchains/XcodeDefault.xctoolchain/usr/bin/swiftc --version

ExecuteExternalTool /Applications/Xcode_26.3.app/Contents/Developer/usr/bin/actool --version --output-format xml1

ExecuteExternalTool /Applications/Xcode_26.3.app/Contents/Developer/Toolchains/XcodeDefault.xctoolchain/usr/bin/ld -version_details

Build description signature: 4bea6947ee795a7a27fd9a69f55e0651
Build description path: /Users/runner/work/App/App/build/Build/Intermediates.noindex/XCBuildData/4bea6947ee795a7a27fd9a69f55e0651.xcbuilddata
ClangStatCache /Applications/Xcode_26.3.app/Contents/Developer/Toolchains/XcodeDefault.xctoolchain/usr/bin/clang-stat-cache /Applications/Xcode_26.3.app/Contents/Developer/Platforms/iPhoneOS.platform/Developer/SDKs/iPhoneOS26.2.sdk /Users/runner/work/App/App/build/SDKStatCaches.noindex/iphoneos26.2-23C57-dc75598d0054f22ec865fa860f139d722dd23b4ebda140f7210d155ff1243552.sdkstatcache
    cd /Users/runner/work/App/App/ios
    /Applications/Xcode_26.3.app/Contents/Developer/Toolchains/XcodeDefault.xctoolchain/usr/bin/clang-stat-cache /Applications/Xcode_26.3.app/Contents/Developer/Platforms/iPhoneOS.platform/Developer/SDKs/iPhoneOS26.2.sdk -o /Users/runner/work/App/App/build/SDKStatCaches.noindex/iphoneos26.2-23C57-dc75598d0054f22ec865fa860f139d722dd23b4ebda140f7210d155ff1243552.sdkstatcache

CreateBuildDirectory /Users/runner/work/App/App/build/Build/Products
    cd /Users/runner/work/App/App/ios
    builtin-create-build-directory /Users/runner/work/App/App/build/Build/Products

CreateBuildDirectory /Users/runner/work/App/App/build/Build/Intermediates.noindex
    cd /Users/runner/work/App/App/ios
    builtin-create-build-directory /Users/runner/work/App/App/build/Build/Intermediates.noindex

CreateBuildDirectory /Users/runner/work/App/App/build/Build/Products/Release-iphoneos
    cd /Users/runner/work/App/App/ios
    builtin-create-build-directory /Users/runner/work/App/App/build/Build/Products/Release-iphoneos

WriteAuxiliaryFile /Users/runner/work/App/App/build/Build/Intermediates.noindex/ZenFlowTracker.build/Release-iphoneos/ZenFlowTracker-aa949cde047cfdd56453b5ccbebf5461-VFS-iphoneos/all-product-headers.yaml
    cd /Users/runner/work/App/App/ios
    write-file /Users/runner/work/App/App/build/Build/Intermediates.noindex/ZenFlowTracker.build/Release-iphoneos/ZenFlowTracker-aa949cde047cfdd56453b5ccbebf5461-VFS-iphoneos/all-product-headers.yaml

WriteAuxiliaryFile /Users/runner/work/App/App/build/Build/Intermediates.noindex/Pods.build/Release-iphoneos/Pods-8699adb1dd336b26511df848a716bd42-VFS-iphoneos/all-product-headers.yaml
    cd /Users/runner/work/App/App/ios
    write-file /Users/runner/work/App/App/build/Build/Intermediates.noindex/Pods.build/Release-iphoneos/Pods-8699adb1dd336b26511df848a716bd42-VFS-iphoneos/all-product-headers.yaml

WriteAuxiliaryFile /Users/runner/work/App/App/build/Build/Intermediates.noindex/Pods.build/Release-iphoneos/hermes-engine.build/Script-46EB2E000160C0.sh (in target 'hermes-engine' from project 'Pods')
    cd /Users/runner/work/App/App/ios/Pods
    write-file /Users/runner/work/App/App/build/Build/Intermediates.noindex/Pods.build/Release-iphoneos/hermes-engine.build/Script-46EB2E000160C0.sh

WriteAuxiliaryFile /Users/runner/work/App/App/build/Build/Intermediates.noindex/Pods.build/Release-iphoneos/hermes-engine.build/Script-46EB2E000160B0.sh (in target 'hermes-engine' from project 'Pods')
    cd /Users/runner/work/App/App/ios/Pods
    write-file /Users/runner/work/App/App/build/Build/Intermediates.noindex/Pods.build/Release-iphoneos/hermes-engine.build/Script-46EB2E000160B0.sh

WriteAuxiliaryFile /Users/runner/work/App/App/build/Build/Intermediates.noindex/Pods.build/Release-iphoneos/hermes-engine.build/OutputFileList-46EB2E000160B0-hermes-engine-xcframeworks-output-files-329ebff1ee317696e6e24857f8d88aa4-resolved.xcfilelist (in target 'hermes-engine' from project 'Pods')
    cd /Users/runner/work/App/App/ios/Pods
    write-file /Users/runner/work/App/App/build/Build/Intermediates.noindex/Pods.build/Release-iphoneos/hermes-engine.build/OutputFileList-46EB2E000160B0-hermes-engine-xcframeworks-output-files-329ebff1ee317696e6e24857f8d88aa4-resolved.xcfilelist

WriteAuxiliaryFile /Users/runner/work/App/App/build/Build/Intermediates.noindex/Pods.build/Release-iphoneos/hermes-engine.build/InputFileList-46EB2E000160B0-hermes-engine-xcframeworks-input-files-763761223f13eb264b4ad920952acb8c-resolved.xcfilelist (in target 'hermes-engine' from project 'Pods')
    cd /Users/runner/work/App/App/ios/Pods
    write-file /Users/runner/work/App/App/build/Build/Intermediates.noindex/Pods.build/Release-iphoneos/hermes-engine.build/InputFileList-46EB2E000160B0-hermes-engine-xcframeworks-input-files-763761223f13eb264b4ad920952acb8c-resolved.xcfilelist

WriteAuxiliaryFile /Users/runner/work/App/App/build/Build/Intermediates.noindex/Pods.build/Release-iphoneos/ReactNativeDependencies.build/Script-46EB2E000160A0.sh (in target 'ReactNativeDependencies' from project 'Pods')
    cd /Users/runner/work/App/App/ios/Pods
    write-file /Users/runner/work/App/App/build/Build/Intermediates.noindex/Pods.build/Release-iphoneos/ReactNativeDependencies.build/Script-46EB2E000160A0.sh

WriteAuxiliaryFile /Users/runner/work/App/App/build/Build/Intermediates.noindex/Pods.build/Release-iphoneos/ReactNativeDependencies.build/Script-46EB2E00016090.sh (in target 'ReactNativeDependencies' from project 'Pods')
    cd /Users/runner/work/App/App/ios/Pods
    write-file /Users/runner/work/App/App/build/Build/Intermediates.noindex/Pods.build/Release-iphoneos/ReactNativeDependencies.build/Script-46EB2E00016090.sh

WriteAuxiliaryFile /Users/runner/work/App/App/build/Build/Intermediates.noindex/Pods.build/Release-iphoneos/ReactNativeDependencies.build/OutputFileList-46EB2E00016090-ReactNativeDependencies-xcframeworks-output-files-a45028dedbd486e120b1966b045f2593-resolved.xcfilelist (in target 'ReactNativeDependencies' from project 'Pods')
    cd /Users/runner/work/App/App/ios/Pods
    write-file /Users/runner/work/App/App/build/Build/Intermediates.noindex/Pods.build/Release-iphoneos/ReactNativeDependencies.build/OutputFileList-46EB2E00016090-ReactNativeDependencies-xcframeworks-output-files-a45028dedbd486e120b1966b045f2593-resolved.xcfilelist

WriteAuxiliaryFile /Users/runner/work/App/App/build/Build/Intermediates.noindex/Pods.build/Release-iphoneos/ReactNativeDependencies.build/InputFileList-46EB2E00016090-ReactNativeDependencies-xcframeworks-input-files-c061c5f2bbd75c8394fda4c8eb878f14-resolved.xcfilelist (in target 'ReactNativeDependencies' from project 'Pods')
    cd /Users/runner/work/App/App/ios/Pods
    write-file /Users/runner/work/App/App/build/Build/Intermediates.noindex/Pods.build/Release-iphoneos/ReactNativeDependencies.build/InputFileList-46EB2E00016090-ReactNativeDependencies-xcframeworks-input-files-c061c5f2bbd75c8394fda4c8eb878f14-resolved.xcfilelist

WriteAuxiliaryFile /Users/runner/work/App/App/build/Build/Intermediates.noindex/Pods.build/Release-iphoneos/React-RCTFBReactNativeSpec.build/Script-46EB2E00016070.sh (in target 'React-RCTFBReactNativeSpec' from project 'Pods')
    cd /Users/runner/work/App/App/ios/Pods
    write-file /Users/runner/work/App/App/build/Build/Intermediates.noindex/Pods.build/Release-iphoneos/React-RCTFBReactNativeSpec.build/Script-46EB2E00016070.sh

CreateBuildDirectory /Users/runner/work/App/App/build/Build/Products/Release-iphoneos/react-native-webview
    cd /Users/runner/work/App/App/ios
    builtin-create-build-directory /Users/runner/work/App/App/build/Build/Products/Release-iphoneos/react-native-webview

CreateBuildDirectory /Users/runner/work/App/App/build/Build/Products/Release-iphoneos/react-native-safe-area-context
    cd /Users/runner/work/App/App/ios
    builtin-create-build-directory /Users/runner/work/App/App/build/Build/Products/Release-iphoneos/react-native-safe-area-context

CreateBuildDirectory /Users/runner/work/App/App/build/Build/Products/Release-iphoneos/hermes-engine
    cd /Users/runner/work/App/App/ios
    builtin-create-build-directory /Users/runner/work/App/App/build/Build/Products/Release-iphoneos/hermes-engine

CreateBuildDirectory /Users/runner/work/App/App/build/Build/Products/Release-iphoneos/Yoga
    cd /Users/runner/work/App/App/ios
    builtin-create-build-directory /Users/runner/work/App/App/build/Build/Products/Release-iphoneos/Yoga

CreateBuildDirectory /Users/runner/work/App/App/build/Build/Products/Release-iphoneos/ReactNativeDependencies
    cd /Users/runner/work/App/App/ios
    builtin-create-build-directory /Users/runner/work/App/App/build/Build/Products/Release-iphoneos/ReactNativeDependencies

CreateBuildDirectory /Users/runner/work/App/App/build/Build/Products/Release-iphoneos/ReactCommon
    cd /Users/runner/work/App/App/ios
    builtin-create-build-directory /Users/runner/work/App/App/build/Build/Products/Release-iphoneos/ReactCommon

CreateBuildDirectory /Users/runner/work/App/App/build/Build/Products/Release-iphoneos/ReactCodegen
    cd /Users/runner/work/App/App/ios
    builtin-create-build-directory /Users/runner/work/App/App/build/Build/Products/Release-iphoneos/ReactCodegen

CreateBuildDirectory /Users/runner/work/App/App/build/Build/Products/Release-iphoneos/ReactAppDependencyProvider
    cd /Users/runner/work/App/App/ios
    builtin-create-build-directory /Users/runner/work/App/App/build/Build/Products/Release-iphoneos/ReactAppDependencyProvider

CreateBuildDirectory /Users/runner/work/App/App/build/Build/Products/Release-iphoneos/React-webperformancenativemodule
    cd /Users/runner/work/App/App/ios
    builtin-create-build-directory /Users/runner/work/App/App/build/Build/Products/Release-iphoneos/React-webperformancenativemodule

CreateBuildDirectory /Users/runner/work/App/App/build/Build/Products/Release-iphoneos/React-viewtransitionnativemodule
    cd /Users/runner/work/App/App/ios
    builtin-create-build-directory /Users/runner/work/App/App/build/Build/Products/Release-iphoneos/React-viewtransitionnativemodule

CreateBuildDirectory /Users/runner/work/App/App/build/Build/Products/Release-iphoneos/React-utils
    cd /Users/runner/work/App/App/ios
    builtin-create-build-directory /Users/runner/work/App/App/build/Build/Products/Release-iphoneos/React-utils

CreateBuildDirectory /Users/runner/work/App/App/build/Build/Products/Release-iphoneos/React-timing
    cd /Users/runner/work/App/App/ios
    builtin-create-build-directory /Users/runner/work/App/App/build/Build/Products/Release-iphoneos/React-timing

CreateBuildDirectory /Users/runner/work/App/App/build/Build/Products/Release-iphoneos/React-runtimescheduler
    cd /Users/runner/work/App/App/ios
    builtin-create-build-directory /Users/runner/work/App/App/build/Build/Products/Release-iphoneos/React-runtimescheduler

CreateBuildDirectory /Users/runner/work/App/App/build/Build/Products/Release-iphoneos/React-runtimeexecutor
    cd /Users/runner/work/App/App/ios
    builtin-create-build-directory /Users/runner/work/App/App/build/Build/Products/Release-iphoneos/React-runtimeexecutor

CreateBuildDirectory /Users/runner/work/App/App/build/Build/Products/Release-iphoneos/React-rendererdebug
    cd /Users/runner/work/App/App/ios
    builtin-create-build-directory /Users/runner/work/App/App/build/Build/Products/Release-iphoneos/React-rendererdebug

CreateBuildDirectory /Users/runner/work/App/App/build/Build/Products/Release-iphoneos/React-renderercss
    cd /Users/runner/work/App/App/ios
    builtin-create-build-directory /Users/runner/work/App/App/build/Build/Products/Release-iphoneos/React-renderercss

CreateBuildDirectory /Users/runner/work/App/App/build/Build/Products/Release-iphoneos/React-rendererconsistency
    cd /Users/runner/work/App/App/ios
    builtin-create-build-directory /Users/runner/work/App/App/build/Build/Products/Release-iphoneos/React-rendererconsistency

CreateBuildDirectory /Users/runner/work/App/App/build/Build/Products/Release-iphoneos/React-performancetimeline
    cd /Users/runner/work/App/App/ios
    builtin-create-build-directory /Users/runner/work/App/App/build/Build/Products/Release-iphoneos/React-performancetimeline

CreateBuildDirectory /Users/runner/work/App/App/build/Build/Products/Release-iphoneos/React-performancecdpmetrics
    cd /Users/runner/work/App/App/ios
    builtin-create-build-directory /Users/runner/work/App/App/build/Build/Products/Release-iphoneos/React-performancecdpmetrics

CreateBuildDirectory /Users/runner/work/App/App/build/Build/Products/Release-iphoneos/React-perflogger
    cd /Users/runner/work/App/App/ios
    builtin-create-build-directory /Users/runner/work/App/App/build/Build/Products/Release-iphoneos/React-perflogger

CreateBuildDirectory /Users/runner/work/App/App/build/Build/Products/Release-iphoneos/React-oscompat
    cd /Users/runner/work/App/App/ios
    builtin-create-build-directory /Users/runner/work/App/App/build/Build/Products/Release-iphoneos/React-oscompat

CreateBuildDirectory /Users/runner/work/App/App/build/Build/Products/Release-iphoneos/React-networking
    cd /Users/runner/work/App/App/ios
    builtin-create-build-directory /Users/runner/work/App/App/build/Build/Products/Release-iphoneos/React-networking

CreateBuildDirectory /Users/runner/work/App/App/build/Build/Products/Release-iphoneos/React-mutationobservernativemodule
    cd /Users/runner/work/App/App/ios
    builtin-create-build-directory /Users/runner/work/App/App/build/Build/Products/Release-iphoneos/React-mutationobservernativemodule

CreateBuildDirectory /Users/runner/work/App/App/build/Build/Products/Release-iphoneos/React-microtasksnativemodule
    cd /Users/runner/work/App/App/ios
    builtin-create-build-directory /Users/runner/work/App/App/build/Build/Products/Release-iphoneos/React-microtasksnativemodule

CreateBuildDirectory /Users/runner/work/App/App/build/Build/Products/Release-iphoneos/React-logger
    cd /Users/runner/work/App/App/ios
    builtin-create-build-directory /Users/runner/work/App/App/build/Build/Products/Release-iphoneos/React-logger

CreateBuildDirectory /Users/runner/work/App/App/build/Build/Products/Release-iphoneos/React-jsitracing
    cd /Users/runner/work/App/App/ios
    builtin-create-build-directory /Users/runner/work/App/App/build/Build/Products/Release-iphoneos/React-jsitracing

CreateBuildDirectory /Users/runner/work/App/App/build/Build/Products/Release-iphoneos/React-jsitooling
    cd /Users/runner/work/App/App/ios
    builtin-create-build-directory /Users/runner/work/App/App/build/Build/Products/Release-iphoneos/React-jsitooling

CreateBuildDirectory /Users/runner/work/App/App/build/Build/Products/Release-iphoneos/React-jsinspectortracing
    cd /Users/runner/work/App/App/ios
    builtin-create-build-directory /Users/runner/work/App/App/build/Build/Products/Release-iphoneos/React-jsinspectortracing

CreateBuildDirectory /Users/runner/work/App/App/build/Build/Products/Release-iphoneos/React-jsinspectornetwork
    cd /Users/runner/work/App/App/ios
    builtin-create-build-directory /Users/runner/work/App/App/build/Build/Products/Release-iphoneos/React-jsinspectornetwork

CreateBuildDirectory /Users/runner/work/App/App/build/Build/Products/Release-iphoneos/React-jsinspectorcdp
    cd /Users/runner/work/App/App/ios
    builtin-create-build-directory /Users/runner/work/App/App/build/Build/Products/Release-iphoneos/React-jsinspectorcdp

CreateBuildDirectory /Users/runner/work/App/App/build/Build/Products/Release-iphoneos/React-jsinspector
    cd /Users/runner/work/App/App/ios
    builtin-create-build-directory /Users/runner/work/App/App/build/Build/Products/Release-iphoneos/React-jsinspector

CreateBuildDirectory /Users/runner/work/App/App/build/Build/Products/Release-iphoneos/React-jsiexecutor
    cd /Users/runner/work/App/App/ios
    builtin-create-build-directory /Users/runner/work/App/App/build/Build/Products/Release-iphoneos/React-jsiexecutor

CreateBuildDirectory /Users/runner/work/App/App/build/Build/Products/Release-iphoneos/React-jsi
    cd /Users/runner/work/App/App/ios
    builtin-create-build-directory /Users/runner/work/App/App/build/Build/Products/Release-iphoneos/React-jsi

CreateBuildDirectory /Users/runner/work/App/App/build/Build/Products/Release-iphoneos/React-jserrorhandler
    cd /Users/runner/work/App/App/ios
    builtin-create-build-directory /Users/runner/work/App/App/build/Build/Products/Release-iphoneos/React-jserrorhandler

CreateBuildDirectory /Users/runner/work/App/App/build/Build/Products/Release-iphoneos/React-intersectionobservernativemodule
    cd /Users/runner/work/App/App/ios
    builtin-create-build-directory /Users/runner/work/App/App/build/Build/Products/Release-iphoneos/React-intersectionobservernativemodule

CreateBuildDirectory /Users/runner/work/App/App/build/Build/Products/Release-iphoneos/React-idlecallbacksnativemodule
    cd /Users/runner/work/App/App/ios
    builtin-create-build-directory /Users/runner/work/App/App/build/Build/Products/Release-iphoneos/React-idlecallbacksnativemodule

CreateBuildDirectory /Users/runner/work/App/App/build/Build/Products/Release-iphoneos/React-hermes
    cd /Users/runner/work/App/App/ios
    builtin-create-build-directory /Users/runner/work/App/App/build/Build/Products/Release-iphoneos/React-hermes

CreateBuildDirectory /Users/runner/work/App/App/build/Build/Products/Release-iphoneos/React-graphics
    cd /Users/runner/work/App/App/ios
    builtin-create-build-directory /Users/runner/work/App/App/build/Build/Products/Release-iphoneos/React-graphics

CreateBuildDirectory /Users/runner/work/App/App/build/Build/Products/Release-iphoneos/React-featureflagsnativemodule
    cd /Users/runner/work/App/App/ios
    builtin-create-build-directory /Users/runner/work/App/App/build/Build/Products/Release-iphoneos/React-featureflagsnativemodule

CreateBuildDirectory /Users/runner/work/App/App/build/Build/Products/Release-iphoneos/React-featureflags
    cd /Users/runner/work/App/App/ios
    builtin-create-build-directory /Users/runner/work/App/App/build/Build/Products/Release-iphoneos/React-featureflags

CreateBuildDirectory /Users/runner/work/App/App/build/Build/Products/Release-iphoneos/React-domnativemodule
    cd /Users/runner/work/App/App/ios
    builtin-create-build-directory /Users/runner/work/App/App/build/Build/Products/Release-iphoneos/React-domnativemodule

CreateBuildDirectory /Users/runner/work/App/App/build/Build/Products/Release-iphoneos/React-defaultsnativemodule
    cd /Users/runner/work/App/App/ios
    builtin-create-build-directory /Users/runner/work/App/App/build/Build/Products/Release-iphoneos/React-defaultsnativemodule

CreateBuildDirectory /Users/runner/work/App/App/build/Build/Products/Release-iphoneos/React-debug
    cd /Users/runner/work/App/App/ios
    builtin-create-build-directory /Users/runner/work/App/App/build/Build/Products/Release-iphoneos/React-debug

CreateBuildDirectory /Users/runner/work/App/App/build/Build/Products/Release-iphoneos/React-cxxreact
    cd /Users/runner/work/App/App/ios
    builtin-create-build-directory /Users/runner/work/App/App/build/Build/Products/Release-iphoneos/React-cxxreact

CreateBuildDirectory /Users/runner/work/App/App/build/Build/Products/Release-iphoneos/React-callinvoker
    cd /Users/runner/work/App/App/ios
    builtin-create-build-directory /Users/runner/work/App/App/build/Build/Products/Release-iphoneos/React-callinvoker

CreateBuildDirectory /Users/runner/work/App/App/build/Build/Products/Release-iphoneos/React-RuntimeHermes
    cd /Users/runner/work/App/App/ios
    builtin-create-build-directory /Users/runner/work/App/App/build/Build/Products/Release-iphoneos/React-RuntimeHermes

CreateBuildDirectory /Users/runner/work/App/App/build/Build/Products/Release-iphoneos/React-RuntimeCore
    cd /Users/runner/work/App/App/ios
    builtin-create-build-directory /Users/runner/work/App/App/build/Build/Products/Release-iphoneos/React-RuntimeCore

CreateBuildDirectory /Users/runner/work/App/App/build/Build/Products/Release-iphoneos/React-RuntimeApple
    cd /Users/runner/work/App/App/ios
    builtin-create-build-directory /Users/runner/work/App/App/build/Build/Products/Release-iphoneos/React-RuntimeApple

CreateBuildDirectory /Users/runner/work/App/App/build/Build/Products/Release-iphoneos/React-RCTVibration
    cd /Users/runner/work/App/App/ios
    builtin-create-build-directory /Users/runner/work/App/App/build/Build/Products/Release-iphoneos/React-RCTVibration

CreateBuildDirectory /Users/runner/work/App/App/build/Build/Products/Release-iphoneos/React-RCTText
    cd /Users/runner/work/App/App/ios
    builtin-create-build-directory /Users/runner/work/App/App/build/Build/Products/Release-iphoneos/React-RCTText

CreateBuildDirectory /Users/runner/work/App/App/build/Build/Products/Release-iphoneos/React-RCTSettings
    cd /Users/runner/work/App/App/ios
    builtin-create-build-directory /Users/runner/work/App/App/build/Build/Products/Release-iphoneos/React-RCTSettings

CreateBuildDirectory /Users/runner/work/App/App/build/Build/Products/Release-iphoneos/React-RCTRuntime
    cd /Users/runner/work/App/App/ios
    builtin-create-build-directory /Users/runner/work/App/App/build/Build/Products/Release-iphoneos/React-RCTRuntime

CreateBuildDirectory /Users/runner/work/App/App/build/Build/Products/Release-iphoneos/React-RCTNetwork
    cd /Users/runner/work/App/App/ios
    builtin-create-build-directory /Users/runner/work/App/App/build/Build/Products/Release-iphoneos/React-RCTNetwork

CreateBuildDirectory /Users/runner/work/App/App/build/Build/Products/Release-iphoneos/React-RCTLinking
    cd /Users/runner/work/App/App/ios
    builtin-create-build-directory /Users/runner/work/App/App/build/Build/Products/Release-iphoneos/React-RCTLinking

CreateBuildDirectory /Users/runner/work/App/App/build/Build/Products/Release-iphoneos/React-RCTImage
    cd /Users/runner/work/App/App/ios
    builtin-create-build-directory /Users/runner/work/App/App/build/Build/Products/Release-iphoneos/React-RCTImage

CreateBuildDirectory /Users/runner/work/App/App/build/Build/Products/Release-iphoneos/React-RCTFabric
    cd /Users/runner/work/App/App/ios
    builtin-create-build-directory /Users/runner/work/App/App/build/Build/Products/Release-iphoneos/React-RCTFabric

CreateBuildDirectory /Users/runner/work/App/App/build/Build/Products/Release-iphoneos/React-RCTFBReactNativeSpec
    cd /Users/runner/work/App/App/ios
    builtin-create-build-directory /Users/runner/work/App/App/build/Build/Products/Release-iphoneos/React-RCTFBReactNativeSpec

CreateBuildDirectory /Users/runner/work/App/App/build/Build/Products/Release-iphoneos/React-RCTBlob
    cd /Users/runner/work/App/App/ios
    builtin-create-build-directory /Users/runner/work/App/App/build/Build/Products/Release-iphoneos/React-RCTBlob

CreateBuildDirectory /Users/runner/work/App/App/build/Build/Products/Release-iphoneos/React-RCTAppDelegate
    cd /Users/runner/work/App/App/ios
    builtin-create-build-directory /Users/runner/work/App/App/build/Build/Products/Release-iphoneos/React-RCTAppDelegate

CreateBuildDirectory /Users/runner/work/App/App/build/Build/Products/Release-iphoneos/React-RCTAnimation
    cd /Users/runner/work/App/App/ios
    builtin-create-build-directory /Users/runner/work/App/App/build/Build/Products/Release-iphoneos/React-RCTAnimation

CreateBuildDirectory /Users/runner/work/App/App/build/Build/Products/Release-iphoneos/React-RCTActionSheet
    cd /Users/runner/work/App/App/ios
    builtin-create-build-directory /Users/runner/work/App/App/build/Build/Products/Release-iphoneos/React-RCTActionSheet

CreateBuildDirectory /Users/runner/work/App/App/build/Build/Products/Release-iphoneos/React-NativeModulesApple
    cd /Users/runner/work/App/App/ios
    builtin-create-build-directory /Users/runner/work/App/App/build/Build/Products/Release-iphoneos/React-NativeModulesApple

CreateBuildDirectory /Users/runner/work/App/App/build/Build/Products/Release-iphoneos/React-Mapbuffer
    cd /Users/runner/work/App/App/ios
    builtin-create-build-directory /Users/runner/work/App/App/build/Build/Products/Release-iphoneos/React-Mapbuffer

CreateBuildDirectory /Users/runner/work/App/App/build/Build/Products/Release-iphoneos/React-ImageManager
    cd /Users/runner/work/App/App/ios
    builtin-create-build-directory /Users/runner/work/App/App/build/Build/Products/Release-iphoneos/React-ImageManager

CreateBuildDirectory /Users/runner/work/App/App/build/Build/Products/Release-iphoneos/React-FabricImage
    cd /Users/runner/work/App/App/ios
    builtin-create-build-directory /Users/runner/work/App/App/build/Build/Products/Release-iphoneos/React-FabricImage

CreateBuildDirectory /Users/runner/work/App/App/build/Build/Products/Release-iphoneos/React-FabricComponents
    cd /Users/runner/work/App/App/ios
    builtin-create-build-directory /Users/runner/work/App/App/build/Build/Products/Release-iphoneos/React-FabricComponents

CreateBuildDirectory /Users/runner/work/App/App/build/Build/Products/Release-iphoneos/React-Fabric
    cd /Users/runner/work/App/App/ios
    builtin-create-build-directory /Users/runner/work/App/App/build/Build/Products/Release-iphoneos/React-Fabric

CreateBuildDirectory /Users/runner/work/App/App/build/Build/Products/Release-iphoneos/React-CoreModules
    cd /Users/runner/work/App/App/ios
    builtin-create-build-directory /Users/runner/work/App/App/build/Build/Products/Release-iphoneos/React-CoreModules

CreateBuildDirectory /Users/runner/work/App/App/build/Build/Products/Release-iphoneos/React-Core-prebuilt
    cd /Users/runner/work/App/App/ios
    builtin-create-build-directory /Users/runner/work/App/App/build/Build/Products/Release-iphoneos/React-Core-prebuilt

CreateBuildDirectory /Users/runner/work/App/App/build/Build/Products/Release-iphoneos/React-Core
    cd /Users/runner/work/App/App/ios
    builtin-create-build-directory /Users/runner/work/App/App/build/Build/Products/Release-iphoneos/React-Core

CreateBuildDirectory /Users/runner/work/App/App/build/Build/Products/Release-iphoneos/React
    cd /Users/runner/work/App/App/ios
    builtin-create-build-directory /Users/runner/work/App/App/build/Build/Products/Release-iphoneos/React

CreateBuildDirectory /Users/runner/work/App/App/build/Build/Products/Release-iphoneos/RNCAsyncStorage
    cd /Users/runner/work/App/App/ios
    builtin-create-build-directory /Users/runner/work/App/App/build/Build/Products/Release-iphoneos/RNCAsyncStorage

CreateBuildDirectory /Users/runner/work/App/App/build/Build/Products/Release-iphoneos/RCTTypeSafety
    cd /Users/runner/work/App/App/ios
    builtin-create-build-directory /Users/runner/work/App/App/build/Build/Products/Release-iphoneos/RCTTypeSafety

CreateBuildDirectory /Users/runner/work/App/App/build/Build/Products/Release-iphoneos/RCTSwiftUIWrapper
    cd /Users/runner/work/App/App/ios
    builtin-create-build-directory /Users/runner/work/App/App/build/Build/Products/Release-iphoneos/RCTSwiftUIWrapper

CreateBuildDirectory /Users/runner/work/App/App/build/Build/Products/Release-iphoneos/RCTSwiftUI
    cd /Users/runner/work/App/App/ios
    builtin-create-build-directory /Users/runner/work/App/App/build/Build/Products/Release-iphoneos/RCTSwiftUI

CreateBuildDirectory /Users/runner/work/App/App/build/Build/Products/Release-iphoneos/RCTRequired
    cd /Users/runner/work/App/App/ios
    builtin-create-build-directory /Users/runner/work/App/App/build/Build/Products/Release-iphoneos/RCTRequired

CreateBuildDirectory /Users/runner/work/App/App/build/Build/Products/Release-iphoneos/RCTDeprecation
    cd /Users/runner/work/App/App/ios
    builtin-create-build-directory /Users/runner/work/App/App/build/Build/Products/Release-iphoneos/RCTDeprecation

CreateBuildDirectory /Users/runner/work/App/App/build/Build/Products/Release-iphoneos/FBLazyVector
    cd /Users/runner/work/App/App/ios
    builtin-create-build-directory /Users/runner/work/App/App/build/Build/Products/Release-iphoneos/FBLazyVector

CreateBuildDirectory /Users/runner/work/App/App/build/Build/Products/Release-iphoneos/ExpoScreenOrientation
    cd /Users/runner/work/App/App/ios
    builtin-create-build-directory /Users/runner/work/App/App/build/Build/Products/Release-iphoneos/ExpoScreenOrientation

CreateBuildDirectory /Users/runner/work/App/App/build/Build/Products/Release-iphoneos/ExpoModulesWorklets
    cd /Users/runner/work/App/App/ios
    builtin-create-build-directory /Users/runner/work/App/App/build/Build/Products/Release-iphoneos/ExpoModulesWorklets

CreateBuildDirectory /Users/runner/work/App/App/build/Build/Products/Release-iphoneos/ExpoModulesJSI
    cd /Users/runner/work/App/App/ios
    builtin-create-build-directory /Users/runner/work/App/App/build/Build/Products/Release-iphoneos/ExpoModulesJSI

CreateBuildDirectory /Users/runner/work/App/App/build/Build/Products/Release-iphoneos/ExpoModulesCore
    cd /Users/runner/work/App/App/ios
    builtin-create-build-directory /Users/runner/work/App/App/build/Build/Products/Release-iphoneos/ExpoModulesCore

CreateBuildDirectory /Users/runner/work/App/App/build/Build/Products/Release-iphoneos/ExpoLogBox
    cd /Users/runner/work/App/App/ios
    builtin-create-build-directory /Users/runner/work/App/App/build/Build/Products/Release-iphoneos/ExpoLogBox

CreateBuildDirectory /Users/runner/work/App/App/build/Build/Products/Release-iphoneos/ExpoKeepAwake
    cd /Users/runner/work/App/App/ios
    builtin-create-build-directory /Users/runner/work/App/App/build/Build/Products/Release-iphoneos/ExpoKeepAwake

CreateBuildDirectory /Users/runner/work/App/App/build/Build/Products/Release-iphoneos/ExpoFont
    cd /Users/runner/work/App/App/ios
    builtin-create-build-directory /Users/runner/work/App/App/build/Build/Products/Release-iphoneos/ExpoFont

CreateBuildDirectory /Users/runner/work/App/App/build/Build/Products/Release-iphoneos/ExpoFileSystem
    cd /Users/runner/work/App/App/ios
    builtin-create-build-directory /Users/runner/work/App/App/build/Build/Products/Release-iphoneos/ExpoFileSystem

CreateBuildDirectory /Users/runner/work/App/App/build/Build/Products/Release-iphoneos/ExpoDomWebView
    cd /Users/runner/work/App/App/ios
    builtin-create-build-directory /Users/runner/work/App/App/build/Build/Products/Release-iphoneos/ExpoDomWebView

CreateBuildDirectory /Users/runner/work/App/App/build/Build/Products/Release-iphoneos/ExpoAsset
    cd /Users/runner/work/App/App/ios
    builtin-create-build-directory /Users/runner/work/App/App/build/Build/Products/Release-iphoneos/ExpoAsset

CreateBuildDirectory /Users/runner/work/App/App/build/Build/Products/Release-iphoneos/Expo
    cd /Users/runner/work/App/App/ios
    builtin-create-build-directory /Users/runner/work/App/App/build/Build/Products/Release-iphoneos/Expo

CreateBuildDirectory /Users/runner/work/App/App/build/Build/Products/Release-iphoneos/EXConstants
    cd /Users/runner/work/App/App/ios
    builtin-create-build-directory /Users/runner/work/App/App/build/Build/Products/Release-iphoneos/EXConstants

CreateBuildDirectory /Users/runner/work/App/App/build/Build/Intermediates.noindex/SwiftExplicitPrecompiledModules
    cd /Users/runner/work/App/App/ios
    builtin-create-build-directory /Users/runner/work/App/App/build/Build/Intermediates.noindex/SwiftExplicitPrecompiledModules

CreateBuildDirectory /Users/runner/work/App/App/build/Build/Intermediates.noindex/ExplicitPrecompiledModules
    cd /Users/runner/work/App/App/ios
    builtin-create-build-directory /Users/runner/work/App/App/build/Build/Intermediates.noindex/ExplicitPrecompiledModules

CreateBuildDirectory /Users/runner/work/App/App/build/Build/Intermediates.noindex/EagerLinkingTBDs/Release-iphoneos
    cd /Users/runner/work/App/App/ios
    builtin-create-build-directory /Users/runner/work/App/App/build/Build/Intermediates.noindex/EagerLinkingTBDs/Release-iphoneos

PhaseScriptExecution [CP-User]\ [Hermes]\ Replace\ Hermes\ for\ the\ right\ configuration,\ if\ needed /Users/runner/work/App/App/build/Build/Intermediates.noindex/Pods.build/Release-iphoneos/hermes-engine.build/Script-46EB2E000160C0.sh (in target 'hermes-engine' from project 'Pods')
    cd /Users/runner/work/App/App/ios/Pods
    export ACTION\=build
    export AD_HOC_CODE_SIGNING_ALLOWED\=NO
    export ALLOW_BUILD_REQUEST_OVERRIDES\=NO
    export ALLOW_TARGET_PLATFORM_SPECIALIZATION\=NO
    export ALTERNATE_GROUP\=staff
    export ALTERNATE_MODE\=u+w,go-w,a+rX
    export ALTERNATE_OWNER\=runner
    export ALTERNATIVE_DISTRIBUTION_WEB\=NO
    export ALWAYS_EMBED_SWIFT_STANDARD_LIBRARIES\=NO
    export ALWAYS_SEARCH_USER_PATHS\=NO
    export ALWAYS_USE_SEPARATE_HEADERMAPS\=NO
    export ANDROID_DEPLOYMENT_TARGET\=21.0
    export APPLICATION_EXTENSION_API_ONLY\=NO
    export APPLY_RULES_IN_COPY_FILES\=NO
    export APPLY_RULES_IN_COPY_HEADERS\=NO
    export APP_SHORTCUTS_ENABLE_FLEXIBLE_MATCHING\=YES
    export ARCHS\=arm64
    export ARCHS_STANDARD\=arm64
    export ARCHS_STANDARD_32_64_BIT\=armv7\ arm64
    export ARCHS_STANDARD_32_BIT\=armv7
    export ARCHS_STANDARD_64_BIT\=arm64
    export ARCHS_STANDARD_INCLUDING_64_BIT\=arm64
    export ARCHS_UNIVERSAL_IPHONE_OS\=armv7\ arm64
    export ASSETCATALOG_COMPILER_APPICON_NAME\=AppIcon
    export ASSETCATALOG_COMPILER_GLOBAL_ACCENT_COLOR_NAME\=AccentColor
    export AUTOMATICALLY_MERGE_DEPENDENCIES\=NO
    export AUTOMATION_APPLE_EVENTS\=NO
    export AVAILABLE_PLATFORMS\=android\ appletvos\ appletvsimulator\ driverkit\ iphoneos\ iphonesimulator\ macosx\ qnx\ watchos\ watchsimulator\ webassembly\ xros\ xrsimulator
    export BUILD_ACTIVE_RESOURCES_ONLY\=NO
    export BUILD_COMPONENTS\=headers\ build
    export BUILD_DIR\=/Users/runner/work/App/App/build/Build/Products
    export BUILD_LIBRARY_FOR_DISTRIBUTION\=NO
    export BUILD_ROOT\=/Users/runner/work/App/App/build/Build/Products
    export BUILD_STYLE\=
    export BUILD_VARIANTS\=normal
    export BUILT_PRODUCTS_DIR\=/Users/runner/work/App/App/build/Build/Products/Release-iphoneos/hermes-engine
    export BUNDLE_CONTENTS_FOLDER_PATH_deep\=Contents/
    export BUNDLE_EXECUTABLE_FOLDER_NAME_deep\=MacOS
    export BUNDLE_EXTENSIONS_FOLDER_PATH\=Extensions
    export BUNDLE_FORMAT\=shallow
    export BUNDLE_FRAMEWORKS_FOLDER_PATH\=Frameworks
    export BUNDLE_PLUGINS_FOLDER_PATH\=PlugIns
    export BUNDLE_PRIVATE_HEADERS_FOLDER_PATH\=PrivateHeaders
    export BUNDLE_PUBLIC_HEADERS_FOLDER_PATH\=Headers
    export CACHE_ROOT\=/var/folders/nj/vtw8zd2j31d1gdrtntc5y4600000gn/C/com.apple.DeveloperTools/26.3-17C529/Xcode
    export CCHROOT\=/var/folders/nj/vtw8zd2j31d1gdrtntc5y4600000gn/C/com.apple.DeveloperTools/26.3-17C529/Xcode
    export CHMOD\=/bin/chmod
    export CHOWN\=/usr/sbin/chown
    export CLANG_ANALYZER_LOCALIZABILITY_NONLOCALIZED\=YES
    export CLANG_ANALYZER_NONNULL\=YES
    export CLANG_ANALYZER_NUMBER_OBJECT_CONVERSION\=YES_AGGRESSIVE
    export CLANG_CACHE_FINE_GRAINED_OUTPUTS\=YES
    export CLANG_CXX_LANGUAGE_STANDARD\=c++20
    export CLANG_CXX_LIBRARY\=compiler-default
    export CLANG_ENABLE_EXPLICIT_MODULES\=YES
    export CLANG_ENABLE_MODULES\=YES
    export CLANG_ENABLE_OBJC_ARC\=YES
    export CLANG_ENABLE_OBJC_WEAK\=NO
    export CLANG_MODULES_BUILD_SESSION_FILE\=/Users/runner/work/App/App/build/ModuleCache.noindex/Session.modulevalidation
    export CLANG_WARN_BLOCK_CAPTURE_AUTORELEASING\=YES
    export CLANG_WARN_BOOL_CONVERSION\=YES
    export CLANG_WARN_COMMA\=YES
    export CLANG_WARN_CONSTANT_CONVERSION\=YES
    export CLANG_WARN_DEPRECATED_OBJC_IMPLEMENTATIONS\=YES
    export CLANG_WARN_DIRECT_OBJC_ISA_USAGE\=YES_ERROR
    export CLANG_WARN_DOCUMENTATION_COMMENTS\=YES
    export CLANG_WARN_EMPTY_BODY\=YES
    export CLANG_WARN_ENUM_CONVERSION\=YES
    export CLANG_WARN_INFINITE_RECURSION\=YES
    export CLANG_WARN_INT_CONVERSION\=YES
    export CLANG_WARN_NON_LITERAL_NULL_CONVERSION\=YES
    export CLANG_WARN_OBJC_IMPLICIT_RETAIN_SELF\=YES
    export CLANG_WARN_OBJC_LITERAL_CONVERSION\=YES
    export CLANG_WARN_OBJC_ROOT_CLASS\=YES_ERROR
    export CLANG_WARN_QUOTED_INCLUDE_IN_FRAMEWORK_HEADER\=NO
    export CLANG_WARN_RANGE_LOOP_ANALYSIS\=YES
    export CLANG_WARN_STRICT_PROTOTYPES\=YES
    export CLANG_WARN_SUSPICIOUS_MOVE\=YES
    export CLANG_WARN_UNGUARDED_AVAILABILITY\=YES_AGGRESSIVE
    export CLANG_WARN_UNREACHABLE_CODE\=YES
    export CLANG_WARN__DUPLICATE_METHOD_MATCH\=YES
    export CLASS_FILE_DIR\=/Users/runner/work/App/App/build/Build/Intermediates.noindex/Pods.build/Release-iphoneos/hermes-engine.build/JavaClasses
    export CLEAN_PRECOMPS\=YES
    export CLONE_HEADERS\=NO
    export CODESIGNING_FOLDER_PATH\=/Users/runner/work/App/App/build/Build/Products/Release-iphoneos/hermes-engine/
    export CODE_SIGNING_ALLOWED\=NO
    export CODE_SIGNING_REQUIRED\=NO
    export CODE_SIGN_CONTEXT_CLASS\=XCiPhoneOSCodeSignContext
    export CODE_SIGN_INJECT_BASE_ENTITLEMENTS\=YES
    export COLOR_DIAGNOSTICS\=NO
    export COMBINE_HIDPI_IMAGES\=NO
    export COMPILATION_CACHE_CAS_PATH\=/Users/runner/work/App/App/build/CompilationCache.noindex
    export COMPILATION_CACHE_KEEP_CAS_DIRECTORY\=YES
    export COMPILER_INDEX_STORE_ENABLE\=NO
    export COMPOSITE_SDK_DIRS\=/Users/runner/work/App/App/build/Build/Intermediates.noindex/CompositeSDKs
    export COMPRESS_PNG_FILES\=YES
    export CONFIGURATION\=Release
    export CONFIGURATION_BUILD_DIR\=/Users/runner/work/App/App/build/Build/Products/Release-iphoneos/hermes-engine
    export CONFIGURATION_TEMP_DIR\=/Users/runner/work/App/App/build/Build/Intermediates.noindex/Pods.build/Release-iphoneos
    export COPYING_PRESERVES_HFS_DATA\=NO
    export COPY_HEADERS_RUN_UNIFDEF\=NO
    export COPY_PHASE_STRIP\=NO
    export CORRESPONDING_SIMULATOR_PLATFORM_DIR\=/Applications/Xcode_26.3.app/Contents/Developer/Platforms/iPhoneSimulator.platform
    export CORRESPONDING_SIMULATOR_PLATFORM_NAME\=iphonesimulator
    export CORRESPONDING_SIMULATOR_SDK_DIR\=/Applications/Xcode_26.3.app/Contents/Developer/Platforms/iPhoneSimulator.platform/Developer/SDKs/iPhoneSimulator26.2.sdk
    export CORRESPONDING_SIMULATOR_SDK_NAME\=iphonesimulator26.2
    export CP\=/bin/cp
    export CREATE_INFOPLIST_SECTION_IN_BINARY\=NO
    export CURRENT_ARCH\=undefined_arch
    export CURRENT_VARIANT\=normal
    export DEAD_CODE_STRIPPING\=YES
    export DEBUGGING_SYMBOLS\=YES
    export DEBUG_INFORMATION_FORMAT\=dwarf-with-dsym
    export DEBUG_INFORMATION_VERSION\=compiler-default
    export DEFAULT_COMPILER\=com.apple.compilers.llvm.clang.1_0
    export DEFAULT_DEXT_INSTALL_PATH\=/System/Library/DriverExtensions
    export DEFAULT_KEXT_INSTALL_PATH\=/System/Library/Extensions
    export DEFINES_MODULE\=NO
    export DEPLOYMENT_LOCATION\=NO
    export DEPLOYMENT_POSTPROCESSING\=NO
    export DEPLOYMENT_TARGET_SETTING_NAME\=IPHONEOS_DEPLOYMENT_TARGET
    export DEPLOYMENT_TARGET_SUGGESTED_VALUES\=12.0\ 12.1\ 12.2\ 12.3\ 12.4\ 13.0\ 13.1\ 13.2\ 13.3\ 13.4\ 13.5\ 13.6\ 14.0\ 14.1\ 14.2\ 14.3\ 14.4\ 14.5\ 14.6\ 14.7\ 15.0\ 15.1\ 15.2\ 15.3\ 15.4\ 15.5\ 15.6\ 16.0\ 16.1\ 16.2\ 16.3\ 16.4\ 16.5\ 16.6\ 17.0\ 17.1\ 17.2\ 17.3\ 17.4\ 17.5\ 17.6\ 18.0\ 18.1\ 18.2\ 18.3\ 18.4\ 18.5\ 18.6\ 26.0\ 26.1\ 26.2
    export DERIVED_FILES_DIR\=/Users/runner/work/App/App/build/Build/Intermediates.noindex/Pods.build/Release-iphoneos/hermes-engine.build/DerivedSources
    export DERIVED_FILE_DIR\=/Users/runner/work/App/App/build/Build/Intermediates.noindex/Pods.build/Release-iphoneos/hermes-engine.build/DerivedSources
    export DERIVED_SOURCES_DIR\=/Users/runner/work/App/App/build/Build/Intermediates.noindex/Pods.build/Release-iphoneos/hermes-engine.build/DerivedSources
    export DERIVE_MACCATALYST_PRODUCT_BUNDLE_IDENTIFIER\=NO
    export DEVELOPER_APPLICATIONS_DIR\=/Applications/Xcode_26.3.app/Contents/Developer/Applications
    export DEVELOPER_BIN_DIR\=/Applications/Xcode_26.3.app/Contents/Developer/usr/bin
    export DEVELOPER_DIR\=/Applications/Xcode_26.3.app/Contents/Developer
    export DEVELOPER_FRAMEWORKS_DIR\=/Applications/Xcode_26.3.app/Contents/Developer/Library/Frameworks
    export DEVELOPER_FRAMEWORKS_DIR_QUOTED\=/Applications/Xcode_26.3.app/Contents/Developer/Library/Frameworks
    export DEVELOPER_LIBRARY_DIR\=/Applications/Xcode_26.3.app/Contents/Developer/Library
    export DEVELOPER_SDK_DIR\=/Applications/Xcode_26.3.app/Contents/Developer/Platforms/MacOSX.platform/Developer/SDKs
    export DEVELOPER_TOOLS_DIR\=/Applications/Xcode_26.3.app/Contents/Developer/Tools
    export DEVELOPER_USR_DIR\=/Applications/Xcode_26.3.app/Contents/Developer/usr
    export DEVELOPMENT_LANGUAGE\=en
    export DIAGNOSE_MISSING_TARGET_DEPENDENCIES\=YES
    export DIFF\=/usr/bin/diff
    export DONT_GENERATE_INFOPLIST_FILE\=NO
    export DSTROOT\=/tmp/Pods.dst
    export DT_TOOLCHAIN_DIR\=/Applications/Xcode_26.3.app/Contents/Developer/Toolchains/XcodeDefault.xctoolchain
    export DWARF_DSYM_FILE_NAME\=.dSYM
    export DWARF_DSYM_FILE_SHOULD_ACCOMPANY_PRODUCT\=NO
    export DWARF_DSYM_FOLDER_PATH\=/Users/runner/work/App/App/build/Build/Products/Release-iphoneos/hermes-engine
    export DYNAMIC_LIBRARY_EXTENSION\=dylib
    export EAGER_COMPILATION_ALLOW_SCRIPTS\=NO
    export EAGER_LINKING\=NO
    export EFFECTIVE_PLATFORM_NAME\=-iphoneos
    export EMBEDDED_CONTENT_CONTAINS_SWIFT\=NO
    export EMBEDDED_PROFILE_NAME\=embedded.mobileprovision
    export EMBED_ASSET_PACKS_IN_PRODUCT_BUNDLE\=NO
    export ENABLE_APP_SANDBOX\=NO
    export ENABLE_CODE_COVERAGE\=YES
    export ENABLE_CPLUSPLUS_BOUNDS_SAFE_BUFFERS\=NO
    export ENABLE_C_BOUNDS_SAFETY\=NO
    export ENABLE_DEBUG_DYLIB\=NO
    export ENABLE_DEFAULT_HEADER_SEARCH_PATHS\=YES
    export ENABLE_DEFAULT_SEARCH_PATHS\=YES
    export ENABLE_ENHANCED_SECURITY\=NO
    export ENABLE_HARDENED_RUNTIME\=NO
    export ENABLE_HEADER_DEPENDENCIES\=YES
    export ENABLE_INCOMING_NETWORK_CONNECTIONS\=NO
    export ENABLE_NS_ASSERTIONS\=NO
    export ENABLE_ON_DEMAND_RESOURCES\=NO
    export ENABLE_OUTGOING_NETWORK_CONNECTIONS\=NO
    export ENABLE_POINTER_AUTHENTICATION\=NO
    export ENABLE_PREVIEWS\=NO
    export ENABLE_RESOURCE_ACCESS_AUDIO_INPUT\=NO
    export ENABLE_RESOURCE_ACCESS_BLUETOOTH\=NO
    export ENABLE_RESOURCE_ACCESS_CALENDARS\=NO
    export ENABLE_RESOURCE_ACCESS_CAMERA\=NO
    export ENABLE_RESOURCE_ACCESS_CONTACTS\=NO
    export ENABLE_RESOURCE_ACCESS_LOCATION\=NO
    export ENABLE_RESOURCE_ACCESS_PHOTO_LIBRARY\=NO
    export ENABLE_RESOURCE_ACCESS_PRINTING\=NO
    export ENABLE_RESOURCE_ACCESS_USB\=NO
    export ENABLE_SDK_IMPORTS\=NO
    export ENABLE_SECURITY_COMPILER_WARNINGS\=NO
    export ENABLE_STRICT_OBJC_MSGSEND\=YES
    export ENABLE_TESTABILITY\=NO
    export ENABLE_TESTING_SEARCH_PATHS\=NO
    export ENABLE_USER_SCRIPT_SANDBOXING\=NO
    export ENABLE_XOJIT_PREVIEWS\=NO
    export ENFORCE_VALID_ARCHS\=YES
    export ENTITLEMENTS_DESTINATION\=Signature
    export ENTITLEMENTS_REQUIRED\=YES
    export EXCLUDED_INSTALLSRC_SUBDIRECTORY_PATTERNS\=.DS_Store\ .svn\ .git\ .hg\ CVS
    export EXCLUDED_RECURSIVE_SEARCH_PATH_SUBDIRECTORIES\=\*.nib\ \*.lproj\ \*.framework\ \*.gch\ \*.xcode\*\ \*.xcassets\ \*.icon\ \(\*\)\ .DS_Store\ CVS\ .svn\ .git\ .hg\ \*.pbproj\ \*.pbxproj
    export FILE_LIST\=/Users/runner/work/App/App/build/Build/Intermediates.noindex/Pods.build/Release-iphoneos/hermes-engine.build/Objects/LinkFileList
    export FIXED_FILES_DIR\=/Users/runner/work/App/App/build/Build/Intermediates.noindex/Pods.build/Release-iphoneos/hermes-engine.build/FixedFiles
    export FRAMEWORK_SEARCH_PATHS\=\ \"/Users/runner/work/App/App/ios/Pods/hermes-engine/destroot/Library/Frameworks/universal\"\ \"/Users/runner/work/App/App/build/Build/Products/Release-iphoneos/XCFrameworkIntermediates/hermes-engine/Pre-built\"
    export FRAMEWORK_VERSION\=A
    export FUSE_BUILD_PHASES\=YES
    export FUSE_BUILD_SCRIPT_PHASES\=NO
    export GCC3_VERSION\=3.3
    export GCC_C_LANGUAGE_STANDARD\=gnu11
    export GCC_NO_COMMON_BLOCKS\=YES
    export GCC_PFE_FILE_C_DIALECTS\=c\ objective-c\ c++\ objective-c++
    export GCC_PREPROCESSOR_DEFINITIONS\=POD_CONFIGURATION_RELEASE\=1\ \ COCOAPODS\=1
    export GCC_THUMB_SUPPORT\=YES
    export GCC_TREAT_WARNINGS_AS_ERRORS\=NO
    export GCC_VERSION\=com.apple.compilers.llvm.clang.1_0
    export GCC_VERSION_IDENTIFIER\=com_apple_compilers_llvm_clang_1_0
    export GCC_WARN_64_TO_32_BIT_CONVERSION\=YES
    export GCC_WARN_ABOUT_RETURN_TYPE\=YES_ERROR
    export GCC_WARN_INHIBIT_ALL_WARNINGS\=YES
    export GCC_WARN_UNDECLARED_SELECTOR\=YES
    export GCC_WARN_UNINITIALIZED_AUTOS\=YES_AGGRESSIVE
    export GCC_WARN_UNUSED_FUNCTION\=YES
    export GCC_WARN_UNUSED_VARIABLE\=YES
    export GENERATED_MODULEMAP_DIR\=/Users/runner/work/App/App/build/Build/Intermediates.noindex/GeneratedModuleMaps-iphoneos
    export GENERATE_INFOPLIST_FILE\=NO
    export GENERATE_INTERMEDIATE_TEXT_BASED_STUBS\=YES
    export GENERATE_PKGINFO_FILE\=NO
    export GENERATE_PRELINK_OBJECT_FILE\=NO
    export GENERATE_PROFILING_CODE\=NO
    export GENERATE_TEXT_BASED_STUBS\=NO
    export GID\=20
    export GROUP\=staff
    export HEADERMAP_INCLUDES_FLAT_ENTRIES_FOR_TARGET_BEING_BUILT\=YES
    export HEADERMAP_INCLUDES_FRAMEWORK_ENTRIES_FOR_ALL_PRODUCT_TYPES\=YES
    export HEADERMAP_INCLUDES_FRAMEWORK_ENTRIES_FOR_TARGETS_NOT_BEING_BUILT\=YES
    export HEADERMAP_INCLUDES_NONPUBLIC_NONPRIVATE_HEADERS\=YES
    export HEADERMAP_INCLUDES_PROJECT_HEADERS\=YES
    export HEADERMAP_USES_FRAMEWORK_PREFIX_ENTRIES\=YES
    export HEADERMAP_USES_VFS\=NO
    export HEADER_SEARCH_PATHS\=\ \"/Users/runner/work/App/App/ios/Pods/Headers/Private\"\ \"/Users/runner/work/App/App/ios/Pods/Headers/Private/hermes-engine\"\ \"/Users/runner/work/App/App/ios/Pods/Headers/Public\"\ \"/Users/runner/work/App/App/ios/Pods/Headers/Public/hermes-engine\"\ \"/Users/runner/work/App/App/ios/Pods/ExpoModulesCore/ExpoModulesCore.xcframework/ios-arm64_x86_64-simulator/ExpoModulesCore.framework/Headers\"\ \"/Users/runner/work/App/App/ios/Pods/ExpoModulesCore/ExpoModulesCore.xcframework/ios-arm64/ExpoModulesCore.framework/Headers\"\ \"/Users/runner/work/App/App/ios/Pods/ExpoModulesCore/ExpoModulesCore.xcframework/ios-arm64_x86_64-simulator/ExpoModulesCore.framework/Headers\"\ \"/Users/runner/work/App/App/ios/Pods/ExpoModulesCore/ExpoModulesCore.xcframework/ios-arm64/ExpoModulesCore.framework/Headers\"
    export HOME\=/Users/runner
    export HOST_ARCH\=arm64
    export HOST_PLATFORM\=macosx
    export ICONV\=/usr/bin/iconv
    export IMPLICIT_DEPENDENCY_DOMAIN\=default
    export INFOPLIST_ENABLE_CFBUNDLEICONS_MERGE\=YES
    export INFOPLIST_EXPAND_BUILD_SETTINGS\=YES
    export INFOPLIST_OUTPUT_FORMAT\=binary
    export INFOPLIST_PREPROCESS\=NO
    export INLINE_PRIVATE_FRAMEWORKS\=NO
    export INSTALLAPI_IGNORE_SKIP_INSTALL\=YES
    export INSTALLHDRS_COPY_PHASE\=NO
    export INSTALLHDRS_SCRIPT_PHASE\=NO
    export INSTALL_DIR\=/tmp/Pods.dst
    export INSTALL_GROUP\=staff
    export INSTALL_MODE_FLAG\=u+w,go-w,a+rX
    export INSTALL_OWNER\=runner
    export INSTALL_ROOT\=/tmp/Pods.dst
    export IPHONEOS_DEPLOYMENT_TARGET\=15.1
    export IS_UNOPTIMIZED_BUILD\=NO
    export JAVAC_DEFAULT_FLAGS\=-J-Xms64m\ -J-XX:NewSize\=4M\ -J-Dfile.encoding\=UTF8
    export JAVA_APP_STUB\=/System/Library/Frameworks/JavaVM.framework/Resources/MacOS/JavaApplicationStub
    export JAVA_ARCHIVE_CLASSES\=YES
    export JAVA_ARCHIVE_TYPE\=JAR
    export JAVA_COMPILER\=/usr/bin/javac
    export JAVA_FRAMEWORK_RESOURCES_DIRS\=Resources
    export JAVA_JAR_FLAGS\=cv
    export JAVA_SOURCE_SUBDIR\=.
    export JAVA_USE_DEPENDENCIES\=YES
    export JAVA_ZIP_FLAGS\=-urg
    export JIKES_DEFAULT_FLAGS\=+E\ +OLDCSO
    export KASAN_CFLAGS_CLASSIC\=-DKASAN\=1\ -DKASAN_CLASSIC\=1\ -fsanitize\=address\ -mllvm\ -asan-globals-live-support\ -mllvm\ -asan-force-dynamic-shadow
    export KASAN_CFLAGS_TBI\=-DKASAN\=1\ -DKASAN_TBI\=1\ -fsanitize\=kernel-hwaddress\ -mllvm\ -hwasan-recover\=0\ -mllvm\ -hwasan-instrument-atomics\=0\ -mllvm\ -hwasan-instrument-stack\=1\ -mllvm\ -hwasan-generate-tags-with-calls\=1\ -mllvm\ -hwasan-instrument-with-calls\=1\ -mllvm\ -hwasan-use-short-granules\=0\ -mllvm\ -hwasan-memory-access-callback-prefix\=__asan_
    export KASAN_DEFAULT_CFLAGS\=-DKASAN\=1\ -DKASAN_CLASSIC\=1\ -fsanitize\=address\ -mllvm\ -asan-globals-live-support\ -mllvm\ -asan-force-dynamic-shadow
    export KEEP_PRIVATE_EXTERNS\=NO
    export LD_DEPENDENCY_INFO_FILE\=/Users/runner/work/App/App/build/Build/Intermediates.noindex/Pods.build/Release-iphoneos/hermes-engine.build/Objects-normal/undefined_arch/hermes-engine_dependency_info.dat
    export LD_EXPORT_SYMBOLS\=YES
    export LD_GENERATE_MAP_FILE\=NO
    export LD_MAP_FILE_PATH\=/Users/runner/work/App/App/build/Build/Intermediates.noindex/Pods.build/Release-iphoneos/hermes-engine.build/hermes-engine-LinkMap-normal-undefined_arch.txt
    export LD_NO_PIE\=NO
    export LD_QUOTE_LINKER_ARGUMENTS_FOR_COMPILER_DRIVER\=YES
    export LD_RUNPATH_SEARCH_PATHS\=\ @executable_path/Frameworks
    export LD_SHARED_CACHE_ELIGIBLE\=Automatic
    export LD_WARN_DUPLICATE_LIBRARIES\=NO
    export LD_WARN_UNUSED_DYLIBS\=NO
    export LEGACY_DEVELOPER_DIR\=/Applications/Xcode_26.3.app/Contents/PlugIns/Xcode3Core.ideplugin/Contents/SharedSupport/Developer
    export LEX\=lex
    export LIBRARY_DEXT_INSTALL_PATH\=/Library/DriverExtensions
    export LIBRARY_FLAG_NOSPACE\=YES
    export LIBRARY_KEXT_INSTALL_PATH\=/Library/Extensions
    export LINKER_DISPLAYS_MANGLED_NAMES\=NO
    export LINK_FILE_LIST_normal_arm64\=/Users/runner/work/App/App/build/Build/Intermediates.noindex/Pods.build/Release-iphoneos/hermes-engine.build/Objects-normal/arm64/hermes-engine.LinkFileList
    export LINK_OBJC_RUNTIME\=YES
    export LINK_WITH_STANDARD_LIBRARIES\=YES
    export LLVM_TARGET_TRIPLE_OS_VERSION\=ios15.1
    export LLVM_TARGET_TRIPLE_VENDOR\=apple
    export LM_AUX_CONST_METADATA_LIST_PATH_normal_arm64\=/Users/runner/work/App/App/build/Build/Intermediates.noindex/Pods.build/Release-iphoneos/hermes-engine.build/Objects-normal/arm64/hermes-engine.SwiftConstValuesFileList
    export LOCALIZATION_EXPORT_SUPPORTED\=YES
    export LOCALIZATION_PREFERS_STRING_CATALOGS\=NO
    export LOCALIZED_STRING_MACRO_NAMES\=NSLocalizedString\ CFCopyLocalizedString
    export LOCALIZED_STRING_SWIFTUI_SUPPORT\=YES
    export LOCAL_ADMIN_APPS_DIR\=/Applications/Utilities
    export LOCAL_APPS_DIR\=/Applications
    export LOCAL_DEVELOPER_DIR\=/Library/Developer
    export LOCAL_LIBRARY_DIR\=/Library
    export LOCROOT\=/Users/runner/work/App/App/ios/Pods
    export LOCSYMROOT\=/Users/runner/work/App/App/ios/Pods
    export MAC_OS_X_PRODUCT_BUILD_VERSION\=24G830
    export MAC_OS_X_VERSION_ACTUAL\=150709
    export MAC_OS_X_VERSION_MAJOR\=150000
    export MAC_OS_X_VERSION_MINOR\=150700
    export MAKE_MERGEABLE\=NO
    export MERGEABLE_LIBRARY\=NO
    export MERGED_BINARY_TYPE\=none
    export MERGE_LINKED_LIBRARIES\=NO
    export METAL_LIBRARY_FILE_BASE\=default
    export METAL_LIBRARY_OUTPUT_DIR\=/Users/runner/work/App/App/build/Build/Products/Release-iphoneos/hermes-engine/
    export MODULE_CACHE_DIR\=/Users/runner/work/App/App/build/ModuleCache.noindex
    export MTL_ENABLE_DEBUG_INFO\=NO
    export MTL_FAST_MATH\=YES
    export NATIVE_ARCH\=arm64
    export NATIVE_ARCH_32_BIT\=arm
    export NATIVE_ARCH_64_BIT\=arm64
    export NATIVE_ARCH_ACTUAL\=arm64
    export NO_COMMON\=YES
    export OBJECT_FILE_DIR\=/Users/runner/work/App/App/build/Build/Intermediates.noindex/Pods.build/Release-iphoneos/hermes-engine.build/Objects
    export OBJECT_FILE_DIR_normal\=/Users/runner/work/App/App/build/Build/Intermediates.noindex/Pods.build/Release-iphoneos/hermes-engine.build/Objects-normal
    export OBJROOT\=/Users/runner/work/App/App/build/Build/Intermediates.noindex
    export ONLY_ACTIVE_ARCH\=NO
    export OS\=MACOS
    export OSAC\=/usr/bin/osacompile
    export OTHER_CFLAGS\=\ -DRCT_REMOVE_LEGACY_ARCH\=1\ -ivfsoverlay\ \"/Users/runner/work/App/App/ios/Pods/React-Core-prebuilt/React-VFS.yaml\"\ -DNDEBUG
    export OTHER_CPLUSPLUSFLAGS\=\ -DRCT_REMOVE_LEGACY_ARCH\=1\ -ivfsoverlay\ \"/Users/runner/work/App/App/ios/Pods/React-Core-prebuilt/React-VFS.yaml\"\ -DNDEBUG\ -DRCT_REMOVE_LEGACY_ARCH\=1\ -ivfsoverlay\ \"/Users/runner/work/App/App/ios/Pods/React-Core-prebuilt/React-VFS.yaml\"\ -DNDEBUG
    export OTHER_SWIFT_FLAGS\=\ -Xcc\ -ivfsoverlay\ -Xcc\ \"/Users/runner/work/App/App/ios/Pods/React-Core-prebuilt/React-VFS.yaml\"\ -Xcc\ -Wno-incomplete-umbrella
    export PASCAL_STRINGS\=YES
    export PATH\=/Applications/Xcode_26.3.app/Contents/SharedFrameworks/SwiftBuild.framework/Versions/A/PlugIns/SWBBuildService.bundle/Contents/PlugIns/SWBUniversalPlatformPlugin.bundle/Contents/Frameworks/SWBUniversalPlatform.framework/Resources:/var/run/com.apple.security.cryptexd/mnt/com.apple.MobileAsset.MetalToolchain-v17.3.7003.10.HWIt4u/Metal.xctoolchain/usr/bin:/var/run/com.apple.security.cryptexd/mnt/com.apple.MobileAsset.MetalToolchain-v17.3.7003.10.HWIt4u/Metal.xctoolchain/usr/local/bin:/var/run/com.apple.security.cryptexd/mnt/com.apple.MobileAsset.MetalToolchain-v17.3.7003.10.HWIt4u/Metal.xctoolchain/usr/libexec:/Applications/Xcode_26.3.app/Contents/Developer/Toolchains/XcodeDefault.xctoolchain/usr/bin:/Applications/Xcode_26.3.app/Contents/Developer/Toolchains/XcodeDefault.xctoolchain/usr/local/bin:/Applications/Xcode_26.3.app/Contents/Developer/Toolchains/XcodeDefault.xctoolchain/usr/libexec:/Applications/Xcode_26.3.app/Contents/Developer/Platforms/iPhoneOS.platform/usr/bin:/Applications/Xcode_26.3.app/Contents/Developer/Platforms/iPhoneOS.platform/usr/local/bin:/Applications/Xcode_26.3.app/Contents/Developer/Platforms/iPhoneOS.platform/Developer/usr/bin:/Applications/Xcode_26.3.app/Contents/Developer/Platforms/iPhoneOS.platform/Developer/usr/local/bin:/Applications/Xcode_26.3.app/Contents/Developer/usr/bin:/Applications/Xcode_26.3.app/Contents/Developer/usr/local/bin:/Users/runner/hostedtoolcache/Ruby/3.3.12/arm64/bin:/Users/runner/hostedtoolcache/node/20.20.2/arm64/bin:/Users/runner/.local/bin:/opt/homebrew/bin:/opt/homebrew/sbin:/Users/runner/.cargo/bin:/usr/local/opt/curl/bin:/usr/local/bin:/usr/local/sbin:/Users/runner/bin:/Users/runner/.yarn/bin:/Users/runner/Library/Android/sdk/tools:/Users/runner/Library/Android/sdk/platform-tools:/Library/Frameworks/Python.framework/Versions/Current/bin:/Library/Frameworks/Mono.framework/Versions/Current/Commands:/usr/bin:/bin:/usr/sbin:/sbin:/Users/runner/.dotnet/tools
    export PATH_PREFIXES_EXCLUDED_FROM_HEADER_DEPENDENCIES\=/usr/include\ /usr/local/include\ /System/Library/Frameworks\ /System/Library/PrivateFrameworks\ /Applications/Xcode_26.3.app/Contents/Developer/Headers\ /Applications/Xcode_26.3.app/Contents/Developer/SDKs\ /Applications/Xcode_26.3.app/Contents/Developer/Platforms
    export PER_ARCH_MODULE_FILE_DIR\=/Users/runner/work/App/App/build/Build/Intermediates.noindex/Pods.build/Release-iphoneos/hermes-engine.build/Objects-normal/undefined_arch
    export PER_ARCH_OBJECT_FILE_DIR\=/Users/runner/work/App/App/build/Build/Intermediates.noindex/Pods.build/Release-iphoneos/hermes-engine.build/Objects-normal/undefined_arch
    export PER_VARIANT_OBJECT_FILE_DIR\=/Users/runner/work/App/App/build/Build/Intermediates.noindex/Pods.build/Release-iphoneos/hermes-engine.build/Objects-normal
    export PKGINFO_FILE_PATH\=/Users/runner/work/App/App/build/Build/Intermediates.noindex/Pods.build/Release-iphoneos/hermes-engine.build/PkgInfo
    export PLATFORM_DEVELOPER_APPLICATIONS_DIR\=/Applications/Xcode_26.3.app/Contents/Developer/Platforms/iPhoneOS.platform/Developer/Applications
    export PLATFORM_DEVELOPER_BIN_DIR\=/Applications/Xcode_26.3.app/Contents/Developer/Platforms/iPhoneOS.platform/Developer/usr/bin
    export PLATFORM_DEVELOPER_LIBRARY_DIR\=/Applications/Xcode_26.3.app/Contents/Developer/Platforms/iPhoneOS.platform/Developer/Library
    export PLATFORM_DEVELOPER_SDK_DIR\=/Applications/Xcode_26.3.app/Contents/Developer/Platforms/iPhoneOS.platform/Developer/SDKs
    export PLATFORM_DEVELOPER_TOOLS_DIR\=/Applications/Xcode_26.3.app/Contents/Developer/Platforms/iPhoneOS.platform/Developer/Tools
    export PLATFORM_DEVELOPER_USR_DIR\=/Applications/Xcode_26.3.app/Contents/Developer/Platforms/iPhoneOS.platform/Developer/usr
    export PLATFORM_DIR\=/Applications/Xcode_26.3.app/Contents/Developer/Platforms/iPhoneOS.platform
    export PLATFORM_DISPLAY_NAME\=iOS
    export PLATFORM_FAMILY_NAME\=iOS
    export PLATFORM_NAME\=iphoneos
    export PLATFORM_PREFERRED_ARCH\=arm64
    export PLATFORM_PRODUCT_BUILD_VERSION\=23C57
    export PLATFORM_REQUIRES_SWIFT_AUTOLINK_EXTRACT\=NO
    export PLATFORM_REQUIRES_SWIFT_MODULEWRAP\=NO
    export PLIST_FILE_OUTPUT_FORMAT\=binary
    export PODFILE_DIR\=/Users/runner/work/App/App/ios/Pods/..
    export PODS_BUILD_DIR\=/Users/runner/work/App/App/build/Build/Products
    export PODS_CONFIGURATION_BUILD_DIR\=/Users/runner/work/App/App/build/Build/Products/Release-iphoneos
    export PODS_DEVELOPMENT_LANGUAGE\=en
    export PODS_ROOT\=/Users/runner/work/App/App/ios/Pods
    export PODS_TARGET_SRCROOT\=/Users/runner/work/App/App/ios/Pods/hermes-engine
    export PODS_XCFRAMEWORKS_BUILD_DIR\=/Users/runner/work/App/App/build/Build/Products/Release-iphoneos/XCFrameworkIntermediates
    export PRECOMPS_INCLUDE_HEADERS_FROM_BUILT_PRODUCTS_DIR\=YES
    export PRECOMP_DESTINATION_DIR\=/Users/runner/work/App/App/build/Build/Intermediates.noindex/Pods.build/Release-iphoneos/hermes-engine.build/PrefixHeaders
    export PROCESSED_INFOPLIST_PATH\=/Users/runner/work/App/App/build/Build/Intermediates.noindex/Pods.build/Release-iphoneos/hermes-engine.build/Objects-normal/undefined_arch/Processed-Info.plist
    export PRODUCT_BUNDLE_IDENTIFIER\=org.cocoapods.hermes-engine
    export PRODUCT_MODULE_NAME\=hermes_engine
    export PRODUCT_NAME\=hermes-engine
    export PRODUCT_SETTINGS_PATH\=
    export PROFILING_CODE\=NO
    export PROJECT\=Pods
    export PROJECT_DERIVED_FILE_DIR\=/Users/runner/work/App/App/build/Build/Intermediates.noindex/Pods.build/DerivedSources
    export PROJECT_DIR\=/Users/runner/work/App/App/ios/Pods
    export PROJECT_FILE_PATH\=/Users/runner/work/App/App/ios/Pods/Pods.xcodeproj
    export PROJECT_GUID\=8699adb1dd336b26511df848a716bd42
    export PROJECT_NAME\=Pods
    export PROJECT_TEMP_DIR\=/Users/runner/work/App/App/build/Build/Intermediates.noindex/Pods.build
    export PROJECT_TEMP_ROOT\=/Users/runner/work/App/App/build/Build/Intermediates.noindex
    export REACT_NATIVE_PATH\=/Users/runner/work/App/App/ios/Pods/../../node_modules/react-native
    export RECOMMENDED_IPHONEOS_DEPLOYMENT_TARGET\=15.0
    export RECURSIVE_SEARCH_PATHS_FOLLOW_SYMLINKS\=YES
    export REMOVE_CVS_FROM_RESOURCES\=YES
    export REMOVE_GIT_FROM_RESOURCES\=YES
    export REMOVE_HEADERS_FROM_EMBEDDED_BUNDLES\=YES
    export REMOVE_HG_FROM_RESOURCES\=YES
    export REMOVE_STATIC_EXECUTABLES_FROM_EMBEDDED_BUNDLES\=YES
    export REMOVE_SVN_FROM_RESOURCES\=YES
    export RESCHEDULE_INDEPENDENT_HEADERS_PHASES\=YES
    export REZ_COLLECTOR_DIR\=/Users/runner/work/App/App/build/Build/Intermediates.noindex/Pods.build/Release-iphoneos/hermes-engine.build/ResourceManagerResources
    export REZ_OBJECTS_DIR\=/Users/runner/work/App/App/build/Build/Intermediates.noindex/Pods.build/Release-iphoneos/hermes-engine.build/ResourceManagerResources/Objects
    export RUNTIME_EXCEPTION_ALLOW_DYLD_ENVIRONMENT_VARIABLES\=NO
    export RUNTIME_EXCEPTION_ALLOW_JIT\=NO
    export RUNTIME_EXCEPTION_ALLOW_UNSIGNED_EXECUTABLE_MEMORY\=NO
    export RUNTIME_EXCEPTION_DEBUGGING_TOOL\=NO
    export RUNTIME_EXCEPTION_DISABLE_EXECUTABLE_PAGE_PROTECTION\=NO
    export RUNTIME_EXCEPTION_DISABLE_LIBRARY_VALIDATION\=NO
    export SCAN_ALL_SOURCE_FILES_FOR_INCLUDES\=NO
    export SCRIPT_INPUT_FILE_COUNT\=0
    export SCRIPT_INPUT_FILE_LIST_COUNT\=0
    export SCRIPT_OUTPUT_FILE_COUNT\=0
    export SCRIPT_OUTPUT_FILE_LIST_COUNT\=0
    export SDKROOT\=/Applications/Xcode_26.3.app/Contents/Developer/Platforms/iPhoneOS.platform/Developer/SDKs/iPhoneOS26.2.sdk
    export SDK_DIR\=/Applications/Xcode_26.3.app/Contents/Developer/Platforms/iPhoneOS.platform/Developer/SDKs/iPhoneOS26.2.sdk
    export SDK_DIR_iphoneos\=/Applications/Xcode_26.3.app/Contents/Developer/Platforms/iPhoneOS.platform/Developer/SDKs/iPhoneOS26.2.sdk
    export SDK_DIR_iphoneos26_2\=/Applications/Xcode_26.3.app/Contents/Developer/Platforms/iPhoneOS.platform/Developer/SDKs/iPhoneOS26.2.sdk
    export SDK_NAME\=iphoneos26.2
    export SDK_NAMES\=iphoneos26.2
    export SDK_PRODUCT_BUILD_VERSION\=23C57
    export SDK_STAT_CACHE_DIR\=/Users/runner/work/App/App/build
    export SDK_STAT_CACHE_ENABLE\=YES
    export SDK_STAT_CACHE_PATH\=/Users/runner/work/App/App/build/SDKStatCaches.noindex/iphoneos26.2-23C57-dc75598d0054f22ec865fa860f139d722dd23b4ebda140f7210d155ff1243552.sdkstatcache
    export SDK_VERSION\=26.2
    export SDK_VERSION_ACTUAL\=260200
    export SDK_VERSION_MAJOR\=260000
    export SDK_VERSION_MINOR\=260200
    export SED\=/usr/bin/sed
    export SEPARATE_STRIP\=NO
    export SEPARATE_SYMBOL_EDIT\=NO
    export SET_DIR_MODE_OWNER_GROUP\=YES
    export SET_FILE_MODE_OWNER_GROUP\=NO
    export SHALLOW_BUNDLE\=NO
    export SHARED_DERIVED_FILE_DIR\=/Users/runner/work/App/App/build/Build/Products/Release-iphoneos/hermes-engine/DerivedSources
    export SHARED_PRECOMPS_DIR\=/Users/runner/work/App/App/build/Build/Intermediates.noindex/PrecompiledHeaders
    export SKIP_INSTALL\=YES
    export SOURCE_ROOT\=/Users/runner/work/App/App/ios/Pods
    export SRCROOT\=/Users/runner/work/App/App/ios/Pods
    export STRINGSDATA_DIR\=/Users/runner/work/App/App/build/Build/Intermediates.noindex/Pods.build/Release-iphoneos/hermes-engine.build/Objects-normal/undefined_arch
    export STRINGSDATA_ROOT\=/Users/runner/work/App/App/build/Build/Intermediates.noindex/Pods.build/Release-iphoneos/hermes-engine.build
    export STRINGS_FILE_INFOPLIST_RENAME\=YES
    export STRINGS_FILE_OUTPUT_ENCODING\=binary
    export STRING_CATALOG_GENERATE_SYMBOLS\=NO
    export STRIP_BITCODE_FROM_COPIED_FILES\=YES
    export STRIP_INSTALLED_PRODUCT\=NO
    export STRIP_STYLE\=all
    export STRIP_SWIFT_SYMBOLS\=YES
    export SUPPORTED_DEVICE_FAMILIES\=1,2
    export SUPPORTED_PLATFORMS\=iphoneos\ iphonesimulator
    export SUPPORTS_MACCATALYST\=YES
    export SUPPORTS_MAC_DESIGNED_FOR_IPHONE_IPAD\=YES
    export SUPPORTS_TEXT_BASED_API\=NO
    export SUPPORTS_XR_DESIGNED_FOR_IPHONE_IPAD\=YES
    export SUPPRESS_WARNINGS\=NO
    export SWIFT_COMPILATION_MODE\=wholemodule
    export SWIFT_EMIT_CONST_VALUE_PROTOCOLS\=AppIntent\ EntityQuery\ AppEntity\ TransientEntity\ AppEnum\ AppShortcutProviding\ AppShortcutsProvider\ AnyResolverProviding\ AppIntentsPackage\ DynamicOptionsProvider\ _IntentValueRepresentable\ _AssistantIntentsProvider\ _GenerativeFunctionExtractable\ IntentValueQuery\ Resolver\ AppExtension\ ExtensionPointDefining
    export SWIFT_EMIT_LOC_STRINGS\=NO
    export SWIFT_EMIT_MODULE_INTERFACE\=NO
    export SWIFT_ENABLE_EXPLICIT_MODULES\=NO
    export SWIFT_OPTIMIZATION_LEVEL\=-O
    export SWIFT_PLATFORM_TARGET_PREFIX\=ios
    export SWIFT_RESPONSE_FILE_PATH_normal_arm64\=/Users/runner/work/App/App/build/Build/Intermediates.noindex/Pods.build/Release-iphoneos/hermes-engine.build/Objects-normal/arm64/hermes-engine.SwiftFileList
    export SWIFT_VERSION\=5.0
    export SYMROOT\=/Users/runner/work/App/App/build/Build/Products
    export SYSTEM_ADMIN_APPS_DIR\=/Applications/Utilities
    export SYSTEM_APPS_DIR\=/Applications
    export SYSTEM_CORE_SERVICES_DIR\=/System/Library/CoreServices
    export SYSTEM_DEMOS_DIR\=/Applications/Extras
    export SYSTEM_DEVELOPER_APPS_DIR\=/Applications/Xcode_26.3.app/Contents/Developer/Applications
    export SYSTEM_DEVELOPER_BIN_DIR\=/Applications/Xcode_26.3.app/Contents/Developer/usr/bin
    export SYSTEM_DEVELOPER_DEMOS_DIR\=/Applications/Xcode_26.3.app/Contents/Developer/Applications/Utilities/Built\ Examples
    export SYSTEM_DEVELOPER_DIR\=/Applications/Xcode_26.3.app/Contents/Developer
    export SYSTEM_DEVELOPER_DOC_DIR\=/Applications/Xcode_26.3.app/Contents/Developer/ADC\ Reference\ Library
    export SYSTEM_DEVELOPER_GRAPHICS_TOOLS_DIR\=/Applications/Xcode_26.3.app/Contents/Developer/Applications/Graphics\ Tools
    export SYSTEM_DEVELOPER_JAVA_TOOLS_DIR\=/Applications/Xcode_26.3.app/Contents/Developer/Applications/Java\ Tools
    export SYSTEM_DEVELOPER_PERFORMANCE_TOOLS_DIR\=/Applications/Xcode_26.3.app/Contents/Developer/Applications/Performance\ Tools
    export SYSTEM_DEVELOPER_RELEASENOTES_DIR\=/Applications/Xcode_26.3.app/Contents/Developer/ADC\ Reference\ Library/releasenotes
    export SYSTEM_DEVELOPER_TOOLS\=/Applications/Xcode_26.3.app/Contents/Developer/Tools
    export SYSTEM_DEVELOPER_TOOLS_DOC_DIR\=/Applications/Xcode_26.3.app/Contents/Developer/ADC\ Reference\ Library/documentation/DeveloperTools
    export SYSTEM_DEVELOPER_TOOLS_RELEASENOTES_DIR\=/Applications/Xcode_26.3.app/Contents/Developer/ADC\ Reference\ Library/releasenotes/DeveloperTools
    export SYSTEM_DEVELOPER_USR_DIR\=/Applications/Xcode_26.3.app/Contents/Developer/usr
    export SYSTEM_DEVELOPER_UTILITIES_DIR\=/Applications/Xcode_26.3.app/Contents/Developer/Applications/Utilities
    export SYSTEM_DEXT_INSTALL_PATH\=/System/Library/DriverExtensions
    export SYSTEM_DOCUMENTATION_DIR\=/Library/Documentation
    export SYSTEM_KEXT_INSTALL_PATH\=/System/Library/Extensions
    export SYSTEM_LIBRARY_DIR\=/System/Library
    export TAPI_DEMANGLE\=YES
    export TAPI_ENABLE_PROJECT_HEADERS\=NO
    export TAPI_LANGUAGE\=objective-c
    export TAPI_LANGUAGE_STANDARD\=compiler-default
    export TAPI_USE_SRCROOT\=YES
    export TAPI_VERIFY_MODE\=Pedantic
    export TARGETED_DEVICE_FAMILY\=1,2
    export TARGETNAME\=hermes-engine
    export TARGET_BUILD_DIR\=/Users/runner/work/App/App/build/Build/Products/Release-iphoneos/hermes-engine
    export TARGET_NAME\=hermes-engine
    export TARGET_TEMP_DIR\=/Users/runner/work/App/App/build/Build/Intermediates.noindex/Pods.build/Release-iphoneos/hermes-engine.build
    export TEMP_DIR\=/Users/runner/work/App/App/build/Build/Intermediates.noindex/Pods.build/Release-iphoneos/hermes-engine.build
    export TEMP_FILES_DIR\=/Users/runner/work/App/App/build/Build/Intermediates.noindex/Pods.build/Release-iphoneos/hermes-engine.build
    export TEMP_FILE_DIR\=/Users/runner/work/App/App/build/Build/Intermediates.noindex/Pods.build/Release-iphoneos/hermes-engine.build
    export TEMP_ROOT\=/Users/runner/work/App/App/build/Build/Intermediates.noindex
    export TEMP_SANDBOX_DIR\=/Users/runner/work/App/App/build/Build/Intermediates.noindex/TemporaryTaskSandboxes
    export TEST_FRAMEWORK_SEARCH_PATHS\=\ /Applications/Xcode_26.3.app/Contents/Developer/Platforms/iPhoneOS.platform/Developer/Library/Frameworks\ /Applications/Xcode_26.3.app/Contents/Developer/Platforms/iPhoneOS.platform/Developer/SDKs/iPhoneOS26.2.sdk/Developer/Library/Frameworks
    export TEST_LIBRARY_SEARCH_PATHS\=\ /Applications/Xcode_26.3.app/Contents/Developer/Platforms/iPhoneOS.platform/Developer/usr/lib
    export TOOLCHAINS\=com.apple.dt.toolchain.Metal.32023.864\ com.apple.dt.toolchain.XcodeDefault
    export TOOLCHAIN_DIR\=/var/run/com.apple.security.cryptexd/mnt/com.apple.MobileAsset.MetalToolchain-v17.3.7003.10.HWIt4u/Metal.xctoolchain
    export TOOLCHAIN_VERSION\=32023.864
    export TREAT_MISSING_BASELINES_AS_TEST_FAILURES\=NO
    export TREAT_MISSING_SCRIPT_PHASE_OUTPUTS_AS_ERRORS\=NO
    export UID\=501
    export UNINSTALLED_PRODUCTS_DIR\=/Users/runner/work/App/App/build/Build/Intermediates.noindex/UninstalledProducts
    export UNSTRIPPED_PRODUCT\=NO
    export USER\=runner
    export USER_APPS_DIR\=/Users/runner/Applications
    export USER_LIBRARY_DIR\=/Users/runner/Library
    export USE_DYNAMIC_NO_PIC\=YES
    export USE_HEADERMAP\=YES
    export USE_HEADER_SYMLINKS\=NO
    export USE_HERMES\=true
    export USE_RECURSIVE_SCRIPT_INPUTS_IN_SCRIPT_PHASES\=YES
    export VALIDATE_DEVELOPMENT_ASSET_PATHS\=YES_ERROR
    export VALIDATE_PRODUCT\=YES
    export VALID_ARCHS\=arm64\ arm64e\ armv7\ armv7s
    export VERBOSE_PBXCP\=NO
    export VERSION_INFO_BUILDER\=runner
    export VERSION_INFO_FILE\=hermes-engine_vers.c
    export VERSION_INFO_STRING\=\"@\(\#\)PROGRAM:hermes-engine\ \ PROJECT:Pods-\"
    export WORKSPACE_DIR\=/Users/runner/work/App/App/ios
    export WRAP_ASSET_PACKS_IN_SEPARATE_DIRECTORIES\=NO
    export XCODE_APP_SUPPORT_DIR\=/Applications/Xcode_26.3.app/Contents/Developer/Library/Xcode
    export XCODE_PRODUCT_BUILD_VERSION\=17C529
    export XCODE_VERSION_ACTUAL\=2630
    export XCODE_VERSION_MAJOR\=2600
    export XCODE_VERSION_MINOR\=2630
    export XPCSERVICES_FOLDER_PATH\=/XPCServices
    export YACC\=yacc
    export _DISCOVER_COMMAND_LINE_LINKER_INPUTS\=YES
    export _DISCOVER_COMMAND_LINE_LINKER_INPUTS_INCLUDE_WL\=YES
    export _LD_MULTIARCH\=YES
    export __DIAGNOSE_DEPRECATED_ARCHS\=YES
    export arch\=undefined_arch
    export variant\=normal
    /bin/sh -c /Users/runner/work/App/App/build/Build/Intermediates.noindex/Pods.build/Release-iphoneos/hermes-engine.build/Script-46EB2E000160C0.sh
Node found at: /Users/runner/hostedtoolcache/node/20.20.2/arm64/bin/node
Preparing the final location
Extracting the tarball
Done replacing hermes-engine

PhaseScriptExecution [CP-User]\ [RNDeps]\ Replace\ React\ Native\ Dependencies\ for\ the\ right\ configuration,\ if\ needed /Users/runner/work/App/App/build/Build/Intermediates.noindex/Pods.build/Release-iphoneos/ReactNativeDependencies.build/Script-46EB2E000160A0.sh (in target 'ReactNativeDependencies' from project 'Pods')
    cd /Users/runner/work/App/App/ios/Pods
    export ACTION\=build
    export AD_HOC_CODE_SIGNING_ALLOWED\=NO
    export ALLOW_BUILD_REQUEST_OVERRIDES\=NO
    export ALLOW_TARGET_PLATFORM_SPECIALIZATION\=NO
    export ALTERNATE_GROUP\=staff
    export ALTERNATE_MODE\=u+w,go-w,a+rX
    export ALTERNATE_OWNER\=runner
    export ALTERNATIVE_DISTRIBUTION_WEB\=NO
    export ALWAYS_EMBED_SWIFT_STANDARD_LIBRARIES\=NO
    export ALWAYS_SEARCH_USER_PATHS\=NO
    export ALWAYS_USE_SEPARATE_HEADERMAPS\=NO
    export ANDROID_DEPLOYMENT_TARGET\=21.0
    export APPLICATION_EXTENSION_API_ONLY\=NO
    export APPLY_RULES_IN_COPY_FILES\=NO
    export APPLY_RULES_IN_COPY_HEADERS\=NO
    export APP_SHORTCUTS_ENABLE_FLEXIBLE_MATCHING\=YES
    export ARCHS\=arm64
    export ARCHS_STANDARD\=arm64
    export ARCHS_STANDARD_32_64_BIT\=armv7\ arm64
    export ARCHS_STANDARD_32_BIT\=armv7
    export ARCHS_STANDARD_64_BIT\=arm64
    export ARCHS_STANDARD_INCLUDING_64_BIT\=arm64
    export ARCHS_UNIVERSAL_IPHONE_OS\=armv7\ arm64
    export ASSETCATALOG_COMPILER_APPICON_NAME\=AppIcon
    export ASSETCATALOG_COMPILER_GLOBAL_ACCENT_COLOR_NAME\=AccentColor
    export AUTOMATICALLY_MERGE_DEPENDENCIES\=NO
    export AUTOMATION_APPLE_EVENTS\=NO
    export AVAILABLE_PLATFORMS\=android\ appletvos\ appletvsimulator\ driverkit\ iphoneos\ iphonesimulator\ macosx\ qnx\ watchos\ watchsimulator\ webassembly\ xros\ xrsimulator
    export BUILD_ACTIVE_RESOURCES_ONLY\=NO
    export BUILD_COMPONENTS\=headers\ build
    export BUILD_DIR\=/Users/runner/work/App/App/build/Build/Products
    export BUILD_LIBRARY_FOR_DISTRIBUTION\=NO
    export BUILD_ROOT\=/Users/runner/work/App/App/build/Build/Products
    export BUILD_STYLE\=
    export BUILD_VARIANTS\=normal
    export BUILT_PRODUCTS_DIR\=/Users/runner/work/App/App/build/Build/Products/Release-iphoneos/ReactNativeDependencies
    export BUNDLE_CONTENTS_FOLDER_PATH_deep\=Contents/
    export BUNDLE_EXECUTABLE_FOLDER_NAME_deep\=MacOS
    export BUNDLE_EXTENSIONS_FOLDER_PATH\=Extensions
    export BUNDLE_FORMAT\=shallow
    export BUNDLE_FRAMEWORKS_FOLDER_PATH\=Frameworks
    export BUNDLE_PLUGINS_FOLDER_PATH\=PlugIns
    export BUNDLE_PRIVATE_HEADERS_FOLDER_PATH\=PrivateHeaders
    export BUNDLE_PUBLIC_HEADERS_FOLDER_PATH\=Headers
    export CACHE_ROOT\=/var/folders/nj/vtw8zd2j31d1gdrtntc5y4600000gn/C/com.apple.DeveloperTools/26.3-17C529/Xcode
    export CCHROOT\=/var/folders/nj/vtw8zd2j31d1gdrtntc5y4600000gn/C/com.apple.DeveloperTools/26.3-17C529/Xcode
    export CHMOD\=/bin/chmod
    export CHOWN\=/usr/sbin/chown
    export CLANG_ANALYZER_LOCALIZABILITY_NONLOCALIZED\=YES
    export CLANG_ANALYZER_NONNULL\=YES
    export CLANG_ANALYZER_NUMBER_OBJECT_CONVERSION\=YES_AGGRESSIVE
    export CLANG_CACHE_FINE_GRAINED_OUTPUTS\=YES
    export CLANG_CXX_LANGUAGE_STANDARD\=c++20
    export CLANG_CXX_LIBRARY\=libc++
    export CLANG_ENABLE_EXPLICIT_MODULES\=YES
    export CLANG_ENABLE_MODULES\=YES
    export CLANG_ENABLE_OBJC_ARC\=YES
    export CLANG_ENABLE_OBJC_WEAK\=NO
    export CLANG_MODULES_BUILD_SESSION_FILE\=/Users/runner/work/App/App/build/ModuleCache.noindex/Session.modulevalidation
    export CLANG_WARN_BLOCK_CAPTURE_AUTORELEASING\=YES
    export CLANG_WARN_BOOL_CONVERSION\=YES
    export CLANG_WARN_COMMA\=YES
    export CLANG_WARN_CONSTANT_CONVERSION\=YES
    export CLANG_WARN_DEPRECATED_OBJC_IMPLEMENTATIONS\=YES
    export CLANG_WARN_DIRECT_OBJC_ISA_USAGE\=YES_ERROR
    export CLANG_WARN_DOCUMENTATION_COMMENTS\=YES
    export CLANG_WARN_EMPTY_BODY\=YES
    export CLANG_WARN_ENUM_CONVERSION\=YES
    export CLANG_WARN_INFINITE_RECURSION\=YES
    export CLANG_WARN_INT_CONVERSION\=YES
    export CLANG_WARN_NON_LITERAL_NULL_CONVERSION\=YES
    export CLANG_WARN_OBJC_IMPLICIT_RETAIN_SELF\=YES
    export CLANG_WARN_OBJC_LITERAL_CONVERSION\=YES
    export CLANG_WARN_OBJC_ROOT_CLASS\=YES_ERROR
    export CLANG_WARN_QUOTED_INCLUDE_IN_FRAMEWORK_HEADER\=NO
    export CLANG_WARN_RANGE_LOOP_ANALYSIS\=YES
    export CLANG_WARN_STRICT_PROTOTYPES\=YES
    export CLANG_WARN_SUSPICIOUS_MOVE\=YES
    export CLANG_WARN_UNGUARDED_AVAILABILITY\=YES_AGGRESSIVE
    export CLANG_WARN_UNREACHABLE_CODE\=YES
    export CLANG_WARN__DUPLICATE_METHOD_MATCH\=YES
    export CLASS_FILE_DIR\=/Users/runner/work/App/App/build/Build/Intermediates.noindex/Pods.build/Release-iphoneos/ReactNativeDependencies.build/JavaClasses
    export CLEAN_PRECOMPS\=YES
    export CLONE_HEADERS\=NO
    export CODESIGNING_FOLDER_PATH\=/Users/runner/work/App/App/build/Build/Products/Release-iphoneos/ReactNativeDependencies/
    export CODE_SIGNING_ALLOWED\=NO
    export CODE_SIGNING_REQUIRED\=NO
    export CODE_SIGN_CONTEXT_CLASS\=XCiPhoneOSCodeSignContext
    export CODE_SIGN_INJECT_BASE_ENTITLEMENTS\=YES
    export COLOR_DIAGNOSTICS\=NO
    export COMBINE_HIDPI_IMAGES\=NO
    export COMPILATION_CACHE_CAS_PATH\=/Users/runner/work/App/App/build/CompilationCache.noindex
    export COMPILATION_CACHE_KEEP_CAS_DIRECTORY\=YES
    export COMPILER_INDEX_STORE_ENABLE\=NO
    export COMPOSITE_SDK_DIRS\=/Users/runner/work/App/App/build/Build/Intermediates.noindex/CompositeSDKs
    export COMPRESS_PNG_FILES\=YES
    export CONFIGURATION\=Release
    export CONFIGURATION_BUILD_DIR\=/Users/runner/work/App/App/build/Build/Products/Release-iphoneos/ReactNativeDependencies
    export CONFIGURATION_TEMP_DIR\=/Users/runner/work/App/App/build/Build/Intermediates.noindex/Pods.build/Release-iphoneos
    export COPYING_PRESERVES_HFS_DATA\=NO
    export COPY_HEADERS_RUN_UNIFDEF\=NO
    export COPY_PHASE_STRIP\=NO
    export CORRESPONDING_SIMULATOR_PLATFORM_DIR\=/Applications/Xcode_26.3.app/Contents/Developer/Platforms/iPhoneSimulator.platform
    export CORRESPONDING_SIMULATOR_PLATFORM_NAME\=iphonesimulator
    export CORRESPONDING_SIMULATOR_SDK_DIR\=/Applications/Xcode_26.3.app/Contents/Developer/Platforms/iPhoneSimulator.platform/Developer/SDKs/iPhoneSimulator26.2.sdk
    export CORRESPONDING_SIMULATOR_SDK_NAME\=iphonesimulator26.2
    export CP\=/bin/cp
    export CREATE_INFOPLIST_SECTION_IN_BINARY\=NO
    export CURRENT_ARCH\=undefined_arch
    export CURRENT_VARIANT\=normal
    export DEAD_CODE_STRIPPING\=YES
    export DEBUGGING_SYMBOLS\=YES
    export DEBUG_INFORMATION_FORMAT\=dwarf-with-dsym
    export DEBUG_INFORMATION_VERSION\=compiler-default
    export DEFAULT_COMPILER\=com.apple.compilers.llvm.clang.1_0
    export DEFAULT_DEXT_INSTALL_PATH\=/System/Library/DriverExtensions
    export DEFAULT_KEXT_INSTALL_PATH\=/System/Library/Extensions
    export DEFINES_MODULE\=NO
    export DEPLOYMENT_LOCATION\=NO
    export DEPLOYMENT_POSTPROCESSING\=NO
    export DEPLOYMENT_TARGET_SETTING_NAME\=IPHONEOS_DEPLOYMENT_TARGET
    export DEPLOYMENT_TARGET_SUGGESTED_VALUES\=12.0\ 12.1\ 12.2\ 12.3\ 12.4\ 13.0\ 13.1\ 13.2\ 13.3\ 13.4\ 13.5\ 13.6\ 14.0\ 14.1\ 14.2\ 14.3\ 14.4\ 14.5\ 14.6\ 14.7\ 15.0\ 15.1\ 15.2\ 15.3\ 15.4\ 15.5\ 15.6\ 16.0\ 16.1\ 16.2\ 16.3\ 16.4\ 16.5\ 16.6\ 17.0\ 17.1\ 17.2\ 17.3\ 17.4\ 17.5\ 17.6\ 18.0\ 18.1\ 18.2\ 18.3\ 18.4\ 18.5\ 18.6\ 26.0\ 26.1\ 26.2
    export DERIVED_FILES_DIR\=/Users/runner/work/App/App/build/Build/Intermediates.noindex/Pods.build/Release-iphoneos/ReactNativeDependencies.build/DerivedSources
    export DERIVED_FILE_DIR\=/Users/runner/work/App/App/build/Build/Intermediates.noindex/Pods.build/Release-iphoneos/ReactNativeDependencies.build/DerivedSources
    export DERIVED_SOURCES_DIR\=/Users/runner/work/App/App/build/Build/Intermediates.noindex/Pods.build/Release-iphoneos/ReactNativeDependencies.build/DerivedSources
    export DERIVE_MACCATALYST_PRODUCT_BUNDLE_IDENTIFIER\=NO
    export DEVELOPER_APPLICATIONS_DIR\=/Applications/Xcode_26.3.app/Contents/Developer/Applications
    export DEVELOPER_BIN_DIR\=/Applications/Xcode_26.3.app/Contents/Developer/usr/bin
    export DEVELOPER_DIR\=/Applications/Xcode_26.3.app/Contents/Developer
    export DEVELOPER_FRAMEWORKS_DIR\=/Applications/Xcode_26.3.app/Contents/Developer/Library/Frameworks
    export DEVELOPER_FRAMEWORKS_DIR_QUOTED\=/Applications/Xcode_26.3.app/Contents/Developer/Library/Frameworks
    export DEVELOPER_LIBRARY_DIR\=/Applications/Xcode_26.3.app/Contents/Developer/Library
    export DEVELOPER_SDK_DIR\=/Applications/Xcode_26.3.app/Contents/Developer/Platforms/MacOSX.platform/Developer/SDKs
    export DEVELOPER_TOOLS_DIR\=/Applications/Xcode_26.3.app/Contents/Developer/Tools
    export DEVELOPER_USR_DIR\=/Applications/Xcode_26.3.app/Contents/Developer/usr
    export DEVELOPMENT_LANGUAGE\=en
    export DIAGNOSE_MISSING_TARGET_DEPENDENCIES\=YES
    export DIFF\=/usr/bin/diff
    export DONT_GENERATE_INFOPLIST_FILE\=NO
    export DSTROOT\=/tmp/Pods.dst
    export DT_TOOLCHAIN_DIR\=/Applications/Xcode_26.3.app/Contents/Developer/Toolchains/XcodeDefault.xctoolchain
    export DWARF_DSYM_FILE_NAME\=.dSYM
    export DWARF_DSYM_FILE_SHOULD_ACCOMPANY_PRODUCT\=NO
    export DWARF_DSYM_FOLDER_PATH\=/Users/runner/work/App/App/build/Build/Products/Release-iphoneos/ReactNativeDependencies
    export DYNAMIC_LIBRARY_EXTENSION\=dylib
    export EAGER_COMPILATION_ALLOW_SCRIPTS\=NO
    export EAGER_LINKING\=NO
    export EFFECTIVE_PLATFORM_NAME\=-iphoneos
    export EMBEDDED_CONTENT_CONTAINS_SWIFT\=NO
    export EMBEDDED_PROFILE_NAME\=embedded.mobileprovision
    export EMBED_ASSET_PACKS_IN_PRODUCT_BUNDLE\=NO
    export ENABLE_APP_SANDBOX\=NO
    export ENABLE_CODE_COVERAGE\=YES
    export ENABLE_CPLUSPLUS_BOUNDS_SAFE_BUFFERS\=NO
    export ENABLE_C_BOUNDS_SAFETY\=NO
    export ENABLE_DEBUG_DYLIB\=NO
    export ENABLE_DEFAULT_HEADER_SEARCH_PATHS\=YES
    export ENABLE_DEFAULT_SEARCH_PATHS\=YES
    export ENABLE_ENHANCED_SECURITY\=NO
    export ENABLE_HARDENED_RUNTIME\=NO
    export ENABLE_HEADER_DEPENDENCIES\=YES
    export ENABLE_INCOMING_NETWORK_CONNECTIONS\=NO
    export ENABLE_NS_ASSERTIONS\=NO
    export ENABLE_ON_DEMAND_RESOURCES\=NO
    export ENABLE_OUTGOING_NETWORK_CONNECTIONS\=NO
    export ENABLE_POINTER_AUTHENTICATION\=NO
    export ENABLE_PREVIEWS\=NO
    export ENABLE_RESOURCE_ACCESS_AUDIO_INPUT\=NO
    export ENABLE_RESOURCE_ACCESS_BLUETOOTH\=NO
    export ENABLE_RESOURCE_ACCESS_CALENDARS\=NO
    export ENABLE_RESOURCE_ACCESS_CAMERA\=NO
    export ENABLE_RESOURCE_ACCESS_CONTACTS\=NO
    export ENABLE_RESOURCE_ACCESS_LOCATION\=NO
    export ENABLE_RESOURCE_ACCESS_PHOTO_LIBRARY\=NO
    export ENABLE_RESOURCE_ACCESS_PRINTING\=NO
    export ENABLE_RESOURCE_ACCESS_USB\=NO
    export ENABLE_SDK_IMPORTS\=NO
    export ENABLE_SECURITY_COMPILER_WARNINGS\=NO
    export ENABLE_STRICT_OBJC_MSGSEND\=YES
    export ENABLE_TESTABILITY\=NO
    export ENABLE_TESTING_SEARCH_PATHS\=NO
    export ENABLE_USER_SCRIPT_SANDBOXING\=NO
    export ENABLE_XOJIT_PREVIEWS\=NO
    export ENFORCE_VALID_ARCHS\=YES
    export ENTITLEMENTS_DESTINATION\=Signature
    export ENTITLEMENTS_REQUIRED\=YES
    export EXCLUDED_INSTALLSRC_SUBDIRECTORY_PATTERNS\=.DS_Store\ .svn\ .git\ .hg\ CVS
    export EXCLUDED_RECURSIVE_SEARCH_PATH_SUBDIRECTORIES\=\*.nib\ \*.lproj\ \*.framework\ \*.gch\ \*.xcode\*\ \*.xcassets\ \*.icon\ \(\*\)\ .DS_Store\ CVS\ .svn\ .git\ .hg\ \*.pbproj\ \*.pbxproj
    export FILE_LIST\=/Users/runner/work/App/App/build/Build/Intermediates.noindex/Pods.build/Release-iphoneos/ReactNativeDependencies.build/Objects/LinkFileList
    export FIXED_FILES_DIR\=/Users/runner/work/App/App/build/Build/Intermediates.noindex/Pods.build/Release-iphoneos/ReactNativeDependencies.build/FixedFiles
    export FRAMEWORK_SEARCH_PATHS\=\ \"/Users/runner/work/App/App/ios/Pods/ReactNativeDependencies/framework/packages/react-native\"\ \"/Users/runner/work/App/App/build/Build/Products/Release-iphoneos/XCFrameworkIntermediates/ReactNativeDependencies\"
    export FRAMEWORK_VERSION\=A
    export FUSE_BUILD_PHASES\=YES
    export FUSE_BUILD_SCRIPT_PHASES\=NO
    export GCC3_VERSION\=3.3
    export GCC_C_LANGUAGE_STANDARD\=gnu11
    export GCC_NO_COMMON_BLOCKS\=YES
    export GCC_PFE_FILE_C_DIALECTS\=c\ objective-c\ c++\ objective-c++
    export GCC_PREPROCESSOR_DEFINITIONS\=POD_CONFIGURATION_RELEASE\=1\ \ COCOAPODS\=1
    export GCC_THUMB_SUPPORT\=YES
    export GCC_TREAT_WARNINGS_AS_ERRORS\=NO
    export GCC_VERSION\=com.apple.compilers.llvm.clang.1_0
    export GCC_VERSION_IDENTIFIER\=com_apple_compilers_llvm_clang_1_0
    export GCC_WARN_64_TO_32_BIT_CONVERSION\=YES
    export GCC_WARN_ABOUT_RETURN_TYPE\=YES_ERROR
    export GCC_WARN_UNDECLARED_SELECTOR\=YES
    export GCC_WARN_UNINITIALIZED_AUTOS\=YES_AGGRESSIVE
    export GCC_WARN_UNUSED_FUNCTION\=YES
    export GCC_WARN_UNUSED_VARIABLE\=YES
    export GENERATED_MODULEMAP_DIR\=/Users/runner/work/App/App/build/Build/Intermediates.noindex/GeneratedModuleMaps-iphoneos
    export GENERATE_INFOPLIST_FILE\=NO
    export GENERATE_INTERMEDIATE_TEXT_BASED_STUBS\=YES
    export GENERATE_PKGINFO_FILE\=NO
    export GENERATE_PRELINK_OBJECT_FILE\=NO
    export GENERATE_PROFILING_CODE\=NO
    export GENERATE_TEXT_BASED_STUBS\=NO
    export GID\=20
    export GROUP\=staff
    export HEADERMAP_INCLUDES_FLAT_ENTRIES_FOR_TARGET_BEING_BUILT\=YES
    export HEADERMAP_INCLUDES_FRAMEWORK_ENTRIES_FOR_ALL_PRODUCT_TYPES\=YES
    export HEADERMAP_INCLUDES_FRAMEWORK_ENTRIES_FOR_TARGETS_NOT_BEING_BUILT\=YES
    export HEADERMAP_INCLUDES_NONPUBLIC_NONPRIVATE_HEADERS\=YES
    export HEADERMAP_INCLUDES_PROJECT_HEADERS\=YES
    export HEADERMAP_USES_FRAMEWORK_PREFIX_ENTRIES\=YES
    export HEADERMAP_USES_VFS\=NO
    export HEADER_SEARCH_PATHS\=\ \"/Users/runner/work/App/App/ios/Pods/Headers/Private\"\ \"/Users/runner/work/App/App/ios/Pods/Headers/Private/ReactNativeDependencies\"\ \"/Users/runner/work/App/App/ios/Pods/Headers/Public\"\ \"/Users/runner/work/App/App/ios/Pods/Headers/Public/ReactNativeDependencies\"\ \"/Users/runner/work/App/App/ios/Pods/ExpoModulesCore/ExpoModulesCore.xcframework/ios-arm64_x86_64-simulator/ExpoModulesCore.framework/Headers\"\ \"/Users/runner/work/App/App/ios/Pods/ExpoModulesCore/ExpoModulesCore.xcframework/ios-arm64/ExpoModulesCore.framework/Headers\"\ \"/Users/runner/work/App/App/ios/Pods/ExpoModulesCore/ExpoModulesCore.xcframework/ios-arm64_x86_64-simulator/ExpoModulesCore.framework/Headers\"\ \"/Users/runner/work/App/App/ios/Pods/ExpoModulesCore/ExpoModulesCore.xcframework/ios-arm64/ExpoModulesCore.framework/Headers\"
    export HOME\=/Users/runner
    export HOST_ARCH\=arm64
    export HOST_PLATFORM\=macosx
    export ICONV\=/usr/bin/iconv
    export IMPLICIT_DEPENDENCY_DOMAIN\=default
    export INFOPLIST_ENABLE_CFBUNDLEICONS_MERGE\=YES
    export INFOPLIST_EXPAND_BUILD_SETTINGS\=YES
    export INFOPLIST_OUTPUT_FORMAT\=binary
    export INFOPLIST_PREPROCESS\=NO
    export INLINE_PRIVATE_FRAMEWORKS\=NO
    export INSTALLAPI_IGNORE_SKIP_INSTALL\=YES
    export INSTALLHDRS_COPY_PHASE\=NO
    export INSTALLHDRS_SCRIPT_PHASE\=NO
    export INSTALL_DIR\=/tmp/Pods.dst
    export INSTALL_GROUP\=staff
    export INSTALL_MODE_FLAG\=u+w,go-w,a+rX
    export INSTALL_OWNER\=runner
    export INSTALL_ROOT\=/tmp/Pods.dst
    export IPHONEOS_DEPLOYMENT_TARGET\=15.1
    export IS_UNOPTIMIZED_BUILD\=NO
    export JAVAC_DEFAULT_FLAGS\=-J-Xms64m\ -J-XX:NewSize\=4M\ -J-Dfile.encoding\=UTF8
    export JAVA_APP_STUB\=/System/Library/Frameworks/JavaVM.framework/Resources/MacOS/JavaApplicationStub
    export JAVA_ARCHIVE_CLASSES\=YES
    export JAVA_ARCHIVE_TYPE\=JAR
    export JAVA_COMPILER\=/usr/bin/javac
    export JAVA_FRAMEWORK_RESOURCES_DIRS\=Resources
    export JAVA_JAR_FLAGS\=cv
    export JAVA_SOURCE_SUBDIR\=.
    export JAVA_USE_DEPENDENCIES\=YES
    export JAVA_ZIP_FLAGS\=-urg
    export JIKES_DEFAULT_FLAGS\=+E\ +OLDCSO
    export KASAN_CFLAGS_CLASSIC\=-DKASAN\=1\ -DKASAN_CLASSIC\=1\ -fsanitize\=address\ -mllvm\ -asan-globals-live-support\ -mllvm\ -asan-force-dynamic-shadow
    export KASAN_CFLAGS_TBI\=-DKASAN\=1\ -DKASAN_TBI\=1\ -fsanitize\=kernel-hwaddress\ -mllvm\ -hwasan-recover\=0\ -mllvm\ -hwasan-instrument-atomics\=0\ -mllvm\ -hwasan-instrument-stack\=1\ -mllvm\ -hwasan-generate-tags-with-calls\=1\ -mllvm\ -hwasan-instrument-with-calls\=1\ -mllvm\ -hwasan-use-short-granules\=0\ -mllvm\ -hwasan-memory-access-callback-prefix\=__asan_
    export KASAN_DEFAULT_CFLAGS\=-DKASAN\=1\ -DKASAN_CLASSIC\=1\ -fsanitize\=address\ -mllvm\ -asan-globals-live-support\ -mllvm\ -asan-force-dynamic-shadow
    export KEEP_PRIVATE_EXTERNS\=NO
    export LD_DEPENDENCY_INFO_FILE\=/Users/runner/work/App/App/build/Build/Intermediates.noindex/Pods.build/Release-iphoneos/ReactNativeDependencies.build/Objects-normal/undefined_arch/ReactNativeDependencies_dependency_info.dat
    export LD_EXPORT_SYMBOLS\=YES
    export LD_GENERATE_MAP_FILE\=NO
    export LD_MAP_FILE_PATH\=/Users/runner/work/App/App/build/Build/Intermediates.noindex/Pods.build/Release-iphoneos/ReactNativeDependencies.build/ReactNativeDependencies-LinkMap-normal-undefined_arch.txt
    export LD_NO_PIE\=NO
    export LD_QUOTE_LINKER_ARGUMENTS_FOR_COMPILER_DRIVER\=YES
    export LD_RUNPATH_SEARCH_PATHS\=\ @executable_path/Frameworks
    export LD_SHARED_CACHE_ELIGIBLE\=Automatic
    export LD_WARN_DUPLICATE_LIBRARIES\=NO
    export LD_WARN_UNUSED_DYLIBS\=NO
    export LEGACY_DEVELOPER_DIR\=/Applications/Xcode_26.3.app/Contents/PlugIns/Xcode3Core.ideplugin/Contents/SharedSupport/Developer
    export LEX\=lex
    export LIBRARY_DEXT_INSTALL_PATH\=/Library/DriverExtensions
    export LIBRARY_FLAG_NOSPACE\=YES
    export LIBRARY_KEXT_INSTALL_PATH\=/Library/Extensions
    export LINKER_DISPLAYS_MANGLED_NAMES\=NO
    export LINK_FILE_LIST_normal_arm64\=/Users/runner/work/App/App/build/Build/Intermediates.noindex/Pods.build/Release-iphoneos/ReactNativeDependencies.build/Objects-normal/arm64/ReactNativeDependencies.LinkFileList
    export LINK_OBJC_RUNTIME\=YES
    export LINK_WITH_STANDARD_LIBRARIES\=YES
    export LLVM_TARGET_TRIPLE_OS_VERSION\=ios15.1
    export LLVM_TARGET_TRIPLE_VENDOR\=apple
    export LM_AUX_CONST_METADATA_LIST_PATH_normal_arm64\=/Users/runner/work/App/App/build/Build/Intermediates.noindex/Pods.build/Release-iphoneos/ReactNativeDependencies.build/Objects-normal/arm64/ReactNativeDependencies.SwiftConstValuesFileList
    export LOCALIZATION_EXPORT_SUPPORTED\=YES
    export LOCALIZATION_PREFERS_STRING_CATALOGS\=NO
    export LOCALIZED_STRING_MACRO_NAMES\=NSLocalizedString\ CFCopyLocalizedString
    export LOCALIZED_STRING_SWIFTUI_SUPPORT\=YES
    export LOCAL_ADMIN_APPS_DIR\=/Applications/Utilities
    export LOCAL_APPS_DIR\=/Applications
    export LOCAL_DEVELOPER_DIR\=/Library/Developer
    export LOCAL_LIBRARY_DIR\=/Library
    export LOCROOT\=/Users/runner/work/App/App/ios/Pods
    export LOCSYMROOT\=/Users/runner/work/App/App/ios/Pods
    export MAC_OS_X_PRODUCT_BUILD_VERSION\=24G830
    export MAC_OS_X_VERSION_ACTUAL\=150709
    export MAC_OS_X_VERSION_MAJOR\=150000
    export MAC_OS_X_VERSION_MINOR\=150700
    export MAKE_MERGEABLE\=NO
    export MERGEABLE_LIBRARY\=NO
    export MERGED_BINARY_TYPE\=none
    export MERGE_LINKED_LIBRARIES\=NO
    export METAL_LIBRARY_FILE_BASE\=default
    export METAL_LIBRARY_OUTPUT_DIR\=/Users/runner/work/App/App/build/Build/Products/Release-iphoneos/ReactNativeDependencies/
    export MODULE_CACHE_DIR\=/Users/runner/work/App/App/build/ModuleCache.noindex
    export MTL_ENABLE_DEBUG_INFO\=NO
    export MTL_FAST_MATH\=YES
    export NATIVE_ARCH\=arm64
    export NATIVE_ARCH_32_BIT\=arm
    export NATIVE_ARCH_64_BIT\=arm64
    export NATIVE_ARCH_ACTUAL\=arm64
    export NO_COMMON\=YES
    export OBJECT_FILE_DIR\=/Users/runner/work/App/App/build/Build/Intermediates.noindex/Pods.build/Release-iphoneos/ReactNativeDependencies.build/Objects
    export OBJECT_FILE_DIR_normal\=/Users/runner/work/App/App/build/Build/Intermediates.noindex/Pods.build/Release-iphoneos/ReactNativeDependencies.build/Objects-normal
    export OBJROOT\=/Users/runner/work/App/App/build/Build/Intermediates.noindex
    export ONLY_ACTIVE_ARCH\=NO
    export OS\=MACOS
    export OSAC\=/usr/bin/osacompile
    export OTHER_CFLAGS\=\ -DRCT_REMOVE_LEGACY_ARCH\=1\ -ivfsoverlay\ \"/Users/runner/work/App/App/ios/Pods/React-Core-prebuilt/React-VFS.yaml\"\ -DNDEBUG
    export OTHER_CPLUSPLUSFLAGS\=\ -DRCT_REMOVE_LEGACY_ARCH\=1\ -ivfsoverlay\ \"/Users/runner/work/App/App/ios/Pods/React-Core-prebuilt/React-VFS.yaml\"\ -DNDEBUG\ -DRCT_REMOVE_LEGACY_ARCH\=1\ -ivfsoverlay\ \"/Users/runner/work/App/App/ios/Pods/React-Core-prebuilt/React-VFS.yaml\"\ -DNDEBUG
    export OTHER_SWIFT_FLAGS\=\ -Xcc\ -ivfsoverlay\ -Xcc\ \"/Users/runner/work/App/App/ios/Pods/React-Core-prebuilt/React-VFS.yaml\"\ -Xcc\ -Wno-incomplete-umbrella
    export PASCAL_STRINGS\=YES
    export PATH\=/Applications/Xcode_26.3.app/Contents/SharedFrameworks/SwiftBuild.framework/Versions/A/PlugIns/SWBBuildService.bundle/Contents/PlugIns/SWBUniversalPlatformPlugin.bundle/Contents/Frameworks/SWBUniversalPlatform.framework/Resources:/var/run/com.apple.security.cryptexd/mnt/com.apple.MobileAsset.MetalToolchain-v17.3.7003.10.HWIt4u/Metal.xctoolchain/usr/bin:/var/run/com.apple.security.cryptexd/mnt/com.apple.MobileAsset.MetalToolchain-v17.3.7003.10.HWIt4u/Metal.xctoolchain/usr/local/bin:/var/run/com.apple.security.cryptexd/mnt/com.apple.MobileAsset.MetalToolchain-v17.3.7003.10.HWIt4u/Metal.xctoolchain/usr/libexec:/Applications/Xcode_26.3.app/Contents/Developer/Toolchains/XcodeDefault.xctoolchain/usr/bin:/Applications/Xcode_26.3.app/Contents/Developer/Toolchains/XcodeDefault.xctoolchain/usr/local/bin:/Applications/Xcode_26.3.app/Contents/Developer/Toolchains/XcodeDefault.xctoolchain/usr/libexec:/Applications/Xcode_26.3.app/Contents/Developer/Platforms/iPhoneOS.platform/usr/bin:/Applications/Xcode_26.3.app/Contents/Developer/Platforms/iPhoneOS.platform/usr/local/bin:/Applications/Xcode_26.3.app/Contents/Developer/Platforms/iPhoneOS.platform/Developer/usr/bin:/Applications/Xcode_26.3.app/Contents/Developer/Platforms/iPhoneOS.platform/Developer/usr/local/bin:/Applications/Xcode_26.3.app/Contents/Developer/usr/bin:/Applications/Xcode_26.3.app/Contents/Developer/usr/local/bin:/Users/runner/hostedtoolcache/Ruby/3.3.12/arm64/bin:/Users/runner/hostedtoolcache/node/20.20.2/arm64/bin:/Users/runner/.local/bin:/opt/homebrew/bin:/opt/homebrew/sbin:/Users/runner/.cargo/bin:/usr/local/opt/curl/bin:/usr/local/bin:/usr/local/sbin:/Users/runner/bin:/Users/runner/.yarn/bin:/Users/runner/Library/Android/sdk/tools:/Users/runner/Library/Android/sdk/platform-tools:/Library/Frameworks/Python.framework/Versions/Current/bin:/Library/Frameworks/Mono.framework/Versions/Current/Commands:/usr/bin:/bin:/usr/sbin:/sbin:/Users/runner/.dotnet/tools
    export PATH_PREFIXES_EXCLUDED_FROM_HEADER_DEPENDENCIES\=/usr/include\ /usr/local/include\ /System/Library/Frameworks\ /System/Library/PrivateFrameworks\ /Applications/Xcode_26.3.app/Contents/Developer/Headers\ /Applications/Xcode_26.3.app/Contents/Developer/SDKs\ /Applications/Xcode_26.3.app/Contents/Developer/Platforms
    export PER_ARCH_MODULE_FILE_DIR\=/Users/runner/work/App/App/build/Build/Intermediates.noindex/Pods.build/Release-iphoneos/ReactNativeDependencies.build/Objects-normal/undefined_arch
    export PER_ARCH_OBJECT_FILE_DIR\=/Users/runner/work/App/App/build/Build/Intermediates.noindex/Pods.build/Release-iphoneos/ReactNativeDependencies.build/Objects-normal/undefined_arch
    export PER_VARIANT_OBJECT_FILE_DIR\=/Users/runner/work/App/App/build/Build/Intermediates.noindex/Pods.build/Release-iphoneos/ReactNativeDependencies.build/Objects-normal
    export PKGINFO_FILE_PATH\=/Users/runner/work/App/App/build/Build/Intermediates.noindex/Pods.build/Release-iphoneos/ReactNativeDependencies.build/PkgInfo
    export PLATFORM_DEVELOPER_APPLICATIONS_DIR\=/Applications/Xcode_26.3.app/Contents/Developer/Platforms/iPhoneOS.platform/Developer/Applications
    export PLATFORM_DEVELOPER_BIN_DIR\=/Applications/Xcode_26.3.app/Contents/Developer/Platforms/iPhoneOS.platform/Developer/usr/bin
    export PLATFORM_DEVELOPER_LIBRARY_DIR\=/Applications/Xcode_26.3.app/Contents/Developer/Platforms/iPhoneOS.platform/Developer/Library
    export PLATFORM_DEVELOPER_SDK_DIR\=/Applications/Xcode_26.3.app/Contents/Developer/Platforms/iPhoneOS.platform/Developer/SDKs
    export PLATFORM_DEVELOPER_TOOLS_DIR\=/Applications/Xcode_26.3.app/Contents/Developer/Platforms/iPhoneOS.platform/Developer/Tools
    export PLATFORM_DEVELOPER_USR_DIR\=/Applications/Xcode_26.3.app/Contents/Developer/Platforms/iPhoneOS.platform/Developer/usr
    export PLATFORM_DIR\=/Applications/Xcode_26.3.app/Contents/Developer/Platforms/iPhoneOS.platform
    export PLATFORM_DISPLAY_NAME\=iOS
    export PLATFORM_FAMILY_NAME\=iOS
    export PLATFORM_NAME\=iphoneos
    export PLATFORM_PREFERRED_ARCH\=arm64
    export PLATFORM_PRODUCT_BUILD_VERSION\=23C57
    export PLATFORM_REQUIRES_SWIFT_AUTOLINK_EXTRACT\=NO
    export PLATFORM_REQUIRES_SWIFT_MODULEWRAP\=NO
    export PLIST_FILE_OUTPUT_FORMAT\=binary
    export PODFILE_DIR\=/Users/runner/work/App/App/ios/Pods/..
    export PODS_BUILD_DIR\=/Users/runner/work/App/App/build/Build/Products
    export PODS_CONFIGURATION_BUILD_DIR\=/Users/runner/work/App/App/build/Build/Products/Release-iphoneos
    export PODS_DEVELOPMENT_LANGUAGE\=en
    export PODS_ROOT\=/Users/runner/work/App/App/ios/Pods
    export PODS_TARGET_SRCROOT\=/Users/runner/work/App/App/ios/Pods/ReactNativeDependencies
    export PODS_XCFRAMEWORKS_BUILD_DIR\=/Users/runner/work/App/App/build/Build/Products/Release-iphoneos/XCFrameworkIntermediates
    export PRECOMPS_INCLUDE_HEADERS_FROM_BUILT_PRODUCTS_DIR\=YES
    export PRECOMP_DESTINATION_DIR\=/Users/runner/work/App/App/build/Build/Intermediates.noindex/Pods.build/Release-iphoneos/ReactNativeDependencies.build/PrefixHeaders
    export PROCESSED_INFOPLIST_PATH\=/Users/runner/work/App/App/build/Build/Intermediates.noindex/Pods.build/Release-iphoneos/ReactNativeDependencies.build/Objects-normal/undefined_arch/Processed-Info.plist
    export PRODUCT_BUNDLE_IDENTIFIER\=org.cocoapods.ReactNativeDependencies
    export PRODUCT_MODULE_NAME\=ReactNativeDependencies
    export PRODUCT_NAME\=ReactNativeDependencies
    export PRODUCT_SETTINGS_PATH\=
    export PROFILING_CODE\=NO
    export PROJECT\=Pods
    export PROJECT_DERIVED_FILE_DIR\=/Users/runner/work/App/App/build/Build/Intermediates.noindex/Pods.build/DerivedSources
    export PROJECT_DIR\=/Users/runner/work/App/App/ios/Pods
    export PROJECT_FILE_PATH\=/Users/runner/work/App/App/ios/Pods/Pods.xcodeproj
    export PROJECT_GUID\=8699adb1dd336b26511df848a716bd42
    export PROJECT_NAME\=Pods
    export PROJECT_TEMP_DIR\=/Users/runner/work/App/App/build/Build/Intermediates.noindex/Pods.build
    export PROJECT_TEMP_ROOT\=/Users/runner/work/App/App/build/Build/Intermediates.noindex
    export REACT_NATIVE_PATH\=/Users/runner/work/App/App/ios/Pods/../../node_modules/react-native
    export RECOMMENDED_IPHONEOS_DEPLOYMENT_TARGET\=15.0
    export RECURSIVE_SEARCH_PATHS_FOLLOW_SYMLINKS\=YES
    export REMOVE_CVS_FROM_RESOURCES\=YES
    export REMOVE_GIT_FROM_RESOURCES\=YES
    export REMOVE_HEADERS_FROM_EMBEDDED_BUNDLES\=YES
    export REMOVE_HG_FROM_RESOURCES\=YES
    export REMOVE_STATIC_EXECUTABLES_FROM_EMBEDDED_BUNDLES\=YES
    export REMOVE_SVN_FROM_RESOURCES\=YES
    export RESCHEDULE_INDEPENDENT_HEADERS_PHASES\=YES
    export REZ_COLLECTOR_DIR\=/Users/runner/work/App/App/build/Build/Intermediates.noindex/Pods.build/Release-iphoneos/ReactNativeDependencies.build/ResourceManagerResources
    export REZ_OBJECTS_DIR\=/Users/runner/work/App/App/build/Build/Intermediates.noindex/Pods.build/Release-iphoneos/ReactNativeDependencies.build/ResourceManagerResources/Objects
    export RUNTIME_EXCEPTION_ALLOW_DYLD_ENVIRONMENT_VARIABLES\=NO
    export RUNTIME_EXCEPTION_ALLOW_JIT\=NO
    export RUNTIME_EXCEPTION_ALLOW_UNSIGNED_EXECUTABLE_MEMORY\=NO
    export RUNTIME_EXCEPTION_DEBUGGING_TOOL\=NO
    export RUNTIME_EXCEPTION_DISABLE_EXECUTABLE_PAGE_PROTECTION\=NO
    export RUNTIME_EXCEPTION_DISABLE_LIBRARY_VALIDATION\=NO
    export SCAN_ALL_SOURCE_FILES_FOR_INCLUDES\=NO
    export SCRIPT_INPUT_FILE_COUNT\=0
    export SCRIPT_INPUT_FILE_LIST_COUNT\=0
    export SCRIPT_OUTPUT_FILE_COUNT\=0
    export SCRIPT_OUTPUT_FILE_LIST_COUNT\=0
    export SDKROOT\=/Applications/Xcode_26.3.app/Contents/Developer/Platforms/iPhoneOS.platform/Developer/SDKs/iPhoneOS26.2.sdk
    export SDK_DIR\=/Applications/Xcode_26.3.app/Contents/Developer/Platforms/iPhoneOS.platform/Developer/SDKs/iPhoneOS26.2.sdk
    export SDK_DIR_iphoneos\=/Applications/Xcode_26.3.app/Contents/Developer/Platforms/iPhoneOS.platform/Developer/SDKs/iPhoneOS26.2.sdk
    export SDK_DIR_iphoneos26_2\=/Applications/Xcode_26.3.app/Contents/Developer/Platforms/iPhoneOS.platform/Developer/SDKs/iPhoneOS26.2.sdk
    export SDK_NAME\=iphoneos26.2
    export SDK_NAMES\=iphoneos26.2
    export SDK_PRODUCT_BUILD_VERSION\=23C57
    export SDK_STAT_CACHE_DIR\=/Users/runner/work/App/App/build
    export SDK_STAT_CACHE_ENABLE\=YES
    export SDK_STAT_CACHE_PATH\=/Users/runner/work/App/App/build/SDKStatCaches.noindex/iphoneos26.2-23C57-dc75598d0054f22ec865fa860f139d722dd23b4ebda140f7210d155ff1243552.sdkstatcache
    export SDK_VERSION\=26.2
    export SDK_VERSION_ACTUAL\=260200
    export SDK_VERSION_MAJOR\=260000
    export SDK_VERSION_MINOR\=260200
    export SED\=/usr/bin/sed
    export SEPARATE_STRIP\=NO
    export SEPARATE_SYMBOL_EDIT\=NO
    export SET_DIR_MODE_OWNER_GROUP\=YES
    export SET_FILE_MODE_OWNER_GROUP\=NO
    export SHALLOW_BUNDLE\=NO
    export SHARED_DERIVED_FILE_DIR\=/Users/runner/work/App/App/build/Build/Products/Release-iphoneos/ReactNativeDependencies/DerivedSources
    export SHARED_PRECOMPS_DIR\=/Users/runner/work/App/App/build/Build/Intermediates.noindex/PrecompiledHeaders
    export SKIP_INSTALL\=YES
    export SOURCE_ROOT\=/Users/runner/work/App/App/ios/Pods
    export SRCROOT\=/Users/runner/work/App/App/ios/Pods
    export STRINGSDATA_DIR\=/Users/runner/work/App/App/build/Build/Intermediates.noindex/Pods.build/Release-iphoneos/ReactNativeDependencies.build/Objects-normal/undefined_arch
    export STRINGSDATA_ROOT\=/Users/runner/work/App/App/build/Build/Intermediates.noindex/Pods.build/Release-iphoneos/ReactNativeDependencies.build
    export STRINGS_FILE_INFOPLIST_RENAME\=YES
    export STRINGS_FILE_OUTPUT_ENCODING\=binary
    export STRING_CATALOG_GENERATE_SYMBOLS\=NO
    export STRIP_BITCODE_FROM_COPIED_FILES\=YES
    export STRIP_INSTALLED_PRODUCT\=NO
    export STRIP_STYLE\=all
    export STRIP_SWIFT_SYMBOLS\=YES
    export SUPPORTED_DEVICE_FAMILIES\=1,2
    export SUPPORTED_PLATFORMS\=iphoneos\ iphonesimulator
    export SUPPORTS_MACCATALYST\=YES
    export SUPPORTS_MAC_DESIGNED_FOR_IPHONE_IPAD\=YES
    export SUPPORTS_TEXT_BASED_API\=NO
    export SUPPORTS_XR_DESIGNED_FOR_IPHONE_IPAD\=YES
    export SUPPRESS_WARNINGS\=NO
    export SWIFT_COMPILATION_MODE\=wholemodule
    export SWIFT_EMIT_CONST_VALUE_PROTOCOLS\=AppIntent\ EntityQuery\ AppEntity\ TransientEntity\ AppEnum\ AppShortcutProviding\ AppShortcutsProvider\ AnyResolverProviding\ AppIntentsPackage\ DynamicOptionsProvider\ _IntentValueRepresentable\ _AssistantIntentsProvider\ _GenerativeFunctionExtractable\ IntentValueQuery\ Resolver\ AppExtension\ ExtensionPointDefining
    export SWIFT_EMIT_LOC_STRINGS\=NO
    export SWIFT_EMIT_MODULE_INTERFACE\=NO
    export SWIFT_ENABLE_EXPLICIT_MODULES\=NO
    export SWIFT_OPTIMIZATION_LEVEL\=-O
    export SWIFT_PLATFORM_TARGET_PREFIX\=ios
    export SWIFT_RESPONSE_FILE_PATH_normal_arm64\=/Users/runner/work/App/App/build/Build/Intermediates.noindex/Pods.build/Release-iphoneos/ReactNativeDependencies.build/Objects-normal/arm64/ReactNativeDependencies.SwiftFileList
    export SWIFT_VERSION\=5.0
    export SYMROOT\=/Users/runner/work/App/App/build/Build/Products
    export SYSTEM_ADMIN_APPS_DIR\=/Applications/Utilities
    export SYSTEM_APPS_DIR\=/Applications
    export SYSTEM_CORE_SERVICES_DIR\=/System/Library/CoreServices
    export SYSTEM_DEMOS_DIR\=/Applications/Extras
    export SYSTEM_DEVELOPER_APPS_DIR\=/Applications/Xcode_26.3.app/Contents/Developer/Applications
    export SYSTEM_DEVELOPER_BIN_DIR\=/Applications/Xcode_26.3.app/Contents/Developer/usr/bin
    export SYSTEM_DEVELOPER_DEMOS_DIR\=/Applications/Xcode_26.3.app/Contents/Developer/Applications/Utilities/Built\ Examples
    export SYSTEM_DEVELOPER_DIR\=/Applications/Xcode_26.3.app/Contents/Developer
    export SYSTEM_DEVELOPER_DOC_DIR\=/Applications/Xcode_26.3.app/Contents/Developer/ADC\ Reference\ Library
    export SYSTEM_DEVELOPER_GRAPHICS_TOOLS_DIR\=/Applications/Xcode_26.3.app/Contents/Developer/Applications/Graphics\ Tools
    export SYSTEM_DEVELOPER_JAVA_TOOLS_DIR\=/Applications/Xcode_26.3.app/Contents/Developer/Applications/Java\ Tools
    export SYSTEM_DEVELOPER_PERFORMANCE_TOOLS_DIR\=/Applications/Xcode_26.3.app/Contents/Developer/Applications/Performance\ Tools
    export SYSTEM_DEVELOPER_RELEASENOTES_DIR\=/Applications/Xcode_26.3.app/Contents/Developer/ADC\ Reference\ Library/releasenotes
    export SYSTEM_DEVELOPER_TOOLS\=/Applications/Xcode_26.3.app/Contents/Developer/Tools
    export SYSTEM_DEVELOPER_TOOLS_DOC_DIR\=/Applications/Xcode_26.3.app/Contents/Developer/ADC\ Reference\ Library/documentation/DeveloperTools
    export SYSTEM_DEVELOPER_TOOLS_RELEASENOTES_DIR\=/Applications/Xcode_26.3.app/Contents/Developer/ADC\ Reference\ Library/releasenotes/DeveloperTools
    export SYSTEM_DEVELOPER_USR_DIR\=/Applications/Xcode_26.3.app/Contents/Developer/usr
    export SYSTEM_DEVELOPER_UTILITIES_DIR\=/Applications/Xcode_26.3.app/Contents/Developer/Applications/Utilities
    export SYSTEM_DEXT_INSTALL_PATH\=/System/Library/DriverExtensions
    export SYSTEM_DOCUMENTATION_DIR\=/Library/Documentation
    export SYSTEM_KEXT_INSTALL_PATH\=/System/Library/Extensions
    export SYSTEM_LIBRARY_DIR\=/System/Library
    export TAPI_DEMANGLE\=YES
    export TAPI_ENABLE_PROJECT_HEADERS\=NO
    export TAPI_LANGUAGE\=objective-c
    export TAPI_LANGUAGE_STANDARD\=compiler-default
    export TAPI_USE_SRCROOT\=YES
    export TAPI_VERIFY_MODE\=Pedantic
    export TARGETED_DEVICE_FAMILY\=1,2
    export TARGETNAME\=ReactNativeDependencies
    export TARGET_BUILD_DIR\=/Users/runner/work/App/App/build/Build/Products/Release-iphoneos/ReactNativeDependencies
    export TARGET_NAME\=ReactNativeDependencies
    export TARGET_TEMP_DIR\=/Users/runner/work/App/App/build/Build/Intermediates.noindex/Pods.build/Release-iphoneos/ReactNativeDependencies.build
    export TEMP_DIR\=/Users/runner/work/App/App/build/Build/Intermediates.noindex/Pods.build/Release-iphoneos/ReactNativeDependencies.build
    export TEMP_FILES_DIR\=/Users/runner/work/App/App/build/Build/Intermediates.noindex/Pods.build/Release-iphoneos/ReactNativeDependencies.build
    export TEMP_FILE_DIR\=/Users/runner/work/App/App/build/Build/Intermediates.noindex/Pods.build/Release-iphoneos/ReactNativeDependencies.build
    export TEMP_ROOT\=/Users/runner/work/App/App/build/Build/Intermediates.noindex
    export TEMP_SANDBOX_DIR\=/Users/runner/work/App/App/build/Build/Intermediates.noindex/TemporaryTaskSandboxes
    export TEST_FRAMEWORK_SEARCH_PATHS\=\ /Applications/Xcode_26.3.app/Contents/Developer/Platforms/iPhoneOS.platform/Developer/Library/Frameworks\ /Applications/Xcode_26.3.app/Contents/Developer/Platforms/iPhoneOS.platform/Developer/SDKs/iPhoneOS26.2.sdk/Developer/Library/Frameworks
    export TEST_LIBRARY_SEARCH_PATHS\=\ /Applications/Xcode_26.3.app/Contents/Developer/Platforms/iPhoneOS.platform/Developer/usr/lib
    export TOOLCHAINS\=com.apple.dt.toolchain.Metal.32023.864\ com.apple.dt.toolchain.XcodeDefault
    export TOOLCHAIN_DIR\=/var/run/com.apple.security.cryptexd/mnt/com.apple.MobileAsset.MetalToolchain-v17.3.7003.10.HWIt4u/Metal.xctoolchain
    export TOOLCHAIN_VERSION\=32023.864
    export TREAT_MISSING_BASELINES_AS_TEST_FAILURES\=NO
    export TREAT_MISSING_SCRIPT_PHASE_OUTPUTS_AS_ERRORS\=NO
    export UID\=501
    export UNINSTALLED_PRODUCTS_DIR\=/Users/runner/work/App/App/build/Build/Intermediates.noindex/UninstalledProducts
    export UNSTRIPPED_PRODUCT\=NO
    export USER\=runner
    export USER_APPS_DIR\=/Users/runner/Applications
    export USER_LIBRARY_DIR\=/Users/runner/Library
    export USE_DYNAMIC_NO_PIC\=YES
    export USE_HEADERMAP\=YES
    export USE_HEADER_SYMLINKS\=NO
    export USE_HERMES\=true
    export USE_RECURSIVE_SCRIPT_INPUTS_IN_SCRIPT_PHASES\=YES
    export VALIDATE_DEVELOPMENT_ASSET_PATHS\=YES_ERROR
    export VALIDATE_PRODUCT\=YES
    export VALID_ARCHS\=arm64\ arm64e\ armv7\ armv7s
    export VERBOSE_PBXCP\=NO
    export VERSION_INFO_BUILDER\=runner
    export VERSION_INFO_FILE\=ReactNativeDependencies_vers.c
    export VERSION_INFO_STRING\=\"@\(\#\)PROGRAM:ReactNativeDependencies\ \ PROJECT:Pods-\"
    export WORKSPACE_DIR\=/Users/runner/work/App/App/ios
    export WRAP_ASSET_PACKS_IN_SEPARATE_DIRECTORIES\=NO
    export XCODE_APP_SUPPORT_DIR\=/Applications/Xcode_26.3.app/Contents/Developer/Library/Xcode
    export XCODE_PRODUCT_BUILD_VERSION\=17C529
    export XCODE_VERSION_ACTUAL\=2630
    export XCODE_VERSION_MAJOR\=2600
    export XCODE_VERSION_MINOR\=2630
    export XPCSERVICES_FOLDER_PATH\=/XPCServices
    export YACC\=yacc
    export _DISCOVER_COMMAND_LINE_LINKER_INPUTS\=YES
    export _DISCOVER_COMMAND_LINE_LINKER_INPUTS_INCLUDE_WL\=YES
    export _LD_MULTIARCH\=YES
    export __DIAGNOSE_DEPRECATED_ARCHS\=YES
    export arch\=undefined_arch
    export variant\=normal
    /bin/sh -c /Users/runner/work/App/App/build/Build/Intermediates.noindex/Pods.build/Release-iphoneos/ReactNativeDependencies.build/Script-46EB2E000160A0.sh
Node found at: /Users/runner/hostedtoolcache/node/20.20.2/arm64/bin/node
Preparing the final location ReactNativeDependencies/framework
Extracting the tarball /Users/runner/work/App/App/ios/Pods/ReactNativeDependencies-artifacts/reactnative-dependencies-0.86.3-release.tar.gz
Resolving ReactNativeDependencies.xcframework folder structure
Updating ReactNativeDependencies/.last_build_configuration with Release
Done replacing React Native Dependencies

WriteAuxiliaryFile /Users/runner/work/App/App/build/Build/Intermediates.noindex/Pods.build/Release-iphoneos/React-Core-prebuilt.build/Script-46EB2E00016060.sh (in target 'React-Core-prebuilt' from project 'Pods')
    cd /Users/runner/work/App/App/ios/Pods
    write-file /Users/runner/work/App/App/build/Build/Intermediates.noindex/Pods.build/Release-iphoneos/React-Core-prebuilt.build/Script-46EB2E00016060.sh

WriteAuxiliaryFile /Users/runner/work/App/App/build/Build/Intermediates.noindex/Pods.build/Release-iphoneos/React-Core-prebuilt.build/Script-46EB2E00016050.sh (in target 'React-Core-prebuilt' from project 'Pods')
    cd /Users/runner/work/App/App/ios/Pods
    write-file /Users/runner/work/App/App/build/Build/Intermediates.noindex/Pods.build/Release-iphoneos/React-Core-prebuilt.build/Script-46EB2E00016050.sh

WriteAuxiliaryFile /Users/runner/work/App/App/build/Build/Intermediates.noindex/Pods.build/Release-iphoneos/React-Core-prebuilt.build/OutputFileList-46EB2E00016050-React-Core-prebuilt-xcframeworks-output-files-4623a6bb7429e052b4da42b31aee2498-resolved.xcfilelist (in target 'React-Core-prebuilt' from project 'Pods')
    cd /Users/runner/work/App/App/ios/Pods
    write-file /Users/runner/work/App/App/build/Build/Intermediates.noindex/Pods.build/Release-iphoneos/React-Core-prebuilt.build/OutputFileList-46EB2E00016050-React-Core-prebuilt-xcframeworks-output-files-4623a6bb7429e052b4da42b31aee2498-resolved.xcfilelist

WriteAuxiliaryFile /Users/runner/work/App/App/build/Build/Intermediates.noindex/Pods.build/Release-iphoneos/React-Core-prebuilt.build/InputFileList-46EB2E00016050-React-Core-prebuilt-xcframeworks-input-files-f2937f10d6633540e885be3edcd9e042-resolved.xcfilelist (in target 'React-Core-prebuilt' from project 'Pods')
    cd /Users/runner/work/App/App/ios/Pods
    write-file /Users/runner/work/App/App/build/Build/Intermediates.noindex/Pods.build/Release-iphoneos/React-Core-prebuilt.build/InputFileList-46EB2E00016050-React-Core-prebuilt-xcframeworks-input-files-f2937f10d6633540e885be3edcd9e042-resolved.xcfilelist

WriteAuxiliaryFile /Users/runner/work/App/App/build/Build/Intermediates.noindex/Pods.build/Release-iphoneos/ExpoModulesWorklets.build/Script-46EB2E00016040.sh (in target 'ExpoModulesWorklets' from project 'Pods')
    cd /Users/runner/work/App/App/ios/Pods
    write-file /Users/runner/work/App/App/build/Build/Intermediates.noindex/Pods.build/Release-iphoneos/ExpoModulesWorklets.build/Script-46EB2E00016040.sh

WriteAuxiliaryFile /Users/runner/work/App/App/build/Build/Intermediates.noindex/Pods.build/Release-iphoneos/ExpoModulesWorklets.build/Script-46EB2E00016030.sh (in target 'ExpoModulesWorklets' from project 'Pods')
    cd /Users/runner/work/App/App/ios/Pods
    write-file /Users/runner/work/App/App/build/Build/Intermediates.noindex/Pods.build/Release-iphoneos/ExpoModulesWorklets.build/Script-46EB2E00016030.sh

WriteAuxiliaryFile /Users/runner/work/App/App/build/Build/Intermediates.noindex/Pods.build/Release-iphoneos/ExpoModulesWorklets.build/Script-46EB2E00016020.sh (in target 'ExpoModulesWorklets' from project 'Pods')
    cd /Users/runner/work/App/App/ios/Pods
    write-file /Users/runner/work/App/App/build/Build/Intermediates.noindex/Pods.build/Release-iphoneos/ExpoModulesWorklets.build/Script-46EB2E00016020.sh

WriteAuxiliaryFile /Users/runner/work/App/App/build/Build/Intermediates.noindex/Pods.build/Release-iphoneos/ExpoModulesWorklets.build/OutputFileList-46EB2E00016020-ExpoModulesWorklets-xcframeworks-output-files-25da029b98dfdf3f47d32d7b048860f0-resolved.xcfilelist (in target 'ExpoModulesWorklets' from project 'Pods')
    cd /Users/runner/work/App/App/ios/Pods
    write-file /Users/runner/work/App/App/build/Build/Intermediates.noindex/Pods.build/Release-iphoneos/ExpoModulesWorklets.build/OutputFileList-46EB2E00016020-ExpoModulesWorklets-xcframeworks-output-files-25da029b98dfdf3f47d32d7b048860f0-resolved.xcfilelist

WriteAuxiliaryFile /Users/runner/work/App/App/build/Build/Intermediates.noindex/Pods.build/Release-iphoneos/ExpoModulesWorklets.build/InputFileList-46EB2E00016020-ExpoModulesWorklets-xcframeworks-input-files-0f15dd4aa796c2ce2e158f474f683868-resolved.xcfilelist (in target 'ExpoModulesWorklets' from project 'Pods')
    cd /Users/runner/work/App/App/ios/Pods
    write-file /Users/runner/work/App/App/build/Build/Intermediates.noindex/Pods.build/Release-iphoneos/ExpoModulesWorklets.build/InputFileList-46EB2E00016020-ExpoModulesWorklets-xcframeworks-input-files-0f15dd4aa796c2ce2e158f474f683868-resolved.xcfilelist

WriteAuxiliaryFile /Users/runner/work/App/App/build/Build/Intermediates.noindex/Pods.build/Release-iphoneos/ExpoModulesJSI.build/Script-46EB2E00016010.sh (in target 'ExpoModulesJSI' from project 'Pods')
    cd /Users/runner/work/App/App/ios/Pods
    write-file /Users/runner/work/App/App/build/Build/Intermediates.noindex/Pods.build/Release-iphoneos/ExpoModulesJSI.build/Script-46EB2E00016010.sh

WriteAuxiliaryFile /Users/runner/work/App/App/build/Build/Intermediates.noindex/Pods.build/Release-iphoneos/ExpoModulesJSI.build/Script-46EB2E00016000.sh (in target 'ExpoModulesJSI' from project 'Pods')
    cd /Users/runner/work/App/App/ios/Pods
    write-file /Users/runner/work/App/App/build/Build/Intermediates.noindex/Pods.build/Release-iphoneos/ExpoModulesJSI.build/Script-46EB2E00016000.sh

WriteAuxiliaryFile /Users/runner/work/App/App/build/Build/Intermediates.noindex/Pods.build/Release-iphoneos/ExpoModulesJSI.build/OutputFileList-46EB2E00016000-ExpoModulesJSI-xcframeworks-output-files-ecd8dba72bdd37fc93f8158c0cf01dfa-resolved.xcfilelist (in target 'ExpoModulesJSI' from project 'Pods')
    cd /Users/runner/work/App/App/ios/Pods
    write-file /Users/runner/work/App/App/build/Build/Intermediates.noindex/Pods.build/Release-iphoneos/ExpoModulesJSI.build/OutputFileList-46EB2E00016000-ExpoModulesJSI-xcframeworks-output-files-ecd8dba72bdd37fc93f8158c0cf01dfa-resolved.xcfilelist

WriteAuxiliaryFile /Users/runner/work/App/App/build/Build/Intermediates.noindex/Pods.build/Release-iphoneos/ExpoModulesJSI.build/InputFileList-46EB2E00016000-ExpoModulesJSI-xcframeworks-input-files-f92763de07298251e4bd076b3b5d2480-resolved.xcfilelist (in target 'ExpoModulesJSI' from project 'Pods')
    cd /Users/runner/work/App/App/ios/Pods
    write-file /Users/runner/work/App/App/build/Build/Intermediates.noindex/Pods.build/Release-iphoneos/ExpoModulesJSI.build/InputFileList-46EB2E00016000-ExpoModulesJSI-xcframeworks-input-files-f92763de07298251e4bd076b3b5d2480-resolved.xcfilelist

WriteAuxiliaryFile /Users/runner/work/App/App/build/Build/Intermediates.noindex/Pods.build/Release-iphoneos/ExpoModulesCore.build/Script-46EB2E00015FF0.sh (in target 'ExpoModulesCore' from project 'Pods')
    cd /Users/runner/work/App/App/ios/Pods
    write-file /Users/runner/work/App/App/build/Build/Intermediates.noindex/Pods.build/Release-iphoneos/ExpoModulesCore.build/Script-46EB2E00015FF0.sh

WriteAuxiliaryFile /Users/runner/work/App/App/build/Build/Intermediates.noindex/Pods.build/Release-iphoneos/ExpoModulesCore.build/Script-46EB2E00015FE0.sh (in target 'ExpoModulesCore' from project 'Pods')
    cd /Users/runner/work/App/App/ios/Pods
    write-file /Users/runner/work/App/App/build/Build/Intermediates.noindex/Pods.build/Release-iphoneos/ExpoModulesCore.build/Script-46EB2E00015FE0.sh

WriteAuxiliaryFile /Users/runner/work/App/App/build/Build/Intermediates.noindex/Pods.build/Release-iphoneos/ExpoModulesCore.build/Script-46EB2E00015FD0.sh (in target 'ExpoModulesCore' from project 'Pods')
    cd /Users/runner/work/App/App/ios/Pods
    write-file /Users/runner/work/App/App/build/Build/Intermediates.noindex/Pods.build/Release-iphoneos/ExpoModulesCore.build/Script-46EB2E00015FD0.sh

WriteAuxiliaryFile /Users/runner/work/App/App/build/Build/Intermediates.noindex/Pods.build/Release-iphoneos/ExpoModulesCore.build/OutputFileList-46EB2E00015FD0-ExpoModulesCore-xcframeworks-output-files-79ac6599ad458be1b9033bf855e4ee92-resolved.xcfilelist (in target 'ExpoModulesCore' from project 'Pods')
    cd /Users/runner/work/App/App/ios/Pods
    write-file /Users/runner/work/App/App/build/Build/Intermediates.noindex/Pods.build/Release-iphoneos/ExpoModulesCore.build/OutputFileList-46EB2E00015FD0-ExpoModulesCore-xcframeworks-output-files-79ac6599ad458be1b9033bf855e4ee92-resolved.xcfilelist

WriteAuxiliaryFile /Users/runner/work/App/App/build/Build/Intermediates.noindex/Pods.build/Release-iphoneos/ExpoModulesCore.build/InputFileList-46EB2E00015FD0-ExpoModulesCore-xcframeworks-input-files-d2f10559a1532c55430cb6ffe906031c-resolved.xcfilelist (in target 'ExpoModulesCore' from project 'Pods')
    cd /Users/runner/work/App/App/ios/Pods
    write-file /Users/runner/work/App/App/build/Build/Intermediates.noindex/Pods.build/Release-iphoneos/ExpoModulesCore.build/InputFileList-46EB2E00015FD0-ExpoModulesCore-xcframeworks-input-files-d2f10559a1532c55430cb6ffe906031c-resolved.xcfilelist

WriteAuxiliaryFile /Users/runner/work/App/App/build/Build/Intermediates.noindex/Pods.build/Release-iphoneos/ExpoFont.build/Script-46EB2E00015FC0.sh (in target 'ExpoFont' from project 'Pods')
    cd /Users/runner/work/App/App/ios/Pods
    write-file /Users/runner/work/App/App/build/Build/Intermediates.noindex/Pods.build/Release-iphoneos/ExpoFont.build/Script-46EB2E00015FC0.sh

WriteAuxiliaryFile /Users/runner/work/App/App/build/Build/Intermediates.noindex/Pods.build/Release-iphoneos/ExpoFont.build/Script-46EB2E00015FB0.sh (in target 'ExpoFont' from project 'Pods')
    cd /Users/runner/work/App/App/ios/Pods
    write-file /Users/runner/work/App/App/build/Build/Intermediates.noindex/Pods.build/Release-iphoneos/ExpoFont.build/Script-46EB2E00015FB0.sh

WriteAuxiliaryFile /Users/runner/work/App/App/build/Build/Intermediates.noindex/Pods.build/Release-iphoneos/ExpoFont.build/Script-46EB2E00015FA0.sh (in target 'ExpoFont' from project 'Pods')
    cd /Users/runner/work/App/App/ios/Pods
    write-file /Users/runner/work/App/App/build/Build/Intermediates.noindex/Pods.build/Release-iphoneos/ExpoFont.build/Script-46EB2E00015FA0.sh

WriteAuxiliaryFile /Users/runner/work/App/App/build/Build/Intermediates.noindex/Pods.build/Release-iphoneos/ExpoFont.build/OutputFileList-46EB2E00015FA0-ExpoFont-xcframeworks-output-files-6b6ac518bdfa306a8c7e84d65a48853e-resolved.xcfilelist (in target 'ExpoFont' from project 'Pods')
    cd /Users/runner/work/App/App/ios/Pods
    write-file /Users/runner/work/App/App/build/Build/Intermediates.noindex/Pods.build/Release-iphoneos/ExpoFont.build/OutputFileList-46EB2E00015FA0-ExpoFont-xcframeworks-output-files-6b6ac518bdfa306a8c7e84d65a48853e-resolved.xcfilelist

WriteAuxiliaryFile /Users/runner/work/App/App/build/Build/Intermediates.noindex/Pods.build/Release-iphoneos/ExpoFont.build/InputFileList-46EB2E00015FA0-ExpoFont-xcframeworks-input-files-b24b1b3aab53853aac4e0e36809a5e3a-resolved.xcfilelist (in target 'ExpoFont' from project 'Pods')
    cd /Users/runner/work/App/App/ios/Pods
    write-file /Users/runner/work/App/App/build/Build/Intermediates.noindex/Pods.build/Release-iphoneos/ExpoFont.build/InputFileList-46EB2E00015FA0-ExpoFont-xcframeworks-input-files-b24b1b3aab53853aac4e0e36809a5e3a-resolved.xcfilelist

WriteAuxiliaryFile /Users/runner/work/App/App/build/Build/Intermediates.noindex/Pods.build/Release-iphoneos/ExpoFileSystem.build/Script-46EB2E00015F90.sh (in target 'ExpoFileSystem' from project 'Pods')
    cd /Users/runner/work/App/App/ios/Pods
    write-file /Users/runner/work/App/App/build/Build/Intermediates.noindex/Pods.build/Release-iphoneos/ExpoFileSystem.build/Script-46EB2E00015F90.sh

WriteAuxiliaryFile /Users/runner/work/App/App/build/Build/Intermediates.noindex/Pods.build/Release-iphoneos/ExpoFileSystem.build/Script-46EB2E00015F80.sh (in target 'ExpoFileSystem' from project 'Pods')
    cd /Users/runner/work/App/App/ios/Pods
    write-file /Users/runner/work/App/App/build/Build/Intermediates.noindex/Pods.build/Release-iphoneos/ExpoFileSystem.build/Script-46EB2E00015F80.sh

WriteAuxiliaryFile /Users/runner/work/App/App/build/Build/Intermediates.noindex/Pods.build/Release-iphoneos/ExpoFileSystem.build/Script-46EB2E00015F70.sh (in target 'ExpoFileSystem' from project 'Pods')
    cd /Users/runner/work/App/App/ios/Pods
    write-file /Users/runner/work/App/App/build/Build/Intermediates.noindex/Pods.build/Release-iphoneos/ExpoFileSystem.build/Script-46EB2E00015F70.sh

WriteAuxiliaryFile /Users/runner/work/App/App/build/Build/Intermediates.noindex/Pods.build/Release-iphoneos/ExpoFileSystem.build/OutputFileList-46EB2E00015F70-ExpoFileSystem-xcframeworks-output-files-663ecef050a035dea4cc5a58981773e5-resolved.xcfilelist (in target 'ExpoFileSystem' from project 'Pods')
    cd /Users/runner/work/App/App/ios/Pods
    write-file /Users/runner/work/App/App/build/Build/Intermediates.noindex/Pods.build/Release-iphoneos/ExpoFileSystem.build/OutputFileList-46EB2E00015F70-ExpoFileSystem-xcframeworks-output-files-663ecef050a035dea4cc5a58981773e5-resolved.xcfilelist

WriteAuxiliaryFile /Users/runner/work/App/App/build/Build/Intermediates.noindex/Pods.build/Release-iphoneos/ExpoFileSystem.build/InputFileList-46EB2E00015F70-ExpoFileSystem-xcframeworks-input-files-d215e766f1edf9e3395fce7e4ddd3a6f-resolved.xcfilelist (in target 'ExpoFileSystem' from project 'Pods')
    cd /Users/runner/work/App/App/ios/Pods
    write-file /Users/runner/work/App/App/build/Build/Intermediates.noindex/Pods.build/Release-iphoneos/ExpoFileSystem.build/InputFileList-46EB2E00015F70-ExpoFileSystem-xcframeworks-input-files-d215e766f1edf9e3395fce7e4ddd3a6f-resolved.xcfilelist

WriteAuxiliaryFile /Users/runner/work/App/App/build/Build/Intermediates.noindex/Pods.build/Release-iphoneos/react-native-webview.build/react-native-webview.hmap (in target 'react-native-webview' from project 'Pods')
    cd /Users/runner/work/App/App/ios/Pods
    write-file /Users/runner/work/App/App/build/Build/Intermediates.noindex/Pods.build/Release-iphoneos/react-native-webview.build/react-native-webview.hmap

WriteAuxiliaryFile /Users/runner/work/App/App/build/Build/Intermediates.noindex/Pods.build/Release-iphoneos/react-native-webview.build/react-native-webview.DependencyStaticMetadataFileList (in target 'react-native-webview' from project 'Pods')
    cd /Users/runner/work/App/App/ios/Pods
    write-file /Users/runner/work/App/App/build/Build/Intermediates.noindex/Pods.build/Release-iphoneos/react-native-webview.build/react-native-webview.DependencyStaticMetadataFileList

WriteAuxiliaryFile /Users/runner/work/App/App/build/Build/Intermediates.noindex/Pods.build/Release-iphoneos/react-native-webview.build/react-native-webview.DependencyMetadataFileList (in target 'react-native-webview' from project 'Pods')
    cd /Users/runner/work/App/App/ios/Pods
    write-file /Users/runner/work/App/App/build/Build/Intermediates.noindex/Pods.build/Release-iphoneos/react-native-webview.build/react-native-webview.DependencyMetadataFileList

WriteAuxiliaryFile /Users/runner/work/App/App/build/Build/Intermediates.noindex/Pods.build/Release-iphoneos/react-native-webview.build/react-native-webview-project-headers.hmap (in target 'react-native-webview' from project 'Pods')
    cd /Users/runner/work/App/App/ios/Pods
    write-file /Users/runner/work/App/App/build/Build/Intermediates.noindex/Pods.build/Release-iphoneos/react-native-webview.build/react-native-webview-project-headers.hmap

WriteAuxiliaryFile /Users/runner/work/App/App/build/Build/Intermediates.noindex/Pods.build/Release-iphoneos/react-native-webview.build/react-native-webview-own-target-headers.hmap (in target 'react-native-webview' from project 'Pods')
    cd /Users/runner/work/App/App/ios/Pods
    write-file /Users/runner/work/App/App/build/Build/Intermediates.noindex/Pods.build/Release-iphoneos/react-native-webview.build/react-native-webview-own-target-headers.hmap

WriteAuxiliaryFile /Users/runner/work/App/App/build/Build/Intermediates.noindex/Pods.build/Release-iphoneos/react-native-webview.build/react-native-webview-generated-files.hmap (in target 'react-native-webview' from project 'Pods')
    cd /Users/runner/work/App/App/ios/Pods
    write-file /Users/runner/work/App/App/build/Build/Intermediates.noindex/Pods.build/Release-iphoneos/react-native-webview.build/react-native-webview-generated-files.hmap

WriteAuxiliaryFile /Users/runner/work/App/App/build/Build/Intermediates.noindex/Pods.build/Release-iphoneos/react-native-webview.build/react-native-webview-all-target-headers.hmap (in target 'react-native-webview' from project 'Pods')
    cd /Users/runner/work/App/App/ios/Pods
    write-file /Users/runner/work/App/App/build/Build/Intermediates.noindex/Pods.build/Release-iphoneos/react-native-webview.build/react-native-webview-all-target-headers.hmap

WriteAuxiliaryFile /Users/runner/work/App/App/build/Build/Intermediates.noindex/Pods.build/Release-iphoneos/react-native-webview.build/react-native-webview-all-non-framework-target-headers.hmap (in target 'react-native-webview' from project 'Pods')
    cd /Users/runner/work/App/App/ios/Pods
    write-file /Users/runner/work/App/App/build/Build/Intermediates.noindex/Pods.build/Release-iphoneos/react-native-webview.build/react-native-webview-all-non-framework-target-headers.hmap

WriteAuxiliaryFile /Users/runner/work/App/App/build/Build/Intermediates.noindex/Pods.build/Release-iphoneos/react-native-webview.build/Objects-normal/arm64/react-native-webview.LinkFileList (in target 'react-native-webview' from project 'Pods')
    cd /Users/runner/work/App/App/ios/Pods
    write-file /Users/runner/work/App/App/build/Build/Intermediates.noindex/Pods.build/Release-iphoneos/react-native-webview.build/Objects-normal/arm64/react-native-webview.LinkFileList

WriteAuxiliaryFile /Users/runner/work/App/App/build/Build/Intermediates.noindex/Pods.build/Release-iphoneos/react-native-webview.build/Objects-normal/arm64/e6072d4f65d7061329687fe24e3d63a7-common-args.resp (in target 'react-native-webview' from project 'Pods')
    cd /Users/runner/work/App/App/ios/Pods
    write-file /Users/runner/work/App/App/build/Build/Intermediates.noindex/Pods.build/Release-iphoneos/react-native-webview.build/Objects-normal/arm64/e6072d4f65d7061329687fe24e3d63a7-common-args.resp
-target arm64-apple-ios15.1 '-std=gnu11' -fobjc-arc -fmodules '-fmodules-cache-path=/Users/runner/work/App/App/build/ModuleCache.noindex' -fpascal-strings -Os -fno-common '-DPOD_CONFIGURATION_RELEASE=1' '-DCOCOAPODS=1' '-DNS_BLOCK_ASSERTIONS=1' '-DOBJC_OLD_DISPATCH_PROTOTYPES=0' -isysroot /Applications/Xcode_26.3.app/Contents/Developer/Platforms/iPhoneOS.platform/Developer/SDKs/iPhoneOS26.2.sdk -g -iquote /Users/runner/work/App/App/build/Build/Intermediates.noindex/Pods.build/Release-iphoneos/react-native-webview.build/react-native-webview-generated-files.hmap -I/Users/runner/work/App/App/build/Build/Intermediates.noindex/Pods.build/Release-iphoneos/react-native-webview.build/react-native-webview-own-target-headers.hmap -I/Users/runner/work/App/App/build/Build/Intermediates.noindex/Pods.build/Release-iphoneos/react-native-webview.build/react-native-webview-all-non-framework-target-headers.hmap -ivfsoverlay /Users/runner/work/App/App/build/Build/Intermediates.noindex/Pods.build/Release-iphoneos/Pods-8699adb1dd336b26511df848a716bd42-VFS-iphoneos/all-product-headers.yaml -iquote /Users/runner/work/App/App/build/Build/Intermediates.noindex/Pods.build/Release-iphoneos/react-native-webview.build/react-native-webview-project-headers.hmap -I/Users/runner/work/App/App/build/Build/Products/Release-iphoneos/react-native-webview/include -I/Users/runner/work/App/App/ios/Pods/Headers/Private -I/Users/runner/work/App/App/ios/Pods/Headers/Private/react-native-webview -I/Users/runner/work/App/App/ios/Pods/Headers/Public -I/Users/runner/work/App/App/ios/Pods/Headers/Public/FBLazyVector -I/Users/runner/work/App/App/ios/Pods/Headers/Public/RCTDeprecation -I/Users/runner/work/App/App/ios/Pods/Headers/Public/RCTRequired -I/Users/runner/work/App/App/ios/Pods/Headers/Public/RCTSwiftUIWrapper -I/Users/runner/work/App/App/ios/Pods/Headers/Public/RCTTypeSafety -I/Users/runner/work/App/App/ios/Pods/Headers/Public/React-Core -I/Users/runner/work/App/App/ios/Pods/Headers/Public/React-Core-prebuilt -I/Users/runner/work/App/App/ios/Pods/Headers/Public/React-CoreModules -I/Users/runner/work/App/App/ios/Pods/Headers/Public/React-Fabric -I/Users/runner/work/App/App/ios/Pods/Headers/Public/React-FabricComponents -I/Users/runner/work/App/App/ios/Pods/Headers/Public/React-FabricImage -I/Users/runner/work/App/App/ios/Pods/Headers/Public/React-ImageManager -I/Users/runner/work/App/App/ios/Pods/Headers/Public/React-Mapbuffer -I/Users/runner/work/App/App/ios/Pods/Headers/Public/React-NativeModulesApple -I/Users/runner/work/App/App/ios/Pods/Headers/Public/React-RCTAnimation -I/Users/runner/work/App/App/ios/Pods/Headers/Public/React-RCTAppDelegate -I/Users/runner/work/App/App/ios/Pods/Headers/Public/React-RCTBlob -I/Users/runner/work/App/App/ios/Pods/Headers/Public/React-RCTFBReactNativeSpec -I/Users/runner/work/App/App/ios/Pods/Headers/Public/React-RCTFabric -I/Users/runner/work/App/App/ios/Pods/Headers/Public/React-RCTImage -I/Users/runner/work/App/App/ios/Pods/Headers/Public/React-RCTRuntime -I/Users/runner/work/App/App/ios/Pods/Headers/Public/React-RCTText -I/Users/runner/work/App/App/ios/Pods/Headers/Public/React-RuntimeApple -I/Users/runner/work/App/App/ios/Pods/Headers/Public/React-RuntimeCore -I/Users/runner/work/App/App/ios/Pods/Headers/Public/React-RuntimeHermes -I/Users/runner/work/App/App/ios/Pods/Headers/Public/React-callinvoker -I/Users/runner/work/App/App/ios/Pods/Headers/Public/React-cxxreact -I/Users/runner/work/App/App/ios/Pods/Headers/Public/React-debug -I/Users/runner/work/App/App/ios/Pods/Headers/Public/React-defaultsnativemodule -I/Users/runner/work/App/App/ios/Pods/Headers/Public/React-domnativemodule -I/Users/runner/work/App/App/ios/Pods/Headers/Public/React-featureflags -I/Users/runner/work/App/App/ios/Pods/Headers/Public/React-featureflagsnativemodule -I/Users/runner/work/App/App/ios/Pods/Headers/Public/React-graphics -I/Users/runner/work/App/App/ios/Pods/Headers/Public/React-hermes -I/Users/runner/work/App/App/ios/Pods/Headers/Public/React-idlecallbacksnativemodule -I/Users/runner/work/App/App/ios/Pods/Headers/Public/React-intersectionobservernativemodule -I/Users/runner/work/App/App/ios/Pods/Headers/Public/React-jserrorhandler -I/Users/runner/work/App/App/ios/Pods/Headers/Public/React-jsi -I/Users/runner/work/App/App/ios/Pods/Headers/Public/React-jsiexecutor -I/Users/runner/work/App/App/ios/Pods/Headers/Public/React-jsinspector -I/Users/runner/work/App/App/ios/Pods/Headers/Public/React-jsinspectorcdp -I/Users/runner/work/App/App/ios/Pods/Headers/Public/React-jsinspectornetwork -I/Users/runner/work/App/App/ios/Pods/Headers/Public/React-jsinspectortracing -I/Users/runner/work/App/App/ios/Pods/Headers/Public/React-jsitooling -I/Users/runner/work/App/App/ios/Pods/Headers/Public/React-logger -I/Users/runner/work/App/App/ios/Pods/Headers/Public/React-microtasksnativemodule -I/Users/runner/work/App/App/ios/Pods/Headers/Public/React-mutationobservernativemodule -I/Users/runner/work/App/App/ios/Pods/Headers/Public/React-networking -I/Users/runner/work/App/App/ios/Pods/Headers/Public/React-oscompat -I/Users/runner/work/App/App/ios/Pods/Headers/Public/React-perflogger -I/Users/runner/work/App/App/ios/Pods/Headers/Public/React-performancecdpmetrics -I/Users/runner/work/App/App/ios/Pods/Headers/Public/React-performancetimeline -I/Users/runner/work/App/App/ios/Pods/Headers/Public/React-rendererconsistency -I/Users/runner/work/App/App/ios/Pods/Headers/Public/React-renderercss -I/Users/runner/work/App/App/ios/Pods/Headers/Public/React-rendererdebug -I/Users/runner/work/App/App/ios/Pods/Headers/Public/React-runtimeexecutor -I/Users/runner/work/App/App/ios/Pods/Headers/Public/React-runtimescheduler -I/Users/runner/work/App/App/ios/Pods/Headers/Public/React-timing -I/Users/runner/work/App/App/ios/Pods/Headers/Public/React-utils -I/Users/runner/work/App/App/ios/Pods/Headers/Public/React-viewtransitionnativemodule -I/Users/runner/work/App/App/ios/Pods/Headers/Public/React-webperformancenativemodule -I/Users/runner/work/App/App/ios/Pods/Headers/Public/ReactCodegen -I/Users/runner/work/App/App/ios/Pods/Headers/Public/ReactCommon -I/Users/runner/work/App/App/ios/Pods/Headers/Public/ReactNativeDependencies -I/Users/runner/work/App/App/ios/Pods/Headers/Public/Yoga -I/Users/runner/work/App/App/ios/Pods/Headers/Public/hermes-engine -I/Users/runner/work/App/App/ios/Pods/Headers/Public/react-native-webview -I/Users/runner/work/App/App/ios/Pods/Headers/Private/Yoga -I/Users/runner/work/App/App/ios/Pods/ExpoModulesCore/ExpoModulesCore.xcframework/ios-arm64_x86_64-simulator/ExpoModulesCore.framework/Headers -I/Users/runner/work/App/App/ios/Pods/ExpoModulesCore/ExpoModulesCore.xcframework/ios-arm64/ExpoModulesCore.framework/Headers -I/Users/runner/work/App/App/ios/Pods/ExpoModulesCore/ExpoModulesCore.xcframework/ios-arm64_x86_64-simulator/ExpoModulesCore.framework/Headers -I/Users/runner/work/App/App/ios/Pods/ExpoModulesCore/ExpoModulesCore.xcframework/ios-arm64/ExpoModulesCore.framework/Headers -I/Users/runner/work/App/App/build/Build/Intermediates.noindex/Pods.build/Release-iphoneos/react-native-webview.build/DerivedSources-normal/arm64 -I/Users/runner/work/App/App/build/Build/Intermediates.noindex/Pods.build/Release-iphoneos/react-native-webview.build/DerivedSources/arm64 -I/Users/runner/work/App/App/build/Build/Intermediates.noindex/Pods.build/Release-iphoneos/react-native-webview.build/DerivedSources -F/Users/runner/work/App/App/build/Build/Products/Release-iphoneos/react-native-webview -F/Users/runner/work/App/App/ios/Pods/React-Core-prebuilt -F/Users/runner/work/App/App/ios/Pods/ReactNativeDependencies/framework/packages/react-native -F/Users/runner/work/App/App/ios/Pods/hermes-engine/destroot/Library/Frameworks/universal -F/Users/runner/work/App/App/build/Build/Products/Release-iphoneos/XCFrameworkIntermediates/React-Core-prebuilt -F/Users/runner/work/App/App/build/Build/Products/Release-iphoneos/XCFrameworkIntermediates/ReactNativeDependencies -F/Users/runner/work/App/App/build/Build/Products/Release-iphoneos/XCFrameworkIntermediates/hermes-engine/Pre-built '-DRCT_REMOVE_LEGACY_ARCH=1' '-fmodule-map-file=/Users/runner/work/App/App/ios/Pods/Headers/Public/ReactCodegen/ReactCodegen.modulemap' '-DRCT_REMOVE_LEGACY_ARCH=1' -ivfsoverlay /Users/runner/work/App/App/ios/Pods/React-Core-prebuilt/React-VFS.yaml -DNDEBUG

WriteAuxiliaryFile /Users/runner/work/App/App/build/Build/Intermediates.noindex/Pods.build/Release-iphoneos/react-native-webview.build/Objects-normal/arm64/af3fcb34312c57c0f52879cdce924b91-common-args.resp (in target 'react-native-webview' from project 'Pods')
    cd /Users/runner/work/App/App/ios/Pods
    write-file /Users/runner/work/App/App/build/Build/Intermediates.noindex/Pods.build/Release-iphoneos/react-native-webview.build/Objects-normal/arm64/af3fcb34312c57c0f52879cdce924b91-common-args.resp
-target arm64-apple-ios15.1 '-std=c++20' '-stdlib=libc++' -fobjc-arc -fmodules -fno-cxx-modules '-fmodules-cache-path=/Users/runner/work/App/App/build/ModuleCache.noindex' -fpascal-strings -Os -fno-common '-DPOD_CONFIGURATION_RELEASE=1' '-DCOCOAPODS=1' '-DNS_BLOCK_ASSERTIONS=1' '-DOBJC_OLD_DISPATCH_PROTOTYPES=0' -isysroot /Applications/Xcode_26.3.app/Contents/Developer/Platforms/iPhoneOS.platform/Developer/SDKs/iPhoneOS26.2.sdk -g -iquote /Users/runner/work/App/App/build/Build/Intermediates.noindex/Pods.build/Release-iphoneos/react-native-webview.build/react-native-webview-generated-files.hmap -I/Users/runner/work/App/App/build/Build/Intermediates.noindex/Pods.build/Release-iphoneos/react-native-webview.build/react-native-webview-own-target-headers.hmap -I/Users/runner/work/App/App/build/Build/Intermediates.noindex/Pods.build/Release-iphoneos/react-native-webview.build/react-native-webview-all-non-framework-target-headers.hmap -ivfsoverlay /Users/runner/work/App/App/build/Build/Intermediates.noindex/Pods.build/Release-iphoneos/Pods-8699adb1dd336b26511df848a716bd42-VFS-iphoneos/all-product-headers.yaml -iquote /Users/runner/work/App/App/build/Build/Intermediates.noindex/Pods.build/Release-iphoneos/react-native-webview.build/react-native-webview-project-headers.hmap -I/Users/runner/work/App/App/build/Build/Products/Release-iphoneos/react-native-webview/include -I/Users/runner/work/App/App/ios/Pods/Headers/Private -I/Users/runner/work/App/App/ios/Pods/Headers/Private/react-native-webview -I/Users/runner/work/App/App/ios/Pods/Headers/Public -I/Users/runner/work/App/App/ios/Pods/Headers/Public/FBLazyVector -I/Users/runner/work/App/App/ios/Pods/Headers/Public/RCTDeprecation -I/Users/runner/work/App/App/ios/Pods/Headers/Public/RCTRequired -I/Users/runner/work/App/App/ios/Pods/Headers/Public/RCTSwiftUIWrapper -I/Users/runner/work/App/App/ios/Pods/Headers/Public/RCTTypeSafety -I/Users/runner/work/App/App/ios/Pods/Headers/Public/React-Core -I/Users/runner/work/App/App/ios/Pods/Headers/Public/React-Core-prebuilt -I/Users/runner/work/App/App/ios/Pods/Headers/Public/React-CoreModules -I/Users/runner/work/App/App/ios/Pods/Headers/Public/React-Fabric -I/Users/runner/work/App/App/ios/Pods/Headers/Public/React-FabricComponents -I/Users/runner/work/App/App/ios/Pods/Headers/Public/React-FabricImage -I/Users/runner/work/App/App/ios/Pods/Headers/Public/React-ImageManager -I/Users/runner/work/App/App/ios/Pods/Headers/Public/React-Mapbuffer -I/Users/runner/work/App/App/ios/Pods/Headers/Public/React-NativeModulesApple -I/Users/runner/work/App/App/ios/Pods/Headers/Public/React-RCTAnimation -I/Users/runner/work/App/App/ios/Pods/Headers/Public/React-RCTAppDelegate -I/Users/runner/work/App/App/ios/Pods/Headers/Public/React-RCTBlob -I/Users/runner/work/App/App/ios/Pods/Headers/Public/React-RCTFBReactNativeSpec -I/Users/runner/work/App/App/ios/Pods/Headers/Public/React-RCTFabric -I/Users/runner/work/App/App/ios/Pods/Headers/Public/React-RCTImage -I/Users/runner/work/App/App/ios/Pods/Headers/Public/React-RCTRuntime -I/Users/runner/work/App/App/ios/Pods/Headers/Public/React-RCTText -I/Users/runner/work/App/App/ios/Pods/Headers/Public/React-RuntimeApple -I/Users/runner/work/App/App/ios/Pods/Headers/Public/React-RuntimeCore -I/Users/runner/work/App/App/ios/Pods/Headers/Public/React-RuntimeHermes -I/Users/runner/work/App/App/ios/Pods/Headers/Public/React-callinvoker -I/Users/runner/work/App/App/ios/Pods/Headers/Public/React-cxxreact -I/Users/runner/work/App/App/ios/Pods/Headers/Public/React-debug -I/Users/runner/work/App/App/ios/Pods/Headers/Public/React-defaultsnativemodule -I/Users/runner/work/App/App/ios/Pods/Headers/Public/React-domnativemodule -I/Users/runner/work/App/App/ios/Pods/Headers/Public/React-featureflags -I/Users/runner/work/App/App/ios/Pods/Headers/Public/React-featureflagsnativemodule -I/Users/runner/work/App/App/ios/Pods/Headers/Public/React-graphics -I/Users/runner/work/App/App/ios/Pods/Headers/Public/React-hermes -I/Users/runner/work/App/App/ios/Pods/Headers/Public/React-idlecallbacksnativemodule -I/Users/runner/work/App/App/ios/Pods/Headers/Public/React-intersectionobservernativemodule -I/Users/runner/work/App/App/ios/Pods/Headers/Public/React-jserrorhandler -I/Users/runner/work/App/App/ios/Pods/Headers/Public/React-jsi -I/Users/runner/work/App/App/ios/Pods/Headers/Public/React-jsiexecutor -I/Users/runner/work/App/App/ios/Pods/Headers/Public/React-jsinspector -I/Users/runner/work/App/App/ios/Pods/Headers/Public/React-jsinspectorcdp -I/Users/runner/work/App/App/ios/Pods/Headers/Public/React-jsinspectornetwork -I/Users/runner/work/App/App/ios/Pods/Headers/Public/React-jsinspectortracing -I/Users/runner/work/App/App/ios/Pods/Headers/Public/React-jsitooling -I/Users/runner/work/App/App/ios/Pods/Headers/Public/React-logger -I/Users/runner/work/App/App/ios/Pods/Headers/Public/React-microtasksnativemodule -I/Users/runner/work/App/App/ios/Pods/Headers/Public/React-mutationobservernativemodule -I/Users/runner/work/App/App/ios/Pods/Headers/Public/React-networking -I/Users/runner/work/App/App/ios/Pods/Headers/Public/React-oscompat -I/Users/runner/work/App/App/ios/Pods/Headers/Public/React-perflogger -I/Users/runner/work/App/App/ios/Pods/Headers/Public/React-performancecdpmetrics -I/Users/runner/work/App/App/ios/Pods/Headers/Public/React-performancetimeline -I/Users/runner/work/App/App/ios/Pods/Headers/Public/React-rendererconsistency -I/Users/runner/work/App/App/ios/Pods/Headers/Public/React-renderercss -I/Users/runner/work/App/App/ios/Pods/Headers/Public/React-rendererdebug -I/Users/runner/work/App/App/ios/Pods/Headers/Public/React-runtimeexecutor -I/Users/runner/work/App/App/ios/Pods/Headers/Public/React-runtimescheduler -I/Users/runner/work/App/App/ios/Pods/Headers/Public/React-timing -I/Users/runner/work/App/App/ios/Pods/Headers/Public/React-utils -I/Users/runner/work/App/App/ios/Pods/Headers/Public/React-viewtransitionnativemodule -I/Users/runner/work/App/App/ios/Pods/Headers/Public/React-webperformancenativemodule -I/Users/runner/work/App/App/ios/Pods/Headers/Public/ReactCodegen -I/Users/runner/work/App/App/ios/Pods/Headers/Public/ReactCommon -I/Users/runner/work/App/App/ios/Pods/Headers/Public/ReactNativeDependencies -I/Users/runner/work/App/App/ios/Pods/Headers/Public/Yoga -I/Users/runner/work/App/App/ios/Pods/Headers/Public/hermes-engine -I/Users/runner/work/App/App/ios/Pods/Headers/Public/react-native-webview -I/Users/runner/work/App/App/ios/Pods/Headers/Private/Yoga -I/Users/runner/work/App/App/ios/Pods/ExpoModulesCore/ExpoModulesCore.xcframework/ios-arm64_x86_64-simulator/ExpoModulesCore.framework/Headers -I/Users/runner/work/App/App/ios/Pods/ExpoModulesCore/ExpoModulesCore.xcframework/ios-arm64/ExpoModulesCore.framework/Headers -I/Users/runner/work/App/App/ios/Pods/ExpoModulesCore/ExpoModulesCore.xcframework/ios-arm64_x86_64-simulator/ExpoModulesCore.framework/Headers -I/Users/runner/work/App/App/ios/Pods/ExpoModulesCore/ExpoModulesCore.xcframework/ios-arm64/ExpoModulesCore.framework/Headers -I/Users/runner/work/App/App/build/Build/Intermediates.noindex/Pods.build/Release-iphoneos/react-native-webview.build/DerivedSources-normal/arm64 -I/Users/runner/work/App/App/build/Build/Intermediates.noindex/Pods.build/Release-iphoneos/react-native-webview.build/DerivedSources/arm64 -I/Users/runner/work/App/App/build/Build/Intermediates.noindex/Pods.build/Release-iphoneos/react-native-webview.build/DerivedSources -F/Users/runner/work/App/App/build/Build/Products/Release-iphoneos/react-native-webview -F/Users/runner/work/App/App/ios/Pods/React-Core-prebuilt -F/Users/runner/work/App/App/ios/Pods/ReactNativeDependencies/framework/packages/react-native -F/Users/runner/work/App/App/ios/Pods/hermes-engine/destroot/Library/Frameworks/universal -F/Users/runner/work/App/App/build/Build/Products/Release-iphoneos/XCFrameworkIntermediates/React-Core-prebuilt -F/Users/runner/work/App/App/build/Build/Products/Release-iphoneos/XCFrameworkIntermediates/ReactNativeDependencies -F/Users/runner/work/App/App/build/Build/Products/Release-iphoneos/XCFrameworkIntermediates/hermes-engine/Pre-built '-DRCT_REMOVE_LEGACY_ARCH=1' '-fmodule-map-file=/Users/runner/work/App/App/ios/Pods/Headers/Public/ReactCodegen/ReactCodegen.modulemap' '-DRCT_REMOVE_LEGACY_ARCH=1' -ivfsoverlay /Users/runner/work/App/App/ios/Pods/React-Core-prebuilt/React-VFS.yaml -DNDEBUG '-DRCT_REMOVE_LEGACY_ARCH=1' '-DRCT_NEW_ARCH_ENABLED=1' -ivfsoverlay /Users/runner/work/App/App/ios/Pods/React-Core-prebuilt/React-VFS.yaml -DNDEBUG

WriteAuxiliaryFile /Users/runner/work/App/App/build/Build/Intermediates.noindex/Pods.build/Release-iphoneos/react-native-safe-area-context.build/react-native-safe-area-context.hmap (in target 'react-native-safe-area-context' from project 'Pods')
    cd /Users/runner/work/App/App/ios/Pods
    write-file /Users/runner/work/App/App/build/Build/Intermediates.noindex/Pods.build/Release-iphoneos/react-native-safe-area-context.build/react-native-safe-area-context.hmap

WriteAuxiliaryFile /Users/runner/work/App/App/build/Build/Intermediates.noindex/Pods.build/Release-iphoneos/react-native-safe-area-context.build/react-native-safe-area-context.DependencyStaticMetadataFileList (in target 'react-native-safe-area-context' from project 'Pods')
    cd /Users/runner/work/App/App/ios/Pods
    write-file /Users/runner/work/App/App/build/Build/Intermediates.noindex/Pods.build/Release-iphoneos/react-native-safe-area-context.build/react-native-safe-area-context.DependencyStaticMetadataFileList

WriteAuxiliaryFile /Users/runner/work/App/App/build/Build/Intermediates.noindex/Pods.build/Release-iphoneos/react-native-safe-area-context.build/react-native-safe-area-context.DependencyMetadataFileList (in target 'react-native-safe-area-context' from project 'Pods')
    cd /Users/runner/work/App/App/ios/Pods
    write-file /Users/runner/work/App/App/build/Build/Intermediates.noindex/Pods.build/Release-iphoneos/react-native-safe-area-context.build/react-native-safe-area-context.DependencyMetadataFileList

WriteAuxiliaryFile /Users/runner/work/App/App/build/Build/Intermediates.noindex/Pods.build/Release-iphoneos/react-native-safe-area-context.build/react-native-safe-area-context-project-headers.hmap (in target 'react-native-safe-area-context' from project 'Pods')
    cd /Users/runner/work/App/App/ios/Pods
    write-file /Users/runner/work/App/App/build/Build/Intermediates.noindex/Pods.build/Release-iphoneos/react-native-safe-area-context.build/react-native-safe-area-context-project-headers.hmap

WriteAuxiliaryFile /Users/runner/work/App/App/build/Build/Intermediates.noindex/Pods.build/Release-iphoneos/react-native-safe-area-context.build/react-native-safe-area-context-own-target-headers.hmap (in target 'react-native-safe-area-context' from project 'Pods')
    cd /Users/runner/work/App/App/ios/Pods
    write-file /Users/runner/work/App/App/build/Build/Intermediates.noindex/Pods.build/Release-iphoneos/react-native-safe-area-context.build/react-native-safe-area-context-own-target-headers.hmap

WriteAuxiliaryFile /Users/runner/work/App/App/build/Build/Intermediates.noindex/Pods.build/Release-iphoneos/react-native-safe-area-context.build/react-native-safe-area-context-generated-files.hmap (in target 'react-native-safe-area-context' from project 'Pods')
    cd /Users/runner/work/App/App/ios/Pods
    write-file /Users/runner/work/App/App/build/Build/Intermediates.noindex/Pods.build/Release-iphoneos/react-native-safe-area-context.build/react-native-safe-area-context-generated-files.hmap

WriteAuxiliaryFile /Users/runner/work/App/App/build/Build/Intermediates.noindex/Pods.build/Release-iphoneos/react-native-safe-area-context.build/react-native-safe-area-context-all-target-headers.hmap (in target 'react-native-safe-area-context' from project 'Pods')
    cd /Users/runner/work/App/App/ios/Pods
    write-file /Users/runner/work/App/App/build/Build/Intermediates.noindex/Pods.build/Release-iphoneos/react-native-safe-area-context.build/react-native-safe-area-context-all-target-headers.hmap

WriteAuxiliaryFile /Users/runner/work/App/App/build/Build/Intermediates.noindex/Pods.build/Release-iphoneos/react-native-safe-area-context.build/react-native-safe-area-context-all-non-framework-target-headers.hmap (in target 'react-native-safe-area-context' from project 'Pods')
    cd /Users/runner/work/App/App/ios/Pods
    write-file /Users/runner/work/App/App/build/Build/Intermediates.noindex/Pods.build/Release-iphoneos/react-native-safe-area-context.build/react-native-safe-area-context-all-non-framework-target-headers.hmap

WriteAuxiliaryFile /Users/runner/work/App/App/build/Build/Intermediates.noindex/Pods.build/Release-iphoneos/react-native-safe-area-context.build/Objects-normal/arm64/react-native-safe-area-context.LinkFileList (in target 'react-native-safe-area-context' from project 'Pods')
    cd /Users/runner/work/App/App/ios/Pods
    write-file /Users/runner/work/App/App/build/Build/Intermediates.noindex/Pods.build/Release-iphoneos/react-native-safe-area-context.build/Objects-normal/arm64/react-native-safe-area-context.LinkFileList

WriteAuxiliaryFile /Users/runner/work/App/App/build/Build/Intermediates.noindex/Pods.build/Release-iphoneos/react-native-safe-area-context.build/Objects-normal/arm64/e6072d4f65d7061329687fe24e3d63a7-common-args.resp (in target 'react-native-safe-area-context' from project 'Pods')
    cd /Users/runner/work/App/App/ios/Pods
    write-file /Users/runner/work/App/App/build/Build/Intermediates.noindex/Pods.build/Release-iphoneos/react-native-safe-area-context.build/Objects-normal/arm64/e6072d4f65d7061329687fe24e3d63a7-common-args.resp
-target arm64-apple-ios15.1 '-std=gnu11' -fobjc-arc -fmodules '-fmodules-cache-path=/Users/runner/work/App/App/build/ModuleCache.noindex' -fpascal-strings -Os -fno-common '-DPOD_CONFIGURATION_RELEASE=1' '-DCOCOAPODS=1' '-DNS_BLOCK_ASSERTIONS=1' '-DOBJC_OLD_DISPATCH_PROTOTYPES=0' -isysroot /Applications/Xcode_26.3.app/Contents/Developer/Platforms/iPhoneOS.platform/Developer/SDKs/iPhoneOS26.2.sdk -g -iquote /Users/runner/work/App/App/build/Build/Intermediates.noindex/Pods.build/Release-iphoneos/react-native-safe-area-context.build/react-native-safe-area-context-generated-files.hmap -I/Users/runner/work/App/App/build/Build/Intermediates.noindex/Pods.build/Release-iphoneos/react-native-safe-area-context.build/react-native-safe-area-context-own-target-headers.hmap -I/Users/runner/work/App/App/build/Build/Intermediates.noindex/Pods.build/Release-iphoneos/react-native-safe-area-context.build/react-native-safe-area-context-all-non-framework-target-headers.hmap -ivfsoverlay /Users/runner/work/App/App/build/Build/Intermediates.noindex/Pods.build/Release-iphoneos/Pods-8699adb1dd336b26511df848a716bd42-VFS-iphoneos/all-product-headers.yaml -iquote /Users/runner/work/App/App/build/Build/Intermediates.noindex/Pods.build/Release-iphoneos/react-native-safe-area-context.build/react-native-safe-area-context-project-headers.hmap -I/Users/runner/work/App/App/build/Build/Products/Release-iphoneos/react-native-safe-area-context/include -I/Users/runner/work/App/App/ios/Pods/Headers/Private -I/Users/runner/work/App/App/ios/Pods/Headers/Private/react-native-safe-area-context -I/Users/runner/work/App/App/ios/Pods/Headers/Public -I/Users/runner/work/App/App/ios/Pods/Headers/Public/FBLazyVector -I/Users/runner/work/App/App/ios/Pods/Headers/Public/RCTDeprecation -I/Users/runner/work/App/App/ios/Pods/Headers/Public/RCTRequired -I/Users/runner/work/App/App/ios/Pods/Headers/Public/RCTSwiftUIWrapper -I/Users/runner/work/App/App/ios/Pods/Headers/Public/RCTTypeSafety -I/Users/runner/work/App/App/ios/Pods/Headers/Public/React-Core -I/Users/runner/work/App/App/ios/Pods/Headers/Public/React-Core-prebuilt -I/Users/runner/work/App/App/ios/Pods/Headers/Public/React-CoreModules -I/Users/runner/work/App/App/ios/Pods/Headers/Public/React-Fabric -I/Users/runner/work/App/App/ios/Pods/Headers/Public/React-FabricComponents -I/Users/runner/work/App/App/ios/Pods/Headers/Public/React-FabricImage -I/Users/runner/work/App/App/ios/Pods/Headers/Public/React-ImageManager -I/Users/runner/work/App/App/ios/Pods/Headers/Public/React-Mapbuffer -I/Users/runner/work/App/App/ios/Pods/Headers/Public/React-NativeModulesApple -I/Users/runner/work/App/App/ios/Pods/Headers/Public/React-RCTAnimation -I/Users/runner/work/App/App/ios/Pods/Headers/Public/React-RCTAppDelegate -I/Users/runner/work/App/App/ios/Pods/Headers/Public/React-RCTBlob -I/Users/runner/work/App/App/ios/Pods/Headers/Public/React-RCTFBReactNativeSpec -I/Users/runner/work/App/App/ios/Pods/Headers/Public/React-RCTFabric -I/Users/runner/work/App/App/ios/Pods/Headers/Public/React-RCTImage -I/Users/runner/work/App/App/ios/Pods/Headers/Public/React-RCTRuntime -I/Users/runner/work/App/App/ios/Pods/Headers/Public/React-RCTText -I/Users/runner/work/App/App/ios/Pods/Headers/Public/React-RuntimeApple -I/Users/runner/work/App/App/ios/Pods/Headers/Public/React-RuntimeCore -I/Users/runner/work/App/App/ios/Pods/Headers/Public/React-RuntimeHermes -I/Users/runner/work/App/App/ios/Pods/Headers/Public/React-callinvoker -I/Users/runner/work/App/App/ios/Pods/Headers/Public/React-cxxreact -I/Users/runner/work/App/App/ios/Pods/Headers/Public/React-debug -I/Users/runner/work/App/App/ios/Pods/Headers/Public/React-defaultsnativemodule -I/Users/runner/work/App/App/ios/Pods/Headers/Public/React-domnativemodule -I/Users/runner/work/App/App/ios/Pods/Headers/Public/React-featureflags -I/Users/runner/work/App/App/ios/Pods/Headers/Public/React-featureflagsnativemodule -I/Users/runner/work/App/App/ios/Pods/Headers/Public/React-graphics -I/Users/runner/work/App/App/ios/Pods/Headers/Public/React-hermes -I/Users/runner/work/App/App/ios/Pods/Headers/Public/React-idlecallbacksnativemodule -I/Users/runner/work/App/App/ios/Pods/Headers/Public/React-intersectionobservernativemodule -I/Users/runner/work/App/App/ios/Pods/Headers/Public/React-jserrorhandler -I/Users/runner/work/App/App/ios/Pods/Headers/Public/React-jsi -I/Users/runner/work/App/App/ios/Pods/Headers/Public/React-jsiexecutor -I/Users/runner/work/App/App/ios/Pods/Headers/Public/React-jsinspector -I/Users/runner/work/App/App/ios/Pods/Headers/Public/React-jsinspectorcdp -I/Users/runner/work/App/App/ios/Pods/Headers/Public/React-jsinspectornetwork -I/Users/runner/work/App/App/ios/Pods/Headers/Public/React-jsinspectortracing -I/Users/runner/work/App/App/ios/Pods/Headers/Public/React-jsitooling -I/Users/runner/work/App/App/ios/Pods/Headers/Public/React-logger -I/Users/runner/work/App/App/ios/Pods/Headers/Public/React-microtasksnativemodule -I/Users/runner/work/App/App/ios/Pods/Headers/Public/React-mutationobservernativemodule -I/Users/runner/work/App/App/ios/Pods/Headers/Public/React-networking -I/Users/runner/work/App/App/ios/Pods/Headers/Public/React-oscompat -I/Users/runner/work/App/App/ios/Pods/Headers/Public/React-perflogger -I/Users/runner/work/App/App/ios/Pods/Headers/Public/React-performancecdpmetrics -I/Users/runner/work/App/App/ios/Pods/Headers/Public/React-performancetimeline -I/Users/runner/work/App/App/ios/Pods/Headers/Public/React-rendererconsistency -I/Users/runner/work/App/App/ios/Pods/Headers/Public/React-renderercss -I/Users/runner/work/App/App/ios/Pods/Headers/Public/React-rendererdebug -I/Users/runner/work/App/App/ios/Pods/Headers/Public/React-runtimeexecutor -I/Users/runner/work/App/App/ios/Pods/Headers/Public/React-runtimescheduler -I/Users/runner/work/App/App/ios/Pods/Headers/Public/React-timing -I/Users/runner/work/App/App/ios/Pods/Headers/Public/React-utils -I/Users/runner/work/App/App/ios/Pods/Headers/Public/React-viewtransitionnativemodule -I/Users/runner/work/App/App/ios/Pods/Headers/Public/React-webperformancenativemodule -I/Users/runner/work/App/App/ios/Pods/Headers/Public/ReactCodegen -I/Users/runner/work/App/App/ios/Pods/Headers/Public/ReactCommon -I/Users/runner/work/App/App/ios/Pods/Headers/Public/ReactNativeDependencies -I/Users/runner/work/App/App/ios/Pods/Headers/Public/Yoga -I/Users/runner/work/App/App/ios/Pods/Headers/Public/hermes-engine -I/Users/runner/work/App/App/ios/Pods/Headers/Public/react-native-safe-area-context -I/Users/runner/work/App/App/ios/Pods/Headers/Private/Yoga -I/Users/runner/work/App/App/ios/Pods/Headers/Private/Yoga -I/Users/runner/work/App/App/node_modules/react-native-safe-area-context/common/cpp -I/Users/runner/work/App/App/ios/Pods/ExpoModulesCore/ExpoModulesCore.xcframework/ios-arm64_x86_64-simulator/ExpoModulesCore.framework/Headers -I/Users/runner/work/App/App/ios/Pods/ExpoModulesCore/ExpoModulesCore.xcframework/ios-arm64/ExpoModulesCore.framework/Headers -I/Users/runner/work/App/App/ios/Pods/ExpoModulesCore/ExpoModulesCore.xcframework/ios-arm64_x86_64-simulator/ExpoModulesCore.framework/Headers -I/Users/runner/work/App/App/ios/Pods/ExpoModulesCore/ExpoModulesCore.xcframework/ios-arm64/ExpoModulesCore.framework/Headers -I/Users/runner/work/App/App/build/Build/Intermediates.noindex/Pods.build/Release-iphoneos/react-native-safe-area-context.build/DerivedSources-normal/arm64 -I/Users/runner/work/App/App/build/Build/Intermediates.noindex/Pods.build/Release-iphoneos/react-native-safe-area-context.build/DerivedSources/arm64 -I/Users/runner/work/App/App/build/Build/Intermediates.noindex/Pods.build/Release-iphoneos/react-native-safe-area-context.build/DerivedSources -F/Users/runner/work/App/App/build/Build/Products/Release-iphoneos/react-native-safe-area-context -F/Users/runner/work/App/App/ios/Pods/React-Core-prebuilt -F/Users/runner/work/App/App/ios/Pods/ReactNativeDependencies/framework/packages/react-native -F/Users/runner/work/App/App/ios/Pods/hermes-engine/destroot/Library/Frameworks/universal -F/Users/runner/work/App/App/build/Build/Products/Release-iphoneos/XCFrameworkIntermediates/React-Core-prebuilt -F/Users/runner/work/App/App/build/Build/Products/Release-iphoneos/XCFrameworkIntermediates/ReactNativeDependencies -F/Users/runner/work/App/App/build/Build/Products/Release-iphoneos/XCFrameworkIntermediates/hermes-engine/Pre-built '-DRCT_REMOVE_LEGACY_ARCH=1' '-fmodule-map-file=/Users/runner/work/App/App/ios/Pods/Headers/Public/ReactCodegen/ReactCodegen.modulemap' '-DRCT_REMOVE_LEGACY_ARCH=1' -ivfsoverlay /Users/runner/work/App/App/ios/Pods/React-Core-prebuilt/React-VFS.yaml -DNDEBUG

WriteAuxiliaryFile /Users/runner/work/App/App/build/Build/Intermediates.noindex/Pods.build/Release-iphoneos/react-native-safe-area-context.build/Objects-normal/arm64/af3fcb34312c57c0f52879cdce924b91-common-args.resp (in target 'react-native-safe-area-context' from project 'Pods')
    cd /Users/runner/work/App/App/ios/Pods
    write-file /Users/runner/work/App/App/build/Build/Intermediates.noindex/Pods.build/Release-iphoneos/react-native-safe-area-context.build/Objects-normal/arm64/af3fcb34312c57c0f52879cdce924b91-common-args.resp
-target arm64-apple-ios15.1 '-std=c++20' '-stdlib=libc++' -fobjc-arc -fmodules -fno-cxx-modules '-fmodules-cache-path=/Users/runner/work/App/App/build/ModuleCache.noindex' -fpascal-strings -Os -fno-common '-DPOD_CONFIGURATION_RELEASE=1' '-DCOCOAPODS=1' '-DNS_BLOCK_ASSERTIONS=1' '-DOBJC_OLD_DISPATCH_PROTOTYPES=0' -isysroot /Applications/Xcode_26.3.app/Contents/Developer/Platforms/iPhoneOS.platform/Developer/SDKs/iPhoneOS26.2.sdk -g -iquote /Users/runner/work/App/App/build/Build/Intermediates.noindex/Pods.build/Release-iphoneos/react-native-safe-area-context.build/react-native-safe-area-context-generated-files.hmap -I/Users/runner/work/App/App/build/Build/Intermediates.noindex/Pods.build/Release-iphoneos/react-native-safe-area-context.build/react-native-safe-area-context-own-target-headers.hmap -I/Users/runner/work/App/App/build/Build/Intermediates.noindex/Pods.build/Release-iphoneos/react-native-safe-area-context.build/react-native-safe-area-context-all-non-framework-target-headers.hmap -ivfsoverlay /Users/runner/work/App/App/build/Build/Intermediates.noindex/Pods.build/Release-iphoneos/Pods-8699adb1dd336b26511df848a716bd42-VFS-iphoneos/all-product-headers.yaml -iquote /Users/runner/work/App/App/build/Build/Intermediates.noindex/Pods.build/Release-iphoneos/react-native-safe-area-context.build/react-native-safe-area-context-project-headers.hmap -I/Users/runner/work/App/App/build/Build/Products/Release-iphoneos/react-native-safe-area-context/include -I/Users/runner/work/App/App/ios/Pods/Headers/Private -I/Users/runner/work/App/App/ios/Pods/Headers/Private/react-native-safe-area-context -I/Users/runner/work/App/App/ios/Pods/Headers/Public -I/Users/runner/work/App/App/ios/Pods/Headers/Public/FBLazyVector -I/Users/runner/work/App/App/ios/Pods/Headers/Public/RCTDeprecation -I/Users/runner/work/App/App/ios/Pods/Headers/Public/RCTRequired -I/Users/runner/work/App/App/ios/Pods/Headers/Public/RCTSwiftUIWrapper -I/Users/runner/work/App/App/ios/Pods/Headers/Public/RCTTypeSafety -I/Users/runner/work/App/App/ios/Pods/Headers/Public/React-Core -I/Users/runner/work/App/App/ios/Pods/Headers/Public/React-Core-prebuilt -I/Users/runner/work/App/App/ios/Pods/Headers/Public/React-CoreModules -I/Users/runner/work/App/App/ios/Pods/Headers/Public/React-Fabric -I/Users/runner/work/App/App/ios/Pods/Headers/Public/React-FabricComponents -I/Users/runner/work/App/App/ios/Pods/Headers/Public/React-FabricImage -I/Users/runner/work/App/App/ios/Pods/Headers/Public/React-ImageManager -I/Users/runner/work/App/App/ios/Pods/Headers/Public/React-Mapbuffer -I/Users/runner/work/App/App/ios/Pods/Headers/Public/React-NativeModulesApple -I/Users/runner/work/App/App/ios/Pods/Headers/Public/React-RCTAnimation -I/Users/runner/work/App/App/ios/Pods/Headers/Public/React-RCTAppDelegate -I/Users/runner/work/App/App/ios/Pods/Headers/Public/React-RCTBlob -I/Users/runner/work/App/App/ios/Pods/Headers/Public/React-RCTFBReactNativeSpec -I/Users/runner/work/App/App/ios/Pods/Headers/Public/React-RCTFabric -I/Users/runner/work/App/App/ios/Pods/Headers/Public/React-RCTImage -I/Users/runner/work/App/App/ios/Pods/Headers/Public/React-RCTRuntime -I/Users/runner/work/App/App/ios/Pods/Headers/Public/React-RCTText -I/Users/runner/work/App/App/ios/Pods/Headers/Public/React-RuntimeApple -I/Users/runner/work/App/App/ios/Pods/Headers/Public/React-RuntimeCore -I/Users/runner/work/App/App/ios/Pods/Headers/Public/React-RuntimeHermes -I/Users/runner/work/App/App/ios/Pods/Headers/Public/React-callinvoker -I/Users/runner/work/App/App/ios/Pods/Headers/Public/React-cxxreact -I/Users/runner/work/App/App/ios/Pods/Headers/Public/React-debug -I/Users/runner/work/App/App/ios/Pods/Headers/Public/React-defaultsnativemodule -I/Users/runner/work/App/App/ios/Pods/Headers/Public/React-domnativemodule -I/Users/runner/work/App/App/ios/Pods/Headers/Public/React-featureflags -I/Users/runner/work/App/App/ios/Pods/Headers/Public/React-featureflagsnativemodule -I/Users/runner/work/App/App/ios/Pods/Headers/Public/React-graphics -I/Users/runner/work/App/App/ios/Pods/Headers/Public/React-hermes -I/Users/runner/work/App/App/ios/Pods/Headers/Public/React-idlecallbacksnativemodule -I/Users/runner/work/App/App/ios/Pods/Headers/Public/React-intersectionobservernativemodule -I/Users/runner/work/App/App/ios/Pods/Headers/Public/React-jserrorhandler -I/Users/runner/work/App/App/ios/Pods/Headers/Public/React-jsi -I/Users/runner/work/App/App/ios/Pods/Headers/Public/React-jsiexecutor -I/Users/runner/work/App/App/ios/Pods/Headers/Public/React-jsinspector -I/Users/runner/work/App/App/ios/Pods/Headers/Public/React-jsinspectorcdp -I/Users/runner/work/App/App/ios/Pods/Headers/Public/React-jsinspectornetwork -I/Users/runner/work/App/App/ios/Pods/Headers/Public/React-jsinspectortracing -I/Users/runner/work/App/App/ios/Pods/Headers/Public/React-jsitooling -I/Users/runner/work/App/App/ios/Pods/Headers/Public/React-logger -I/Users/runner/work/App/App/ios/Pods/Headers/Public/React-microtasksnativemodule -I/Users/runner/work/App/App/ios/Pods/Headers/Public/React-mutationobservernativemodule -I/Users/runner/work/App/App/ios/Pods/Headers/Public/React-networking -I/Users/runner/work/App/App/ios/Pods/Headers/Public/React-oscompat -I/Users/runner/work/App/App/ios/Pods/Headers/Public/React-perflogger -I/Users/runner/work/App/App/ios/Pods/Headers/Public/React-performancecdpmetrics -I/Users/runner/work/App/App/ios/Pods/Headers/Public/React-performancetimeline -I/Users/runner/work/App/App/ios/Pods/Headers/Public/React-rendererconsistency -I/Users/runner/work/App/App/ios/Pods/Headers/Public/React-renderercss -I/Users/runner/work/App/App/ios/Pods/Headers/Public/React-rendererdebug -I/Users/runner/work/App/App/ios/Pods/Headers/Public/React-runtimeexecutor -I/Users/runner/work/App/App/ios/Pods/Headers/Public/React-runtimescheduler -I/Users/runner/work/App/App/ios/Pods/Headers/Public/React-timing -I/Users/runner/work/App/App/ios/Pods/Headers/Public/React-utils -I/Users/runner/work/App/App/ios/Pods/Headers/Public/React-viewtransitionnativemodule -I/Users/runner/work/App/App/ios/Pods/Headers/Public/React-webperformancenativemodule -I/Users/runner/work/App/App/ios/Pods/Headers/Public/ReactCodegen -I/Users/runner/work/App/App/ios/Pods/Headers/Public/ReactCommon -I/Users/runner/work/App/App/ios/Pods/Headers/Public/ReactNativeDependencies -I/Users/runner/work/App/App/ios/Pods/Headers/Public/Yoga -I/Users/runner/work/App/App/ios/Pods/Headers/Public/hermes-engine -I/Users/runner/work/App/App/ios/Pods/Headers/Public/react-native-safe-area-context -I/Users/runner/work/App/App/ios/Pods/Headers/Private/Yoga -I/Users/runner/work/App/App/ios/Pods/Headers/Private/Yoga -I/Users/runner/work/App/App/node_modules/react-native-safe-area-context/common/cpp -I/Users/runner/work/App/App/ios/Pods/ExpoModulesCore/ExpoModulesCore.xcframework/ios-arm64_x86_64-simulator/ExpoModulesCore.framework/Headers -I/Users/runner/work/App/App/ios/Pods/ExpoModulesCore/ExpoModulesCore.xcframework/ios-arm64/ExpoModulesCore.framework/Headers -I/Users/runner/work/App/App/ios/Pods/ExpoModulesCore/ExpoModulesCore.xcframework/ios-arm64_x86_64-simulator/ExpoModulesCore.framework/Headers -I/Users/runner/work/App/App/ios/Pods/ExpoModulesCore/ExpoModulesCore.xcframework/ios-arm64/ExpoModulesCore.framework/Headers -I/Users/runner/work/App/App/build/Build/Intermediates.noindex/Pods.build/Release-iphoneos/react-native-safe-area-context.build/DerivedSources-normal/arm64 -I/Users/runner/work/App/App/build/Build/Intermediates.noindex/Pods.build/Release-iphoneos/react-native-safe-area-context.build/DerivedSources/arm64 -I/Users/runner/work/App/App/build/Build/Intermediates.noindex/Pods.build/Release-iphoneos/react-native-safe-area-context.build/DerivedSources -F/Users/runner/work/App/App/build/Build/Products/Release-iphoneos/react-native-safe-area-context -F/Users/runner/work/App/App/ios/Pods/React-Core-prebuilt -F/Users/runner/work/App/App/ios/Pods/ReactNativeDependencies/framework/packages/react-native -F/Users/runner/work/App/App/ios/Pods/hermes-engine/destroot/Library/Frameworks/universal -F/Users/runner/work/App/App/build/Build/Products/Release-iphoneos/XCFrameworkIntermediates/React-Core-prebuilt -F/Users/runner/work/App/App/build/Build/Products/Release-iphoneos/XCFrameworkIntermediates/ReactNativeDependencies -F/Users/runner/work/App/App/build/Build/Products/Release-iphoneos/XCFrameworkIntermediates/hermes-engine/Pre-built '-DRCT_REMOVE_LEGACY_ARCH=1' '-fmodule-map-file=/Users/runner/work/App/App/ios/Pods/Headers/Public/ReactCodegen/ReactCodegen.modulemap' '-DRCT_REMOVE_LEGACY_ARCH=1' -ivfsoverlay /Users/runner/work/App/App/ios/Pods/React-Core-prebuilt/React-VFS.yaml -DNDEBUG '-DRCT_REMOVE_LEGACY_ARCH=1' '-DRCT_NEW_ARCH_ENABLED=1' -ivfsoverlay /Users/runner/work/App/App/ios/Pods/React-Core-prebuilt/React-VFS.yaml -DNDEBUG

WriteAuxiliaryFile /Users/runner/work/App/App/build/Build/Intermediates.noindex/Pods.build/Release-iphoneos/react-native-safe-area-context.build/Objects-normal/arm64/82b82416624d2658e5098eb0a28c15c5-common-args.resp (in target 'react-native-safe-area-context' from project 'Pods')
    cd /Users/runner/work/App/App/ios/Pods
    write-file /Users/runner/work/App/App/build/Build/Intermediates.noindex/Pods.build/Release-iphoneos/react-native-safe-area-context.build/Objects-normal/arm64/82b82416624d2658e5098eb0a28c15c5-common-args.resp
-target arm64-apple-ios15.1 '-std=c++20' '-stdlib=libc++' -fmodules -fno-cxx-modules '-fmodules-cache-path=/Users/runner/work/App/App/build/ModuleCache.noindex' -fpascal-strings -Os -fno-common '-DPOD_CONFIGURATION_RELEASE=1' '-DCOCOAPODS=1' -isysroot /Applications/Xcode_26.3.app/Contents/Developer/Platforms/iPhoneOS.platform/Developer/SDKs/iPhoneOS26.2.sdk -g -iquote /Users/runner/work/App/App/build/Build/Intermediates.noindex/Pods.build/Release-iphoneos/react-native-safe-area-context.build/react-native-safe-area-context-generated-files.hmap -I/Users/runner/work/App/App/build/Build/Intermediates.noindex/Pods.build/Release-iphoneos/react-native-safe-area-context.build/react-native-safe-area-context-own-target-headers.hmap -I/Users/runner/work/App/App/build/Build/Intermediates.noindex/Pods.build/Release-iphoneos/react-native-safe-area-context.build/react-native-safe-area-context-all-non-framework-target-headers.hmap -ivfsoverlay /Users/runner/work/App/App/build/Build/Intermediates.noindex/Pods.build/Release-iphoneos/Pods-8699adb1dd336b26511df848a716bd42-VFS-iphoneos/all-product-headers.yaml -iquote /Users/runner/work/App/App/build/Build/Intermediates.noindex/Pods.build/Release-iphoneos/react-native-safe-area-context.build/react-native-safe-area-context-project-headers.hmap -I/Users/runner/work/App/App/build/Build/Products/Release-iphoneos/react-native-safe-area-context/include -I/Users/runner/work/App/App/ios/Pods/Headers/Private -I/Users/runner/work/App/App/ios/Pods/Headers/Private/react-native-safe-area-context -I/Users/runner/work/App/App/ios/Pods/Headers/Public -I/Users/runner/work/App/App/ios/Pods/Headers/Public/FBLazyVector -I/Users/runner/work/App/App/ios/Pods/Headers/Public/RCTDeprecation -I/Users/runner/work/App/App/ios/Pods/Headers/Public/RCTRequired -I/Users/runner/work/App/App/ios/Pods/Headers/Public/RCTSwiftUIWrapper -I/Users/runner/work/App/App/ios/Pods/Headers/Public/RCTTypeSafety -I/Users/runner/work/App/App/ios/Pods/Headers/Public/React-Core -I/Users/runner/work/App/App/ios/Pods/Headers/Public/React-Core-prebuilt -I/Users/runner/work/App/App/ios/Pods/Headers/Public/React-CoreModules -I/Users/runner/work/App/App/ios/Pods/Headers/Public/React-Fabric -I/Users/runner/work/App/App/ios/Pods/Headers/Public/React-FabricComponents -I/Users/runner/work/App/App/ios/Pods/Headers/Public/React-FabricImage -I/Users/runner/work/App/App/ios/Pods/Headers/Public/React-ImageManager -I/Users/runner/work/App/App/ios/Pods/Headers/Public/React-Mapbuffer -I/Users/runner/work/App/App/ios/Pods/Headers/Public/React-NativeModulesApple -I/Users/runner/work/App/App/ios/Pods/Headers/Public/React-RCTAnimation -I/Users/runner/work/App/App/ios/Pods/Headers/Public/React-RCTAppDelegate -I/Users/runner/work/App/App/ios/Pods/Headers/Public/React-RCTBlob -I/Users/runner/work/App/App/ios/Pods/Headers/Public/React-RCTFBReactNativeSpec -I/Users/runner/work/App/App/ios/Pods/Headers/Public/React-RCTFabric -I/Users/runner/work/App/App/ios/Pods/Headers/Public/React-RCTImage -I/Users/runner/work/App/App/ios/Pods/Headers/Public/React-RCTRuntime -I/Users/runner/work/App/App/ios/Pods/Headers/Public/React-RCTText -I/Users/runner/work/App/App/ios/Pods/Headers/Public/React-RuntimeApple -I/Users/runner/work/App/App/ios/Pods/Headers/Public/React-RuntimeCore -I/Users/runner/work/App/App/ios/Pods/Headers/Public/React-RuntimeHermes -I/Users/runner/work/App/App/ios/Pods/Headers/Public/React-callinvoker -I/Users/runner/work/App/App/ios/Pods/Headers/Public/React-cxxreact -I/Users/runner/work/App/App/ios/Pods/Headers/Public/React-debug -I/Users/runner/work/App/App/ios/Pods/Headers/Public/React-defaultsnativemodule -I/Users/runner/work/App/App/ios/Pods/Headers/Public/React-domnativemodule -I/Users/runner/work/App/App/ios/Pods/Headers/Public/React-featureflags -I/Users/runner/work/App/App/ios/Pods/Headers/Public/React-featureflagsnativemodule -I/Users/runner/work/App/App/ios/Pods/Headers/Public/React-graphics -I/Users/runner/work/App/App/ios/Pods/Headers/Public/React-hermes -I/Users/runner/work/App/App/ios/Pods/Headers/Public/React-idlecallbacksnativemodule -I/Users/runner/work/App/App/ios/Pods/Headers/Public/React-intersectionobservernativemodule -I/Users/runner/work/App/App/ios/Pods/Headers/Public/React-jserrorhandler -I/Users/runner/work/App/App/ios/Pods/Headers/Public/React-jsi -I/Users/runner/work/App/App/ios/Pods/Headers/Public/React-jsiexecutor -I/Users/runner/work/App/App/ios/Pods/Headers/Public/React-jsinspector -I/Users/runner/work/App/App/ios/Pods/Headers/Public/React-jsinspectorcdp -I/Users/runner/work/App/App/ios/Pods/Headers/Public/React-jsinspectornetwork -I/Users/runner/work/App/App/ios/Pods/Headers/Public/React-jsinspectortracing -I/Users/runner/work/App/App/ios/Pods/Headers/Public/React-jsitooling -I/Users/runner/work/App/App/ios/Pods/Headers/Public/React-logger -I/Users/runner/work/App/App/ios/Pods/Headers/Public/React-microtasksnativemodule -I/Users/runner/work/App/App/ios/Pods/Headers/Public/React-mutationobservernativemodule -I/Users/runner/work/App/App/ios/Pods/Headers/Public/React-networking -I/Users/runner/work/App/App/ios/Pods/Headers/Public/React-oscompat -I/Users/runner/work/App/App/ios/Pods/Headers/Public/React-perflogger -I/Users/runner/work/App/App/ios/Pods/Headers/Public/React-performancecdpmetrics -I/Users/runner/work/App/App/ios/Pods/Headers/Public/React-performancetimeline -I/Users/runner/work/App/App/ios/Pods/Headers/Public/React-rendererconsistency -I/Users/runner/work/App/App/ios/Pods/Headers/Public/React-renderercss -I/Users/runner/work/App/App/ios/Pods/Headers/Public/React-rendererdebug -I/Users/runner/work/App/App/ios/Pods/Headers/Public/React-runtimeexecutor -I/Users/runner/work/App/App/ios/Pods/Headers/Public/React-runtimescheduler -I/Users/runner/work/App/App/ios/Pods/Headers/Public/React-timing -I/Users/runner/work/App/App/ios/Pods/Headers/Public/React-utils -I/Users/runner/work/App/App/ios/Pods/Headers/Public/React-viewtransitionnativemodule -I/Users/runner/work/App/App/ios/Pods/Headers/Public/React-webperformancenativemodule -I/Users/runner/work/App/App/ios/Pods/Headers/Public/ReactCodegen -I/Users/runner/work/App/App/ios/Pods/Headers/Public/ReactCommon -I/Users/runner/work/App/App/ios/Pods/Headers/Public/ReactNativeDependencies -I/Users/runner/work/App/App/ios/Pods/Headers/Public/Yoga -I/Users/runner/work/App/App/ios/Pods/Headers/Public/hermes-engine -I/Users/runner/work/App/App/ios/Pods/Headers/Public/react-native-safe-area-context -I/Users/runner/work/App/App/ios/Pods/Headers/Private/Yoga -I/Users/runner/work/App/App/ios/Pods/Headers/Private/Yoga -I/Users/runner/work/App/App/node_modules/react-native-safe-area-context/common/cpp -I/Users/runner/work/App/App/ios/Pods/ExpoModulesCore/ExpoModulesCore.xcframework/ios-arm64_x86_64-simulator/ExpoModulesCore.framework/Headers -I/Users/runner/work/App/App/ios/Pods/ExpoModulesCore/ExpoModulesCore.xcframework/ios-arm64/ExpoModulesCore.framework/Headers -I/Users/runner/work/App/App/ios/Pods/ExpoModulesCore/ExpoModulesCore.xcframework/ios-arm64_x86_64-simulator/ExpoModulesCore.framework/Headers -I/Users/runner/work/App/App/ios/Pods/ExpoModulesCore/ExpoModulesCore.xcframework/ios-arm64/ExpoModulesCore.framework/Headers -I/Users/runner/work/App/App/build/Build/Intermediates.noindex/Pods.build/Release-iphoneos/react-native-safe-area-context.build/DerivedSources-normal/arm64 -I/Users/runner/work/App/App/build/Build/Intermediates.noindex/Pods.build/Release-iphoneos/react-native-safe-area-context.build/DerivedSources/arm64 -I/Users/runner/work/App/App/build/Build/Intermediates.noindex/Pods.build/Release-iphoneos/react-native-safe-area-context.build/DerivedSources -F/Users/runner/work/App/App/build/Build/Products/Release-iphoneos/react-native-safe-area-context -F/Users/runner/work/App/App/ios/Pods/React-Core-prebuilt -F/Users/runner/work/App/App/ios/Pods/ReactNativeDependencies/framework/packages/react-native -F/Users/runner/work/App/App/ios/Pods/hermes-engine/destroot/Library/Frameworks/universal -F/Users/runner/work/App/App/build/Build/Products/Release-iphoneos/XCFrameworkIntermediates/React-Core-prebuilt -F/Users/runner/work/App/App/build/Build/Products/Release-iphoneos/XCFrameworkIntermediates/ReactNativeDependencies -F/Users/runner/work/App/App/build/Build/Products/Release-iphoneos/XCFrameworkIntermediates/hermes-engine/Pre-built '-DRCT_REMOVE_LEGACY_ARCH=1' '-fmodule-map-file=/Users/runner/work/App/App/ios/Pods/Headers/Public/ReactCodegen/ReactCodegen.modulemap' '-DRCT_REMOVE_LEGACY_ARCH=1' -ivfsoverlay /Users/runner/work/App/App/ios/Pods/React-Core-prebuilt/React-VFS.yaml -DNDEBUG '-DRCT_REMOVE_LEGACY_ARCH=1' '-DRCT_NEW_ARCH_ENABLED=1' -ivfsoverlay /Users/runner/work/App/App/ios/Pods/React-Core-prebuilt/React-VFS.yaml -DNDEBUG

PhaseScriptExecution [CP]\ Copy\ XCFrameworks /Users/runner/work/App/App/build/Build/Intermediates.noindex/Pods.build/Release-iphoneos/hermes-engine.build/Script-46EB2E000160B0.sh (in target 'hermes-engine' from project 'Pods')
    cd /Users/runner/work/App/App/ios/Pods
    /bin/sh -c /Users/runner/work/App/App/build/Build/Intermediates.noindex/Pods.build/Release-iphoneos/hermes-engine.build/Script-46EB2E000160B0.sh
Selected xcframework slice ios-arm64
rsync --delete -av --filter P .*.?????? --links --filter "- CVS/" --filter "- .svn/" --filter "- .git/" --filter "- .hg/" "/Users/runner/work/App/App/ios/Pods/hermes-engine/destroot/Library/Frameworks/universal/hermesvm.xcframework/ios-arm64/*" "/Users/runner/work/App/App/build/Build/Products/Release-iphoneos/XCFrameworkIntermediates/hermes-engine/Pre-built"
Transfer starting: 3 files
hermesvm.framework/
hermesvm.framework/Info.plist
hermesvm.framework/hermesvm

sent 5068009 bytes  received 70 bytes  77850675 bytes/sec
total size is 5067035  speedup is 1.00
Copied /Users/runner/work/App/App/ios/Pods/hermes-engine/destroot/Library/Frameworks/universal/hermesvm.xcframework/ios-arm64 to /Users/runner/work/App/App/build/Build/Products/Release-iphoneos/XCFrameworkIntermediates/hermes-engine/Pre-built

WriteAuxiliaryFile /Users/runner/work/App/App/build/Build/Intermediates.noindex/ZenFlowTracker.build/Release-iphoneos/ZenFlowTracker.build/ZenFlowTracker.hmap (in target 'ZenFlowTracker' from project 'ZenFlowTracker')
    cd /Users/runner/work/App/App/ios
    write-file /Users/runner/work/App/App/build/Build/Intermediates.noindex/ZenFlowTracker.build/Release-iphoneos/ZenFlowTracker.build/ZenFlowTracker.hmap

WriteAuxiliaryFile /Users/runner/work/App/App/build/Build/Intermediates.noindex/ZenFlowTracker.build/Release-iphoneos/ZenFlowTracker.build/ZenFlowTracker.DependencyStaticMetadataFileList (in target 'ZenFlowTracker' from project 'ZenFlowTracker')
    cd /Users/runner/work/App/App/ios
    write-file /Users/runner/work/App/App/build/Build/Intermediates.noindex/ZenFlowTracker.build/Release-iphoneos/ZenFlowTracker.build/ZenFlowTracker.DependencyStaticMetadataFileList

WriteAuxiliaryFile /Users/runner/work/App/App/build/Build/Intermediates.noindex/ZenFlowTracker.build/Release-iphoneos/ZenFlowTracker.build/ZenFlowTracker.DependencyMetadataFileList (in target 'ZenFlowTracker' from project 'ZenFlowTracker')
    cd /Users/runner/work/App/App/ios
    write-file /Users/runner/work/App/App/build/Build/Intermediates.noindex/ZenFlowTracker.build/Release-iphoneos/ZenFlowTracker.build/ZenFlowTracker.DependencyMetadataFileList

WriteAuxiliaryFile /Users/runner/work/App/App/build/Build/Intermediates.noindex/ZenFlowTracker.build/Release-iphoneos/ZenFlowTracker.build/ZenFlowTracker-project-headers.hmap (in target 'ZenFlowTracker' from project 'ZenFlowTracker')
    cd /Users/runner/work/App/App/ios
    write-file /Users/runner/work/App/App/build/Build/Intermediates.noindex/ZenFlowTracker.build/Release-iphoneos/ZenFlowTracker.build/ZenFlowTracker-project-headers.hmap

WriteAuxiliaryFile /Users/runner/work/App/App/build/Build/Intermediates.noindex/ZenFlowTracker.build/Release-iphoneos/ZenFlowTracker.build/ZenFlowTracker-own-target-headers.hmap (in target 'ZenFlowTracker' from project 'ZenFlowTracker')
    cd /Users/runner/work/App/App/ios
    write-file /Users/runner/work/App/App/build/Build/Intermediates.noindex/ZenFlowTracker.build/Release-iphoneos/ZenFlowTracker.build/ZenFlowTracker-own-target-headers.hmap

WriteAuxiliaryFile /Users/runner/work/App/App/build/Build/Intermediates.noindex/ZenFlowTracker.build/Release-iphoneos/ZenFlowTracker.build/ZenFlowTracker-generated-files.hmap (in target 'ZenFlowTracker' from project 'ZenFlowTracker')
    cd /Users/runner/work/App/App/ios
    write-file /Users/runner/work/App/App/build/Build/Intermediates.noindex/ZenFlowTracker.build/Release-iphoneos/ZenFlowTracker.build/ZenFlowTracker-generated-files.hmap

WriteAuxiliaryFile /Users/runner/work/App/App/build/Build/Intermediates.noindex/ZenFlowTracker.build/Release-iphoneos/ZenFlowTracker.build/ZenFlowTracker-all-target-headers.hmap (in target 'ZenFlowTracker' from project 'ZenFlowTracker')
    cd /Users/runner/work/App/App/ios
    write-file /Users/runner/work/App/App/build/Build/Intermediates.noindex/ZenFlowTracker.build/Release-iphoneos/ZenFlowTracker.build/ZenFlowTracker-all-target-headers.hmap

WriteAuxiliaryFile /Users/runner/work/App/App/build/Build/Intermediates.noindex/ZenFlowTracker.build/Release-iphoneos/ZenFlowTracker.build/ZenFlowTracker-all-non-framework-target-headers.hmap (in target 'ZenFlowTracker' from project 'ZenFlowTracker')
    cd /Users/runner/work/App/App/ios
    write-file /Users/runner/work/App/App/build/Build/Intermediates.noindex/ZenFlowTracker.build/Release-iphoneos/ZenFlowTracker.build/ZenFlowTracker-all-non-framework-target-headers.hmap

WriteAuxiliaryFile /Users/runner/work/App/App/build/Build/Intermediates.noindex/ZenFlowTracker.build/Release-iphoneos/ZenFlowTracker.build/Script-E8B67349CFA978E4A9F790E7.sh (in target 'ZenFlowTracker' from project 'ZenFlowTracker')
    cd /Users/runner/work/App/App/ios
    write-file /Users/runner/work/App/App/build/Build/Intermediates.noindex/ZenFlowTracker.build/Release-iphoneos/ZenFlowTracker.build/Script-E8B67349CFA978E4A9F790E7.sh

WriteAuxiliaryFile /Users/runner/work/App/App/build/Build/Intermediates.noindex/ZenFlowTracker.build/Release-iphoneos/ZenFlowTracker.build/Script-8684836117A37211FBE782FE.sh (in target 'ZenFlowTracker' from project 'ZenFlowTracker')
    cd /Users/runner/work/App/App/ios
    write-file /Users/runner/work/App/App/build/Build/Intermediates.noindex/ZenFlowTracker.build/Release-iphoneos/ZenFlowTracker.build/Script-8684836117A37211FBE782FE.sh

WriteAuxiliaryFile /Users/runner/work/App/App/build/Build/Intermediates.noindex/ZenFlowTracker.build/Release-iphoneos/ZenFlowTracker.build/Script-800E24972A6A228C8D4807E9.sh (in target 'ZenFlowTracker' from project 'ZenFlowTracker')
    cd /Users/runner/work/App/App/ios
    write-file /Users/runner/work/App/App/build/Build/Intermediates.noindex/ZenFlowTracker.build/Release-iphoneos/ZenFlowTracker.build/Script-800E24972A6A228C8D4807E9.sh

WriteAuxiliaryFile /Users/runner/work/App/App/build/Build/Intermediates.noindex/ZenFlowTracker.build/Release-iphoneos/ZenFlowTracker.build/Script-08A4A3CD28434E44B6B9DE2E.sh (in target 'ZenFlowTracker' from project 'ZenFlowTracker')
    cd /Users/runner/work/App/App/ios
    write-file /Users/runner/work/App/App/build/Build/Intermediates.noindex/ZenFlowTracker.build/Release-iphoneos/ZenFlowTracker.build/Script-08A4A3CD28434E44B6B9DE2E.sh

WriteAuxiliaryFile /Users/runner/work/App/App/build/Build/Intermediates.noindex/ZenFlowTracker.build/Release-iphoneos/ZenFlowTracker.build/Script-00DD1BFF1BD5951E006B06BC.sh (in target 'ZenFlowTracker' from project 'ZenFlowTracker')
    cd /Users/runner/work/App/App/ios
    write-file /Users/runner/work/App/App/build/Build/Intermediates.noindex/ZenFlowTracker.build/Release-iphoneos/ZenFlowTracker.build/Script-00DD1BFF1BD5951E006B06BC.sh

WriteAuxiliaryFile /Users/runner/work/App/App/build/Build/Intermediates.noindex/ZenFlowTracker.build/Release-iphoneos/ZenFlowTracker.build/Objects-normal/arm64/ZenFlowTracker_const_extract_protocols.json (in target 'ZenFlowTracker' from project 'ZenFlowTracker')
    cd /Users/runner/work/App/App/ios
    write-file /Users/runner/work/App/App/build/Build/Intermediates.noindex/ZenFlowTracker.build/Release-iphoneos/ZenFlowTracker.build/Objects-normal/arm64/ZenFlowTracker_const_extract_protocols.json

WriteAuxiliaryFile /Users/runner/work/App/App/build/Build/Intermediates.noindex/ZenFlowTracker.build/Release-iphoneos/ZenFlowTracker.build/Objects-normal/arm64/ZenFlowTracker.SwiftFileList (in target 'ZenFlowTracker' from project 'ZenFlowTracker')
    cd /Users/runner/work/App/App/ios
    write-file /Users/runner/work/App/App/build/Build/Intermediates.noindex/ZenFlowTracker.build/Release-iphoneos/ZenFlowTracker.build/Objects-normal/arm64/ZenFlowTracker.SwiftFileList

WriteAuxiliaryFile /Users/runner/work/App/App/build/Build/Intermediates.noindex/ZenFlowTracker.build/Release-iphoneos/ZenFlowTracker.build/Objects-normal/arm64/ZenFlowTracker.SwiftConstValuesFileList (in target 'ZenFlowTracker' from project 'ZenFlowTracker')
    cd /Users/runner/work/App/App/ios
    write-file /Users/runner/work/App/App/build/Build/Intermediates.noindex/ZenFlowTracker.build/Release-iphoneos/ZenFlowTracker.build/Objects-normal/arm64/ZenFlowTracker.SwiftConstValuesFileList

WriteAuxiliaryFile /Users/runner/work/App/App/build/Build/Intermediates.noindex/ZenFlowTracker.build/Release-iphoneos/ZenFlowTracker.build/Objects-normal/arm64/ZenFlowTracker.LinkFileList (in target 'ZenFlowTracker' from project 'ZenFlowTracker')
    cd /Users/runner/work/App/App/ios
    write-file /Users/runner/work/App/App/build/Build/Intermediates.noindex/ZenFlowTracker.build/Release-iphoneos/ZenFlowTracker.build/Objects-normal/arm64/ZenFlowTracker.LinkFileList

WriteAuxiliaryFile /Users/runner/work/App/App/build/Build/Intermediates.noindex/ZenFlowTracker.build/Release-iphoneos/ZenFlowTracker.build/Objects-normal/arm64/ZenFlowTracker-OutputFileMap.json (in target 'ZenFlowTracker' from project 'ZenFlowTracker')
    cd /Users/runner/work/App/App/ios
    write-file /Users/runner/work/App/App/build/Build/Intermediates.noindex/ZenFlowTracker.build/Release-iphoneos/ZenFlowTracker.build/Objects-normal/arm64/ZenFlowTracker-OutputFileMap.json

WriteAuxiliaryFile /Users/runner/work/App/App/build/Build/Intermediates.noindex/ZenFlowTracker.build/Release-iphoneos/ZenFlowTracker.build/Objects-normal/arm64/7187679823f38a2a940e0043cdf9d637-common-args.resp (in target 'ZenFlowTracker' from project 'ZenFlowTracker')
    cd /Users/runner/work/App/App/ios
    write-file /Users/runner/work/App/App/build/Build/Intermediates.noindex/ZenFlowTracker.build/Release-iphoneos/ZenFlowTracker.build/Objects-normal/arm64/7187679823f38a2a940e0043cdf9d637-common-args.resp
-target arm64-apple-ios16.4 '-std=gnu99' -fmodules -gmodules '-fmodules-cache-path=/Users/runner/work/App/App/build/ModuleCache.noindex' -fpascal-strings -Os -fno-common '-DCOCOAPODS=1' -isysroot /Applications/Xcode_26.3.app/Contents/Developer/Platforms/iPhoneOS.platform/Developer/SDKs/iPhoneOS26.2.sdk -g '-fvisibility=hidden' -iquote /Users/runner/work/App/App/build/Build/Intermediates.noindex/ZenFlowTracker.build/Release-iphoneos/ZenFlowTracker.build/ZenFlowTracker-generated-files.hmap -I/Users/runner/work/App/App/build/Build/Intermediates.noindex/ZenFlowTracker.build/Release-iphoneos/ZenFlowTracker.build/ZenFlowTracker-own-target-headers.hmap -I/Users/runner/work/App/App/build/Build/Intermediates.noindex/ZenFlowTracker.build/Release-iphoneos/ZenFlowTracker.build/ZenFlowTracker-all-non-framework-target-headers.hmap -ivfsoverlay /Users/runner/work/App/App/build/Build/Intermediates.noindex/ZenFlowTracker.build/Release-iphoneos/ZenFlowTracker-aa949cde047cfdd56453b5ccbebf5461-VFS-iphoneos/all-product-headers.yaml -iquote /Users/runner/work/App/App/build/Build/Intermediates.noindex/ZenFlowTracker.build/Release-iphoneos/ZenFlowTracker.build/ZenFlowTracker-project-headers.hmap -I/Users/runner/work/App/App/build/Build/Products/Release-iphoneos/include -I/Users/runner/work/App/App/ios/Pods/Headers/Public -I/Users/runner/work/App/App/ios/Pods/Headers/Public/EXConstants -I/Users/runner/work/App/App/ios/Pods/Headers/Public/Expo -I/Users/runner/work/App/App/ios/Pods/Headers/Public/ExpoScreenOrientation -I/Users/runner/work/App/App/ios/Pods/Headers/Public/FBLazyVector -I/Users/runner/work/App/App/ios/Pods/Headers/Public/RCTDeprecation -I/Users/runner/work/App/App/ios/Pods/Headers/Public/RCTRequired -I/Users/runner/work/App/App/ios/Pods/Headers/Public/RCTSwiftUIWrapper -I/Users/runner/work/App/App/ios/Pods/Headers/Public/RCTTypeSafety -I/Users/runner/work/App/App/ios/Pods/Headers/Public/RNCAsyncStorage -I/Users/runner/work/App/App/ios/Pods/Headers/Public/React-Core -I/Users/runner/work/App/App/ios/Pods/Headers/Public/React-Core-prebuilt -I/Users/runner/work/App/App/ios/Pods/Headers/Public/React-CoreModules -I/Users/runner/work/App/App/ios/Pods/Headers/Public/React-Fabric -I/Users/runner/work/App/App/ios/Pods/Headers/Public/React-FabricComponents -I/Users/runner/work/App/App/ios/Pods/Headers/Public/React-FabricImage -I/Users/runner/work/App/App/ios/Pods/Headers/Public/React-ImageManager -I/Users/runner/work/App/App/ios/Pods/Headers/Public/React-Mapbuffer -I/Users/runner/work/App/App/ios/Pods/Headers/Public/React-NativeModulesApple -I/Users/runner/work/App/App/ios/Pods/Headers/Public/React-RCTAnimation -I/Users/runner/work/App/App/ios/Pods/Headers/Public/React-RCTAppDelegate -I/Users/runner/work/App/App/ios/Pods/Headers/Public/React-RCTBlob -I/Users/runner/work/App/App/ios/Pods/Headers/Public/React-RCTFBReactNativeSpec -I/Users/runner/work/App/App/ios/Pods/Headers/Public/React-RCTFabric -I/Users/runner/work/App/App/ios/Pods/Headers/Public/React-RCTImage -I/Users/runner/work/App/App/ios/Pods/Headers/Public/React-RCTRuntime -I/Users/runner/work/App/App/ios/Pods/Headers/Public/React-RCTSettings -I/Users/runner/work/App/App/ios/Pods/Headers/Public/React-RCTText -I/Users/runner/work/App/App/ios/Pods/Headers/Public/React-RCTVibration -I/Users/runner/work/App/App/ios/Pods/Headers/Public/React-RuntimeApple -I/Users/runner/work/App/App/ios/Pods/Headers/Public/React-RuntimeCore -I/Users/runner/work/App/App/ios/Pods/Headers/Public/React-RuntimeHermes -I/Users/runner/work/App/App/ios/Pods/Headers/Public/React-callinvoker -I/Users/runner/work/App/App/ios/Pods/Headers/Public/React-cxxreact -I/Users/runner/work/App/App/ios/Pods/Headers/Public/React-debug -I/Users/runner/work/App/App/ios/Pods/Headers/Public/React-defaultsnativemodule -I/Users/runner/work/App/App/ios/Pods/Headers/Public/React-domnativemodule -I/Users/runner/work/App/App/ios/Pods/Headers/Public/React-featureflags -I/Users/runner/work/App/App/ios/Pods/Headers/Public/React-featureflagsnativemodule -I/Users/runner/work/App/App/ios/Pods/Headers/Public/React-graphics -I/Users/runner/work/App/App/ios/Pods/Headers/Public/React-hermes -I/Users/runner/work/App/App/ios/Pods/Headers/Public/React-idlecallbacksnativemodule -I/Users/runner/work/App/App/ios/Pods/Headers/Public/React-intersectionobservernativemodule -I/Users/runner/work/App/App/ios/Pods/Headers/Public/React-jserrorhandler -I/Users/runner/work/App/App/ios/Pods/Headers/Public/React-jsi -I/Users/runner/work/App/App/ios/Pods/Headers/Public/React-jsiexecutor -I/Users/runner/work/App/App/ios/Pods/Headers/Public/React-jsinspector -I/Users/runner/work/App/App/ios/Pods/Headers/Public/React-jsinspectorcdp -I/Users/runner/work/App/App/ios/Pods/Headers/Public/React-jsinspectornetwork -I/Users/runner/work/App/App/ios/Pods/Headers/Public/React-jsinspectortracing -I/Users/runner/work/App/App/ios/Pods/Headers/Public/React-jsitooling -I/Users/runner/work/App/App/ios/Pods/Headers/Public/React-logger -I/Users/runner/work/App/App/ios/Pods/Headers/Public/React-microtasksnativemodule -I/Users/runner/work/App/App/ios/Pods/Headers/Public/React-mutationobservernativemodule -I/Users/runner/work/App/App/ios/Pods/Headers/Public/React-networking -I/Users/runner/work/App/App/ios/Pods/Headers/Public/React-oscompat -I/Users/runner/work/App/App/ios/Pods/Headers/Public/React-perflogger -I/Users/runner/work/App/App/ios/Pods/Headers/Public/React-performancecdpmetrics -I/Users/runner/work/App/App/ios/Pods/Headers/Public/React-performancetimeline -I/Users/runner/work/App/App/ios/Pods/Headers/Public/React-rendererconsistency -I/Users/runner/work/App/App/ios/Pods/Headers/Public/React-renderercss -I/Users/runner/work/App/App/ios/Pods/Headers/Public/React-rendererdebug -I/Users/runner/work/App/App/ios/Pods/Headers/Public/React-runtimeexecutor -I/Users/runner/work/App/App/ios/Pods/Headers/Public/React-runtimescheduler -I/Users/runner/work/App/App/ios/Pods/Headers/Public/React-timing -I/Users/runner/work/App/App/ios/Pods/Headers/Public/React-utils -I/Users/runner/work/App/App/ios/Pods/Headers/Public/React-viewtransitionnativemodule -I/Users/runner/work/App/App/ios/Pods/Headers/Public/React-webperformancenativemodule -I/Users/runner/work/App/App/ios/Pods/Headers/Public/ReactAppDependencyProvider -I/Users/runner/work/App/App/ios/Pods/Headers/Public/ReactCodegen -I/Users/runner/work/App/App/ios/Pods/Headers/Public/ReactCommon -I/Users/runner/work/App/App/ios/Pods/Headers/Public/ReactNativeDependencies -I/Users/runner/work/App/App/ios/Pods/Headers/Public/Yoga -I/Users/runner/work/App/App/ios/Pods/Headers/Public/hermes-engine -I/Users/runner/work/App/App/ios/Pods/Headers/Public/react-native-safe-area-context -I/Users/runner/work/App/App/ios/Pods/Headers/Public/react-native-webview '-I/Users/runner/work/App/App/build/Build/Products/Release-iphoneos/Expo/Swift Compatibility Header' -I/Users/runner/work/App/App/ios/Pods/Headers/Private/Yoga '-I/Users/runner/work/App/App/build/Build/Products/Release-iphoneos/ExpoModulesCore/Swift Compatibility Header' -I/Users/runner/work/App/App/ios/Pods/Headers/Private/Yoga '-I/Users/runner/work/App/App/build/Build/Products/Release-iphoneos/ExpoScreenOrientation/Swift Compatibility Header' -I/Users/runner/work/App/App/ios/Pods/Headers/Private/React-Core -I/Users/runner/work/App/App/ios/Pods/Headers/Private/React-Core -I/Users/runner/work/App/App/ios/Pods/Headers/Private/Yoga -I/Users/runner/work/App/App/ios/Pods/ExpoModulesCore/ExpoModulesCore.xcframework/ios-arm64_x86_64-simulator/ExpoModulesCore.framework/Headers -I/Users/runner/work/App/App/ios/Pods/ExpoModulesCore/ExpoModulesCore.xcframework/ios-arm64/ExpoModulesCore.framework/Headers -I/Users/runner/work/App/App/build/Build/Intermediates.noindex/ZenFlowTracker.build/Release-iphoneos/ZenFlowTracker.build/DerivedSources-normal/arm64 -I/Users/runner/work/App/App/build/Build/Intermediates.noindex/ZenFlowTracker.build/Release-iphoneos/ZenFlowTracker.build/DerivedSources/arm64 -I/Users/runner/work/App/App/build/Build/Intermediates.noindex/ZenFlowTracker.build/Release-iphoneos/ZenFlowTracker.build/DerivedSources -F/Users/runner/work/App/App/build/Build/Products/Release-iphoneos -F/Users/runner/work/App/App/node_modules/expo-modules-jsi/apple/Products -F/Users/runner/work/App/App/ios/Pods/ExpoFileSystem -F/Users/runner/work/App/App/ios/Pods/ExpoFont -F/Users/runner/work/App/App/ios/Pods/ExpoModulesCore -F/Users/runner/work/App/App/ios/Pods/ExpoModulesWorklets -F/Users/runner/work/App/App/ios/Pods/React-Core-prebuilt -F/Users/runner/work/App/App/ios/Pods/ReactNativeDependencies/framework/packages/react-native -F/Users/runner/work/App/App/ios/Pods/hermes-engine/destroot/Library/Frameworks/universal -F/Users/runner/work/App/App/build/Build/Products/Release-iphoneos/XCFrameworkIntermediates/ExpoFileSystem -F/Users/runner/work/App/App/build/Build/Products/Release-iphoneos/XCFrameworkIntermediates/ExpoFont -F/Users/runner/work/App/App/build/Build/Products/Release-iphoneos/XCFrameworkIntermediates/ExpoModulesCore -F/Users/runner/work/App/App/build/Build/Products/Release-iphoneos/XCFrameworkIntermediates/ExpoModulesJSI -F/Users/runner/work/App/App/build/Build/Products/Release-iphoneos/XCFrameworkIntermediates/ExpoModulesWorklets -F/Users/runner/work/App/App/build/Build/Products/Release-iphoneos/XCFrameworkIntermediates/React-Core-prebuilt -F/Users/runner/work/App/App/build/Build/Products/Release-iphoneos/XCFrameworkIntermediates/ReactNativeDependencies -F/Users/runner/work/App/App/build/Build/Products/Release-iphoneos/XCFrameworkIntermediates/hermes-engine/Pre-built '-DRCT_REMOVE_LEGACY_ARCH=1' '-fmodule-map-file=/Users/runner/work/App/App/build/Build/Products/Release-iphoneos/EXConstants/EXConstants.modulemap' '-fmodule-map-file=/Users/runner/work/App/App/build/Build/Products/Release-iphoneos/Expo/Expo.modulemap' '-fmodule-map-file=/Users/runner/work/App/App/build/Build/Products/Release-iphoneos/ExpoAsset/ExpoAsset.modulemap' '-fmodule-map-file=/Users/runner/work/App/App/build/Build/Products/Release-iphoneos/ExpoDomWebView/ExpoDomWebView.modulemap' '-fmodule-map-file=/Users/runner/work/App/App/build/Build/Products/Release-iphoneos/ExpoKeepAwake/ExpoKeepAwake.modulemap' '-fmodule-map-file=/Users/runner/work/App/App/build/Build/Products/Release-iphoneos/ExpoLogBox/ExpoLogBox.modulemap' '-fmodule-map-file=/Users/runner/work/App/App/build/Build/Products/Release-iphoneos/ExpoScreenOrientation/ExpoScreenOrientation.modulemap' '-fmodule-map-file=/Users/runner/work/App/App/ios/Pods/Headers/Public/ReactAppDependencyProvider/ReactAppDependencyProvider.modulemap' '-fmodule-map-file=/Users/runner/work/App/App/ios/Pods/Headers/Public/ReactCodegen/ReactCodegen.modulemap' -DNDEBUG -ivfsoverlay /Users/runner/work/App/App/ios/Pods/React-Core-prebuilt/React-VFS.yaml

WriteAuxiliaryFile /Users/runner/work/App/App/build/Build/Intermediates.noindex/ZenFlowTracker.build/Release-iphoneos/ZenFlowTracker.build/DerivedSources/ZenFlowTracker_vers.c (in target 'ZenFlowTracker' from project 'ZenFlowTracker')
    cd /Users/runner/work/App/App/ios
    write-file /Users/runner/work/App/App/build/Build/Intermediates.noindex/ZenFlowTracker.build/Release-iphoneos/ZenFlowTracker.build/DerivedSources/ZenFlowTracker_vers.c

WriteAuxiliaryFile /Users/runner/work/App/App/build/Build/Intermediates.noindex/Pods.build/Release-iphoneos/ReactCodegen.build/Script-46EB2E0001CBD0.sh (in target 'ReactCodegen' from project 'Pods')
    cd /Users/runner/work/App/App/ios/Pods
    write-file /Users/runner/work/App/App/build/Build/Intermediates.noindex/Pods.build/Release-iphoneos/ReactCodegen.build/Script-46EB2E0001CBD0.sh

WriteAuxiliaryFile /Users/runner/work/App/App/build/Build/Intermediates.noindex/Pods.build/Release-iphoneos/ReactCodegen.build/Script-46EB2E00016080.sh (in target 'ReactCodegen' from project 'Pods')
    cd /Users/runner/work/App/App/ios/Pods
    write-file /Users/runner/work/App/App/build/Build/Intermediates.noindex/Pods.build/Release-iphoneos/ReactCodegen.build/Script-46EB2E00016080.sh

WriteAuxiliaryFile /Users/runner/work/App/App/build/Build/Intermediates.noindex/Pods.build/Release-iphoneos/ReactCodegen.build/ReactCodegen.hmap (in target 'ReactCodegen' from project 'Pods')
    cd /Users/runner/work/App/App/ios/Pods
    write-file /Users/runner/work/App/App/build/Build/Intermediates.noindex/Pods.build/Release-iphoneos/ReactCodegen.build/ReactCodegen.hmap

WriteAuxiliaryFile /Users/runner/work/App/App/build/Build/Intermediates.noindex/Pods.build/Release-iphoneos/ReactCodegen.build/ReactCodegen.DependencyStaticMetadataFileList (in target 'ReactCodegen' from project 'Pods')
    cd /Users/runner/work/App/App/ios/Pods
    write-file /Users/runner/work/App/App/build/Build/Intermediates.noindex/Pods.build/Release-iphoneos/ReactCodegen.build/ReactCodegen.DependencyStaticMetadataFileList

WriteAuxiliaryFile /Users/runner/work/App/App/build/Build/Intermediates.noindex/Pods.build/Release-iphoneos/ReactCodegen.build/ReactCodegen.DependencyMetadataFileList (in target 'ReactCodegen' from project 'Pods')
    cd /Users/runner/work/App/App/ios/Pods
    write-file /Users/runner/work/App/App/build/Build/Intermediates.noindex/Pods.build/Release-iphoneos/ReactCodegen.build/ReactCodegen.DependencyMetadataFileList

WriteAuxiliaryFile /Users/runner/work/App/App/build/Build/Intermediates.noindex/Pods.build/Release-iphoneos/ReactCodegen.build/ReactCodegen-project-headers.hmap (in target 'ReactCodegen' from project 'Pods')
    cd /Users/runner/work/App/App/ios/Pods
    write-file /Users/runner/work/App/App/build/Build/Intermediates.noindex/Pods.build/Release-iphoneos/ReactCodegen.build/ReactCodegen-project-headers.hmap

WriteAuxiliaryFile /Users/runner/work/App/App/build/Build/Intermediates.noindex/Pods.build/Release-iphoneos/ReactCodegen.build/ReactCodegen-own-target-headers.hmap (in target 'ReactCodegen' from project 'Pods')
    cd /Users/runner/work/App/App/ios/Pods
    write-file /Users/runner/work/App/App/build/Build/Intermediates.noindex/Pods.build/Release-iphoneos/ReactCodegen.build/ReactCodegen-own-target-headers.hmap

WriteAuxiliaryFile /Users/runner/work/App/App/build/Build/Intermediates.noindex/Pods.build/Release-iphoneos/ReactCodegen.build/ReactCodegen-generated-files.hmap (in target 'ReactCodegen' from project 'Pods')
    cd /Users/runner/work/App/App/ios/Pods
    write-file /Users/runner/work/App/App/build/Build/Intermediates.noindex/Pods.build/Release-iphoneos/ReactCodegen.build/ReactCodegen-generated-files.hmap

WriteAuxiliaryFile /Users/runner/work/App/App/build/Build/Intermediates.noindex/Pods.build/Release-iphoneos/ReactCodegen.build/ReactCodegen-all-target-headers.hmap (in target 'ReactCodegen' from project 'Pods')
    cd /Users/runner/work/App/App/ios/Pods
    write-file /Users/runner/work/App/App/build/Build/Intermediates.noindex/Pods.build/Release-iphoneos/ReactCodegen.build/ReactCodegen-all-target-headers.hmap

WriteAuxiliaryFile /Users/runner/work/App/App/build/Build/Intermediates.noindex/Pods.build/Release-iphoneos/ReactCodegen.build/ReactCodegen-all-non-framework-target-headers.hmap (in target 'ReactCodegen' from project 'Pods')
    cd /Users/runner/work/App/App/ios/Pods
    write-file /Users/runner/work/App/App/build/Build/Intermediates.noindex/Pods.build/Release-iphoneos/ReactCodegen.build/ReactCodegen-all-non-framework-target-headers.hmap

WriteAuxiliaryFile /Users/runner/work/App/App/build/Build/Intermediates.noindex/Pods.build/Release-iphoneos/ReactCodegen.build/Objects-normal/arm64/e6072d4f65d7061329687fe24e3d63a7-common-args.resp (in target 'ReactCodegen' from project 'Pods')
    cd /Users/runner/work/App/App/ios/Pods
    write-file /Users/runner/work/App/App/build/Build/Intermediates.noindex/Pods.build/Release-iphoneos/ReactCodegen.build/Objects-normal/arm64/e6072d4f65d7061329687fe24e3d63a7-common-args.resp
-target arm64-apple-ios15.1 '-std=gnu11' -fobjc-arc -fmodules '-fmodules-cache-path=/Users/runner/work/App/App/build/ModuleCache.noindex' -fpascal-strings -Os -fno-common '-DPOD_CONFIGURATION_RELEASE=1' '-DCOCOAPODS=1' '-DNS_BLOCK_ASSERTIONS=1' '-DOBJC_OLD_DISPATCH_PROTOTYPES=0' -isysroot /Applications/Xcode_26.3.app/Contents/Developer/Platforms/iPhoneOS.platform/Developer/SDKs/iPhoneOS26.2.sdk -g -iquote /Users/runner/work/App/App/build/Build/Intermediates.noindex/Pods.build/Release-iphoneos/ReactCodegen.build/ReactCodegen-generated-files.hmap -I/Users/runner/work/App/App/build/Build/Intermediates.noindex/Pods.build/Release-iphoneos/ReactCodegen.build/ReactCodegen-own-target-headers.hmap -I/Users/runner/work/App/App/build/Build/Intermediates.noindex/Pods.build/Release-iphoneos/ReactCodegen.build/ReactCodegen-all-non-framework-target-headers.hmap -ivfsoverlay /Users/runner/work/App/App/build/Build/Intermediates.noindex/Pods.build/Release-iphoneos/Pods-8699adb1dd336b26511df848a716bd42-VFS-iphoneos/all-product-headers.yaml -iquote /Users/runner/work/App/App/build/Build/Intermediates.noindex/Pods.build/Release-iphoneos/ReactCodegen.build/ReactCodegen-project-headers.hmap -I/Users/runner/work/App/App/build/Build/Products/Release-iphoneos/ReactCodegen/include -I/Users/runner/work/App/App/ios/Pods/Headers/Private -I/Users/runner/work/App/App/ios/Pods/Headers/Private/ReactCodegen -I/Users/runner/work/App/App/ios/Pods/Headers/Public -I/Users/runner/work/App/App/ios/Pods/Headers/Public/FBLazyVector -I/Users/runner/work/App/App/ios/Pods/Headers/Public/RCTRequired -I/Users/runner/work/App/App/ios/Pods/Headers/Public/RCTSwiftUIWrapper -I/Users/runner/work/App/App/ios/Pods/Headers/Public/RCTTypeSafety -I/Users/runner/work/App/App/ios/Pods/Headers/Public/React-Core -I/Users/runner/work/App/App/ios/Pods/Headers/Public/React-Core-prebuilt -I/Users/runner/work/App/App/ios/Pods/Headers/Public/React-CoreModules -I/Users/runner/work/App/App/ios/Pods/Headers/Public/React-Fabric -I/Users/runner/work/App/App/ios/Pods/Headers/Public/React-FabricComponents -I/Users/runner/work/App/App/ios/Pods/Headers/Public/React-FabricImage -I/Users/runner/work/App/App/ios/Pods/Headers/Public/React-ImageManager -I/Users/runner/work/App/App/ios/Pods/Headers/Public/React-Mapbuffer -I/Users/runner/work/App/App/ios/Pods/Headers/Public/React-NativeModulesApple -I/Users/runner/work/App/App/ios/Pods/Headers/Public/React-RCTAnimation -I/Users/runner/work/App/App/ios/Pods/Headers/Public/React-RCTBlob -I/Users/runner/work/App/App/ios/Pods/Headers/Public/React-RCTFBReactNativeSpec -I/Users/runner/work/App/App/ios/Pods/Headers/Public/React-RCTFabric -I/Users/runner/work/App/App/ios/Pods/Headers/Public/React-RCTImage -I/Users/runner/work/App/App/ios/Pods/Headers/Public/React-RCTRuntime -I/Users/runner/work/App/App/ios/Pods/Headers/Public/React-RCTText -I/Users/runner/work/App/App/ios/Pods/Headers/Public/React-RuntimeApple -I/Users/runner/work/App/App/ios/Pods/Headers/Public/React-RuntimeCore -I/Users/runner/work/App/App/ios/Pods/Headers/Public/React-RuntimeHermes -I/Users/runner/work/App/App/ios/Pods/Headers/Public/React-callinvoker -I/Users/runner/work/App/App/ios/Pods/Headers/Public/React-cxxreact -I/Users/runner/work/App/App/ios/Pods/Headers/Public/React-debug -I/Users/runner/work/App/App/ios/Pods/Headers/Public/React-defaultsnativemodule -I/Users/runner/work/App/App/ios/Pods/Headers/Public/React-domnativemodule -I/Users/runner/work/App/App/ios/Pods/Headers/Public/React-featureflags -I/Users/runner/work/App/App/ios/Pods/Headers/Public/React-featureflagsnativemodule -I/Users/runner/work/App/App/ios/Pods/Headers/Public/React-graphics -I/Users/runner/work/App/App/ios/Pods/Headers/Public/React-hermes -I/Users/runner/work/App/App/ios/Pods/Headers/Public/React-idlecallbacksnativemodule -I/Users/runner/work/App/App/ios/Pods/Headers/Public/React-intersectionobservernativemodule -I/Users/runner/work/App/App/ios/Pods/Headers/Public/React-jserrorhandler -I/Users/runner/work/App/App/ios/Pods/Headers/Public/React-jsi -I/Users/runner/work/App/App/ios/Pods/Headers/Public/React-jsiexecutor -I/Users/runner/work/App/App/ios/Pods/Headers/Public/React-jsinspector -I/Users/runner/work/App/App/ios/Pods/Headers/Public/React-jsinspectorcdp -I/Users/runner/work/App/App/ios/Pods/Headers/Public/React-jsinspectornetwork -I/Users/runner/work/App/App/ios/Pods/Headers/Public/React-jsinspectortracing -I/Users/runner/work/App/App/ios/Pods/Headers/Public/React-jsitooling -I/Users/runner/work/App/App/ios/Pods/Headers/Public/React-logger -I/Users/runner/work/App/App/ios/Pods/Headers/Public/React-microtasksnativemodule -I/Users/runner/work/App/App/ios/Pods/Headers/Public/React-mutationobservernativemodule -I/Users/runner/work/App/App/ios/Pods/Headers/Public/React-networking -I/Users/runner/work/App/App/ios/Pods/Headers/Public/React-oscompat -I/Users/runner/work/App/App/ios/Pods/Headers/Public/React-perflogger -I/Users/runner/work/App/App/ios/Pods/Headers/Public/React-performancecdpmetrics -I/Users/runner/work/App/App/ios/Pods/Headers/Public/React-performancetimeline -I/Users/runner/work/App/App/ios/Pods/Headers/Public/React-rendererconsistency -I/Users/runner/work/App/App/ios/Pods/Headers/Public/React-renderercss -I/Users/runner/work/App/App/ios/Pods/Headers/Public/React-rendererdebug -I/Users/runner/work/App/App/ios/Pods/Headers/Public/React-runtimeexecutor -I/Users/runner/work/App/App/ios/Pods/Headers/Public/React-runtimescheduler -I/Users/runner/work/App/App/ios/Pods/Headers/Public/React-timing -I/Users/runner/work/App/App/ios/Pods/Headers/Public/React-utils -I/Users/runner/work/App/App/ios/Pods/Headers/Public/React-viewtransitionnativemodule -I/Users/runner/work/App/App/ios/Pods/Headers/Public/React-webperformancenativemodule -I/Users/runner/work/App/App/ios/Pods/Headers/Public/ReactCodegen -I/Users/runner/work/App/App/ios/Pods/Headers/Public/ReactCommon -I/Users/runner/work/App/App/ios/Pods/Headers/Public/ReactNativeDependencies -I/Users/runner/work/App/App/ios/Pods/Headers/Public/Yoga -I/Users/runner/work/App/App/ios/Pods/Headers/Public/hermes-engine -I/Users/runner/work/App/App/ios/Pods/ReactNativeDependencies -I/Users/runner/work/App/App/ios/Pods/Headers/Public/ReactCodegen/react/renderer/components -I/Users/runner/work/App/App/ios/Pods/Headers/Private/React-Fabric -I/Users/runner/work/App/App/ios/Pods/Headers/Private/React-RCTFabric -I/Users/runner/work/App/App/ios/Pods/Headers/Private/Yoga -I/Users/runner/work/App/App/ios/build/generated/ios/ReactCodegen -I/Users/runner/work/App/App/ios/Pods/ExpoModulesCore/ExpoModulesCore.xcframework/ios-arm64_x86_64-simulator/ExpoModulesCore.framework/Headers -I/Users/runner/work/App/App/ios/Pods/ExpoModulesCore/ExpoModulesCore.xcframework/ios-arm64/ExpoModulesCore.framework/Headers -I/Users/runner/work/App/App/ios/Pods/ExpoModulesCore/ExpoModulesCore.xcframework/ios-arm64_x86_64-simulator/ExpoModulesCore.framework/Headers -I/Users/runner/work/App/App/ios/Pods/ExpoModulesCore/ExpoModulesCore.xcframework/ios-arm64/ExpoModulesCore.framework/Headers -I/Users/runner/work/App/App/build/Build/Intermediates.noindex/Pods.build/Release-iphoneos/ReactCodegen.build/DerivedSources-normal/arm64 -I/Users/runner/work/App/App/build/Build/Intermediates.noindex/Pods.build/Release-iphoneos/ReactCodegen.build/DerivedSources/arm64 -I/Users/runner/work/App/App/build/Build/Intermediates.noindex/Pods.build/Release-iphoneos/ReactCodegen.build/DerivedSources -F/Users/runner/work/App/App/build/Build/Products/Release-iphoneos/ReactCodegen -F/Users/runner/work/App/App/ios/Pods/React-Core-prebuilt -F/Users/runner/work/App/App/ios/Pods/ReactNativeDependencies/framework/packages/react-native -F/Users/runner/work/App/App/ios/Pods/hermes-engine/destroot/Library/Frameworks/universal -F/Users/runner/work/App/App/build/Build/Products/Release-iphoneos/XCFrameworkIntermediates/React-Core-prebuilt -F/Users/runner/work/App/App/build/Build/Products/Release-iphoneos/XCFrameworkIntermediates/ReactNativeDependencies -F/Users/runner/work/App/App/build/Build/Products/Release-iphoneos/XCFrameworkIntermediates/hermes-engine/Pre-built '-DRCT_REMOVE_LEGACY_ARCH=1' -ivfsoverlay /Users/runner/work/App/App/ios/Pods/React-Core-prebuilt/React-VFS.yaml -DNDEBUG

WriteAuxiliaryFile /Users/runner/work/App/App/build/Build/Intermediates.noindex/Pods.build/Release-iphoneos/ReactCodegen.build/Objects-normal/arm64/af3fcb34312c57c0f52879cdce924b91-common-args.resp (in target 'ReactCodegen' from project 'Pods')
    cd /Users/runner/work/App/App/ios/Pods
    write-file /Users/runner/work/App/App/build/Build/Intermediates.noindex/Pods.build/Release-iphoneos/ReactCodegen.build/Objects-normal/arm64/af3fcb34312c57c0f52879cdce924b91-common-args.resp
-target arm64-apple-ios15.1 '-std=c++20' '-stdlib=libc++' -fobjc-arc -fmodules -fno-cxx-modules '-fmodules-cache-path=/Users/runner/work/App/App/build/ModuleCache.noindex' -fpascal-strings -Os -fno-common '-DPOD_CONFIGURATION_RELEASE=1' '-DCOCOAPODS=1' '-DNS_BLOCK_ASSERTIONS=1' '-DOBJC_OLD_DISPATCH_PROTOTYPES=0' -isysroot /Applications/Xcode_26.3.app/Contents/Developer/Platforms/iPhoneOS.platform/Developer/SDKs/iPhoneOS26.2.sdk -g -iquote /Users/runner/work/App/App/build/Build/Intermediates.noindex/Pods.build/Release-iphoneos/ReactCodegen.build/ReactCodegen-generated-files.hmap -I/Users/runner/work/App/App/build/Build/Intermediates.noindex/Pods.build/Release-iphoneos/ReactCodegen.build/ReactCodegen-own-target-headers.hmap -I/Users/runner/work/App/App/build/Build/Intermediates.noindex/Pods.build/Release-iphoneos/ReactCodegen.build/ReactCodegen-all-non-framework-target-headers.hmap -ivfsoverlay /Users/runner/work/App/App/build/Build/Intermediates.noindex/Pods.build/Release-iphoneos/Pods-8699adb1dd336b26511df848a716bd42-VFS-iphoneos/all-product-headers.yaml -iquote /Users/runner/work/App/App/build/Build/Intermediates.noindex/Pods.build/Release-iphoneos/ReactCodegen.build/ReactCodegen-project-headers.hmap -I/Users/runner/work/App/App/build/Build/Products/Release-iphoneos/ReactCodegen/include -I/Users/runner/work/App/App/ios/Pods/Headers/Private -I/Users/runner/work/App/App/ios/Pods/Headers/Private/ReactCodegen -I/Users/runner/work/App/App/ios/Pods/Headers/Public -I/Users/runner/work/App/App/ios/Pods/Headers/Public/FBLazyVector -I/Users/runner/work/App/App/ios/Pods/Headers/Public/RCTRequired -I/Users/runner/work/App/App/ios/Pods/Headers/Public/RCTSwiftUIWrapper -I/Users/runner/work/App/App/ios/Pods/Headers/Public/RCTTypeSafety -I/Users/runner/work/App/App/ios/Pods/Headers/Public/React-Core -I/Users/runner/work/App/App/ios/Pods/Headers/Public/React-Core-prebuilt -I/Users/runner/work/App/App/ios/Pods/Headers/Public/React-CoreModules -I/Users/runner/work/App/App/ios/Pods/Headers/Public/React-Fabric -I/Users/runner/work/App/App/ios/Pods/Headers/Public/React-FabricComponents -I/Users/runner/work/App/App/ios/Pods/Headers/Public/React-FabricImage -I/Users/runner/work/App/App/ios/Pods/Headers/Public/React-ImageManager -I/Users/runner/work/App/App/ios/Pods/Headers/Public/React-Mapbuffer -I/Users/runner/work/App/App/ios/Pods/Headers/Public/React-NativeModulesApple -I/Users/runner/work/App/App/ios/Pods/Headers/Public/React-RCTAnimation -I/Users/runner/work/App/App/ios/Pods/Headers/Public/React-RCTBlob -I/Users/runner/work/App/App/ios/Pods/Headers/Public/React-RCTFBReactNativeSpec -I/Users/runner/work/App/App/ios/Pods/Headers/Public/React-RCTFabric -I/Users/runner/work/App/App/ios/Pods/Headers/Public/React-RCTImage -I/Users/runner/work/App/App/ios/Pods/Headers/Public/React-RCTRuntime -I/Users/runner/work/App/App/ios/Pods/Headers/Public/React-RCTText -I/Users/runner/work/App/App/ios/Pods/Headers/Public/React-RuntimeApple -I/Users/runner/work/App/App/ios/Pods/Headers/Public/React-RuntimeCore -I/Users/runner/work/App/App/ios/Pods/Headers/Public/React-RuntimeHermes -I/Users/runner/work/App/App/ios/Pods/Headers/Public/React-callinvoker -I/Users/runner/work/App/App/ios/Pods/Headers/Public/React-cxxreact -I/Users/runner/work/App/App/ios/Pods/Headers/Public/React-debug -I/Users/runner/work/App/App/ios/Pods/Headers/Public/React-defaultsnativemodule -I/Users/runner/work/App/App/ios/Pods/Headers/Public/React-domnativemodule -I/Users/runner/work/App/App/ios/Pods/Headers/Public/React-featureflags -I/Users/runner/work/App/App/ios/Pods/Headers/Public/React-featureflagsnativemodule -I/Users/runner/work/App/App/ios/Pods/Headers/Public/React-graphics -I/Users/runner/work/App/App/ios/Pods/Headers/Public/React-hermes -I/Users/runner/work/App/App/ios/Pods/Headers/Public/React-idlecallbacksnativemodule -I/Users/runner/work/App/App/ios/Pods/Headers/Public/React-intersectionobservernativemodule -I/Users/runner/work/App/App/ios/Pods/Headers/Public/React-jserrorhandler -I/Users/runner/work/App/App/ios/Pods/Headers/Public/React-jsi -I/Users/runner/work/App/App/ios/Pods/Headers/Public/React-jsiexecutor -I/Users/runner/work/App/App/ios/Pods/Headers/Public/React-jsinspector -I/Users/runner/work/App/App/ios/Pods/Headers/Public/React-jsinspectorcdp -I/Users/runner/work/App/App/ios/Pods/Headers/Public/React-jsinspectornetwork -I/Users/runner/work/App/App/ios/Pods/Headers/Public/React-jsinspectortracing -I/Users/runner/work/App/App/ios/Pods/Headers/Public/React-jsitooling -I/Users/runner/work/App/App/ios/Pods/Headers/Public/React-logger -I/Users/runner/work/App/App/ios/Pods/Headers/Public/React-microtasksnativemodule -I/Users/runner/work/App/App/ios/Pods/Headers/Public/React-mutationobservernativemodule -I/Users/runner/work/App/App/ios/Pods/Headers/Public/React-networking -I/Users/runner/work/App/App/ios/Pods/Headers/Public/React-oscompat -I/Users/runner/work/App/App/ios/Pods/Headers/Public/React-perflogger -I/Users/runner/work/App/App/ios/Pods/Headers/Public/React-performancecdpmetrics -I/Users/runner/work/App/App/ios/Pods/Headers/Public/React-performancetimeline -I/Users/runner/work/App/App/ios/Pods/Headers/Public/React-rendererconsistency -I/Users/runner/work/App/App/ios/Pods/Headers/Public/React-renderercss -I/Users/runner/work/App/App/ios/Pods/Headers/Public/React-rendererdebug -I/Users/runner/work/App/App/ios/Pods/Headers/Public/React-runtimeexecutor -I/Users/runner/work/App/App/ios/Pods/Headers/Public/React-runtimescheduler -I/Users/runner/work/App/App/ios/Pods/Headers/Public/React-timing -I/Users/runner/work/App/App/ios/Pods/Headers/Public/React-utils -I/Users/runner/work/App/App/ios/Pods/Headers/Public/React-viewtransitionnativemodule -I/Users/runner/work/App/App/ios/Pods/Headers/Public/React-webperformancenativemodule -I/Users/runner/work/App/App/ios/Pods/Headers/Public/ReactCodegen -I/Users/runner/work/App/App/ios/Pods/Headers/Public/ReactCommon -I/Users/runner/work/App/App/ios/Pods/Headers/Public/ReactNativeDependencies -I/Users/runner/work/App/App/ios/Pods/Headers/Public/Yoga -I/Users/runner/work/App/App/ios/Pods/Headers/Public/hermes-engine -I/Users/runner/work/App/App/ios/Pods/ReactNativeDependencies -I/Users/runner/work/App/App/ios/Pods/Headers/Public/ReactCodegen/react/renderer/components -I/Users/runner/work/App/App/ios/Pods/Headers/Private/React-Fabric -I/Users/runner/work/App/App/ios/Pods/Headers/Private/React-RCTFabric -I/Users/runner/work/App/App/ios/Pods/Headers/Private/Yoga -I/Users/runner/work/App/App/ios/build/generated/ios/ReactCodegen -I/Users/runner/work/App/App/ios/Pods/ExpoModulesCore/ExpoModulesCore.xcframework/ios-arm64_x86_64-simulator/ExpoModulesCore.framework/Headers -I/Users/runner/work/App/App/ios/Pods/ExpoModulesCore/ExpoModulesCore.xcframework/ios-arm64/ExpoModulesCore.framework/Headers -I/Users/runner/work/App/App/ios/Pods/ExpoModulesCore/ExpoModulesCore.xcframework/ios-arm64_x86_64-simulator/ExpoModulesCore.framework/Headers -I/Users/runner/work/App/App/ios/Pods/ExpoModulesCore/ExpoModulesCore.xcframework/ios-arm64/ExpoModulesCore.framework/Headers -I/Users/runner/work/App/App/build/Build/Intermediates.noindex/Pods.build/Release-iphoneos/ReactCodegen.build/DerivedSources-normal/arm64 -I/Users/runner/work/App/App/build/Build/Intermediates.noindex/Pods.build/Release-iphoneos/ReactCodegen.build/DerivedSources/arm64 -I/Users/runner/work/App/App/build/Build/Intermediates.noindex/Pods.build/Release-iphoneos/ReactCodegen.build/DerivedSources -F/Users/runner/work/App/App/build/Build/Products/Release-iphoneos/ReactCodegen -F/Users/runner/work/App/App/ios/Pods/React-Core-prebuilt -F/Users/runner/work/App/App/ios/Pods/ReactNativeDependencies/framework/packages/react-native -F/Users/runner/work/App/App/ios/Pods/hermes-engine/destroot/Library/Frameworks/universal -F/Users/runner/work/App/App/build/Build/Products/Release-iphoneos/XCFrameworkIntermediates/React-Core-prebuilt -F/Users/runner/work/App/App/build/Build/Products/Release-iphoneos/XCFrameworkIntermediates/ReactNativeDependencies -F/Users/runner/work/App/App/build/Build/Products/Release-iphoneos/XCFrameworkIntermediates/hermes-engine/Pre-built '-DRCT_REMOVE_LEGACY_ARCH=1' -ivfsoverlay /Users/runner/work/App/App/ios/Pods/React-Core-prebuilt/React-VFS.yaml -DNDEBUG '-DRCT_REMOVE_LEGACY_ARCH=1' '-DFOLLY_MOBILE=1' '-DFOLLY_USE_LIBCPP=1' '-DFOLLY_CFG_NO_COROUTINES=1' '-DFOLLY_HAVE_CLOCK_GETTIME=1' -ivfsoverlay /Users/runner/work/App/App/ios/Pods/React-Core-prebuilt/React-VFS.yaml -DNDEBUG

WriteAuxiliaryFile /Users/runner/work/App/App/build/Build/Intermediates.noindex/Pods.build/Release-iphoneos/ReactCodegen.build/Objects-normal/arm64/ReactCodegen.LinkFileList (in target 'ReactCodegen' from project 'Pods')
    cd /Users/runner/work/App/App/ios/Pods
    write-file /Users/runner/work/App/App/build/Build/Intermediates.noindex/Pods.build/Release-iphoneos/ReactCodegen.build/Objects-normal/arm64/ReactCodegen.LinkFileList

WriteAuxiliaryFile /Users/runner/work/App/App/build/Build/Intermediates.noindex/Pods.build/Release-iphoneos/ReactCodegen.build/Objects-normal/arm64/82b82416624d2658e5098eb0a28c15c5-common-args.resp (in target 'ReactCodegen' from project 'Pods')
    cd /Users/runner/work/App/App/ios/Pods
    write-file /Users/runner/work/App/App/build/Build/Intermediates.noindex/Pods.build/Release-iphoneos/ReactCodegen.build/Objects-normal/arm64/82b82416624d2658e5098eb0a28c15c5-common-args.resp
-target arm64-apple-ios15.1 '-std=c++20' '-stdlib=libc++' -fmodules -fno-cxx-modules '-fmodules-cache-path=/Users/runner/work/App/App/build/ModuleCache.noindex' -fpascal-strings -Os -fno-common '-DPOD_CONFIGURATION_RELEASE=1' '-DCOCOAPODS=1' -isysroot /Applications/Xcode_26.3.app/Contents/Developer/Platforms/iPhoneOS.platform/Developer/SDKs/iPhoneOS26.2.sdk -g -iquote /Users/runner/work/App/App/build/Build/Intermediates.noindex/Pods.build/Release-iphoneos/ReactCodegen.build/ReactCodegen-generated-files.hmap -I/Users/runner/work/App/App/build/Build/Intermediates.noindex/Pods.build/Release-iphoneos/ReactCodegen.build/ReactCodegen-own-target-headers.hmap -I/Users/runner/work/App/App/build/Build/Intermediates.noindex/Pods.build/Release-iphoneos/ReactCodegen.build/ReactCodegen-all-non-framework-target-headers.hmap -ivfsoverlay /Users/runner/work/App/App/build/Build/Intermediates.noindex/Pods.build/Release-iphoneos/Pods-8699adb1dd336b26511df848a716bd42-VFS-iphoneos/all-product-headers.yaml -iquote /Users/runner/work/App/App/build/Build/Intermediates.noindex/Pods.build/Release-iphoneos/ReactCodegen.build/ReactCodegen-project-headers.hmap -I/Users/runner/work/App/App/build/Build/Products/Release-iphoneos/ReactCodegen/include -I/Users/runner/work/App/App/ios/Pods/Headers/Private -I/Users/runner/work/App/App/ios/Pods/Headers/Private/ReactCodegen -I/Users/runner/work/App/App/ios/Pods/Headers/Public -I/Users/runner/work/App/App/ios/Pods/Headers/Public/FBLazyVector -I/Users/runner/work/App/App/ios/Pods/Headers/Public/RCTRequired -I/Users/runner/work/App/App/ios/Pods/Headers/Public/RCTSwiftUIWrapper -I/Users/runner/work/App/App/ios/Pods/Headers/Public/RCTTypeSafety -I/Users/runner/work/App/App/ios/Pods/Headers/Public/React-Core -I/Users/runner/work/App/App/ios/Pods/Headers/Public/React-Core-prebuilt -I/Users/runner/work/App/App/ios/Pods/Headers/Public/React-CoreModules -I/Users/runner/work/App/App/ios/Pods/Headers/Public/React-Fabric -I/Users/runner/work/App/App/ios/Pods/Headers/Public/React-FabricComponents -I/Users/runner/work/App/App/ios/Pods/Headers/Public/React-FabricImage -I/Users/runner/work/App/App/ios/Pods/Headers/Public/React-ImageManager -I/Users/runner/work/App/App/ios/Pods/Headers/Public/React-Mapbuffer -I/Users/runner/work/App/App/ios/Pods/Headers/Public/React-NativeModulesApple -I/Users/runner/work/App/App/ios/Pods/Headers/Public/React-RCTAnimation -I/Users/runner/work/App/App/ios/Pods/Headers/Public/React-RCTBlob -I/Users/runner/work/App/App/ios/Pods/Headers/Public/React-RCTFBReactNativeSpec -I/Users/runner/work/App/App/ios/Pods/Headers/Public/React-RCTFabric -I/Users/runner/work/App/App/ios/Pods/Headers/Public/React-RCTImage -I/Users/runner/work/App/App/ios/Pods/Headers/Public/React-RCTRuntime -I/Users/runner/work/App/App/ios/Pods/Headers/Public/React-RCTText -I/Users/runner/work/App/App/ios/Pods/Headers/Public/React-RuntimeApple -I/Users/runner/work/App/App/ios/Pods/Headers/Public/React-RuntimeCore -I/Users/runner/work/App/App/ios/Pods/Headers/Public/React-RuntimeHermes -I/Users/runner/work/App/App/ios/Pods/Headers/Public/React-callinvoker -I/Users/runner/work/App/App/ios/Pods/Headers/Public/React-cxxreact -I/Users/runner/work/App/App/ios/Pods/Headers/Public/React-debug -I/Users/runner/work/App/App/ios/Pods/Headers/Public/React-defaultsnativemodule -I/Users/runner/work/App/App/ios/Pods/Headers/Public/React-domnativemodule -I/Users/runner/work/App/App/ios/Pods/Headers/Public/React-featureflags -I/Users/runner/work/App/App/ios/Pods/Headers/Public/React-featureflagsnativemodule -I/Users/runner/work/App/App/ios/Pods/Headers/Public/React-graphics -I/Users/runner/work/App/App/ios/Pods/Headers/Public/React-hermes -I/Users/runner/work/App/App/ios/Pods/Headers/Public/React-idlecallbacksnativemodule -I/Users/runner/work/App/App/ios/Pods/Headers/Public/React-intersectionobservernativemodule -I/Users/runner/work/App/App/ios/Pods/Headers/Public/React-jserrorhandler -I/Users/runner/work/App/App/ios/Pods/Headers/Public/React-jsi -I/Users/runner/work/App/App/ios/Pods/Headers/Public/React-jsiexecutor -I/Users/runner/work/App/App/ios/Pods/Headers/Public/React-jsinspector -I/Users/runner/work/App/App/ios/Pods/Headers/Public/React-jsinspectorcdp -I/Users/runner/work/App/App/ios/Pods/Headers/Public/React-jsinspectornetwork -I/Users/runner/work/App/App/ios/Pods/Headers/Public/React-jsinspectortracing -I/Users/runner/work/App/App/ios/Pods/Headers/Public/React-jsitooling -I/Users/runner/work/App/App/ios/Pods/Headers/Public/React-logger -I/Users/runner/work/App/App/ios/Pods/Headers/Public/React-microtasksnativemodule -I/Users/runner/work/App/App/ios/Pods/Headers/Public/React-mutationobservernativemodule -I/Users/runner/work/App/App/ios/Pods/Headers/Public/React-networking -I/Users/runner/work/App/App/ios/Pods/Headers/Public/React-oscompat -I/Users/runner/work/App/App/ios/Pods/Headers/Public/React-perflogger -I/Users/runner/work/App/App/ios/Pods/Headers/Public/React-performancecdpmetrics -I/Users/runner/work/App/App/ios/Pods/Headers/Public/React-performancetimeline -I/Users/runner/work/App/App/ios/Pods/Headers/Public/React-rendererconsistency -I/Users/runner/work/App/App/ios/Pods/Headers/Public/React-renderercss -I/Users/runner/work/App/App/ios/Pods/Headers/Public/React-rendererdebug -I/Users/runner/work/App/App/ios/Pods/Headers/Public/React-runtimeexecutor -I/Users/runner/work/App/App/ios/Pods/Headers/Public/React-runtimescheduler -I/Users/runner/work/App/App/ios/Pods/Headers/Public/React-timing -I/Users/runner/work/App/App/ios/Pods/Headers/Public/React-utils -I/Users/runner/work/App/App/ios/Pods/Headers/Public/React-viewtransitionnativemodule -I/Users/runner/work/App/App/ios/Pods/Headers/Public/React-webperformancenativemodule -I/Users/runner/work/App/App/ios/Pods/Headers/Public/ReactCodegen -I/Users/runner/work/App/App/ios/Pods/Headers/Public/ReactCommon -I/Users/runner/work/App/App/ios/Pods/Headers/Public/ReactNativeDependencies -I/Users/runner/work/App/App/ios/Pods/Headers/Public/Yoga -I/Users/runner/work/App/App/ios/Pods/Headers/Public/hermes-engine -I/Users/runner/work/App/App/ios/Pods/ReactNativeDependencies -I/Users/runner/work/App/App/ios/Pods/Headers/Public/ReactCodegen/react/renderer/components -I/Users/runner/work/App/App/ios/Pods/Headers/Private/React-Fabric -I/Users/runner/work/App/App/ios/Pods/Headers/Private/React-RCTFabric -I/Users/runner/work/App/App/ios/Pods/Headers/Private/Yoga -I/Users/runner/work/App/App/ios/build/generated/ios/ReactCodegen -I/Users/runner/work/App/App/ios/Pods/ExpoModulesCore/ExpoModulesCore.xcframework/ios-arm64_x86_64-simulator/ExpoModulesCore.framework/Headers -I/Users/runner/work/App/App/ios/Pods/ExpoModulesCore/ExpoModulesCore.xcframework/ios-arm64/ExpoModulesCore.framework/Headers -I/Users/runner/work/App/App/ios/Pods/ExpoModulesCore/ExpoModulesCore.xcframework/ios-arm64_x86_64-simulator/ExpoModulesCore.framework/Headers -I/Users/runner/work/App/App/ios/Pods/ExpoModulesCore/ExpoModulesCore.xcframework/ios-arm64/ExpoModulesCore.framework/Headers -I/Users/runner/work/App/App/build/Build/Intermediates.noindex/Pods.build/Release-iphoneos/ReactCodegen.build/DerivedSources-normal/arm64 -I/Users/runner/work/App/App/build/Build/Intermediates.noindex/Pods.build/Release-iphoneos/ReactCodegen.build/DerivedSources/arm64 -I/Users/runner/work/App/App/build/Build/Intermediates.noindex/Pods.build/Release-iphoneos/ReactCodegen.build/DerivedSources -F/Users/runner/work/App/App/build/Build/Products/Release-iphoneos/ReactCodegen -F/Users/runner/work/App/App/ios/Pods/React-Core-prebuilt -F/Users/runner/work/App/App/ios/Pods/ReactNativeDependencies/framework/packages/react-native -F/Users/runner/work/App/App/ios/Pods/hermes-engine/destroot/Library/Frameworks/universal -F/Users/runner/work/App/App/build/Build/Products/Release-iphoneos/XCFrameworkIntermediates/React-Core-prebuilt -F/Users/runner/work/App/App/build/Build/Products/Release-iphoneos/XCFrameworkIntermediates/ReactNativeDependencies -F/Users/runner/work/App/App/build/Build/Products/Release-iphoneos/XCFrameworkIntermediates/hermes-engine/Pre-built '-DRCT_REMOVE_LEGACY_ARCH=1' -ivfsoverlay /Users/runner/work/App/App/ios/Pods/React-Core-prebuilt/React-VFS.yaml -DNDEBUG '-DRCT_REMOVE_LEGACY_ARCH=1' '-DFOLLY_MOBILE=1' '-DFOLLY_USE_LIBCPP=1' '-DFOLLY_CFG_NO_COROUTINES=1' '-DFOLLY_HAVE_CLOCK_GETTIME=1' -ivfsoverlay /Users/runner/work/App/App/ios/Pods/React-Core-prebuilt/React-VFS.yaml -DNDEBUG

WriteAuxiliaryFile /Users/runner/work/App/App/build/Build/Intermediates.noindex/Pods.build/Release-iphoneos/ReactAppDependencyProvider.build/ReactAppDependencyProvider.hmap (in target 'ReactAppDependencyProvider' from project 'Pods')
    cd /Users/runner/work/App/App/ios/Pods
    write-file /Users/runner/work/App/App/build/Build/Intermediates.noindex/Pods.build/Release-iphoneos/ReactAppDependencyProvider.build/ReactAppDependencyProvider.hmap

WriteAuxiliaryFile /Users/runner/work/App/App/build/Build/Intermediates.noindex/Pods.build/Release-iphoneos/ReactAppDependencyProvider.build/ReactAppDependencyProvider.DependencyStaticMetadataFileList (in target 'ReactAppDependencyProvider' from project 'Pods')
    cd /Users/runner/work/App/App/ios/Pods
    write-file /Users/runner/work/App/App/build/Build/Intermediates.noindex/Pods.build/Release-iphoneos/ReactAppDependencyProvider.build/ReactAppDependencyProvider.DependencyStaticMetadataFileList

WriteAuxiliaryFile /Users/runner/work/App/App/build/Build/Intermediates.noindex/Pods.build/Release-iphoneos/ReactAppDependencyProvider.build/ReactAppDependencyProvider.DependencyMetadataFileList (in target 'ReactAppDependencyProvider' from project 'Pods')
    cd /Users/runner/work/App/App/ios/Pods
    write-file /Users/runner/work/App/App/build/Build/Intermediates.noindex/Pods.build/Release-iphoneos/ReactAppDependencyProvider.build/ReactAppDependencyProvider.DependencyMetadataFileList

WriteAuxiliaryFile /Users/runner/work/App/App/build/Build/Intermediates.noindex/Pods.build/Release-iphoneos/ReactAppDependencyProvider.build/ReactAppDependencyProvider-project-headers.hmap (in target 'ReactAppDependencyProvider' from project 'Pods')
    cd /Users/runner/work/App/App/ios/Pods
    write-file /Users/runner/work/App/App/build/Build/Intermediates.noindex/Pods.build/Release-iphoneos/ReactAppDependencyProvider.build/ReactAppDependencyProvider-project-headers.hmap

WriteAuxiliaryFile /Users/runner/work/App/App/build/Build/Intermediates.noindex/Pods.build/Release-iphoneos/ReactAppDependencyProvider.build/ReactAppDependencyProvider-own-target-headers.hmap (in target 'ReactAppDependencyProvider' from project 'Pods')
    cd /Users/runner/work/App/App/ios/Pods
    write-file /Users/runner/work/App/App/build/Build/Intermediates.noindex/Pods.build/Release-iphoneos/ReactAppDependencyProvider.build/ReactAppDependencyProvider-own-target-headers.hmap

WriteAuxiliaryFile /Users/runner/work/App/App/build/Build/Intermediates.noindex/Pods.build/Release-iphoneos/ReactAppDependencyProvider.build/ReactAppDependencyProvider-generated-files.hmap (in target 'ReactAppDependencyProvider' from project 'Pods')
    cd /Users/runner/work/App/App/ios/Pods
    write-file /Users/runner/work/App/App/build/Build/Intermediates.noindex/Pods.build/Release-iphoneos/ReactAppDependencyProvider.build/ReactAppDependencyProvider-generated-files.hmap

WriteAuxiliaryFile /Users/runner/work/App/App/build/Build/Intermediates.noindex/Pods.build/Release-iphoneos/ReactAppDependencyProvider.build/ReactAppDependencyProvider-all-target-headers.hmap (in target 'ReactAppDependencyProvider' from project 'Pods')
    cd /Users/runner/work/App/App/ios/Pods
    write-file /Users/runner/work/App/App/build/Build/Intermediates.noindex/Pods.build/Release-iphoneos/ReactAppDependencyProvider.build/ReactAppDependencyProvider-all-target-headers.hmap

WriteAuxiliaryFile /Users/runner/work/App/App/build/Build/Intermediates.noindex/Pods.build/Release-iphoneos/ReactAppDependencyProvider.build/ReactAppDependencyProvider-all-non-framework-target-headers.hmap (in target 'ReactAppDependencyProvider' from project 'Pods')
    cd /Users/runner/work/App/App/ios/Pods
    write-file /Users/runner/work/App/App/build/Build/Intermediates.noindex/Pods.build/Release-iphoneos/ReactAppDependencyProvider.build/ReactAppDependencyProvider-all-non-framework-target-headers.hmap

WriteAuxiliaryFile /Users/runner/work/App/App/build/Build/Intermediates.noindex/Pods.build/Release-iphoneos/ReactAppDependencyProvider.build/Objects-normal/arm64/e6072d4f65d7061329687fe24e3d63a7-common-args.resp (in target 'ReactAppDependencyProvider' from project 'Pods')
    cd /Users/runner/work/App/App/ios/Pods
    write-file /Users/runner/work/App/App/build/Build/Intermediates.noindex/Pods.build/Release-iphoneos/ReactAppDependencyProvider.build/Objects-normal/arm64/e6072d4f65d7061329687fe24e3d63a7-common-args.resp
-target arm64-apple-ios15.1 '-std=gnu11' -fobjc-arc -fmodules '-fmodules-cache-path=/Users/runner/work/App/App/build/ModuleCache.noindex' '-fmodule-name=ReactAppDependencyProvider' -fpascal-strings -Os -fno-common '-DPOD_CONFIGURATION_RELEASE=1' '-DCOCOAPODS=1' '-DNS_BLOCK_ASSERTIONS=1' '-DOBJC_OLD_DISPATCH_PROTOTYPES=0' -isysroot /Applications/Xcode_26.3.app/Contents/Developer/Platforms/iPhoneOS.platform/Developer/SDKs/iPhoneOS26.2.sdk -g -iquote /Users/runner/work/App/App/build/Build/Intermediates.noindex/Pods.build/Release-iphoneos/ReactAppDependencyProvider.build/ReactAppDependencyProvider-generated-files.hmap -I/Users/runner/work/App/App/build/Build/Intermediates.noindex/Pods.build/Release-iphoneos/ReactAppDependencyProvider.build/ReactAppDependencyProvider-own-target-headers.hmap -I/Users/runner/work/App/App/build/Build/Intermediates.noindex/Pods.build/Release-iphoneos/ReactAppDependencyProvider.build/ReactAppDependencyProvider-all-non-framework-target-headers.hmap -ivfsoverlay /Users/runner/work/App/App/build/Build/Intermediates.noindex/Pods.build/Release-iphoneos/Pods-8699adb1dd336b26511df848a716bd42-VFS-iphoneos/all-product-headers.yaml -iquote /Users/runner/work/App/App/build/Build/Intermediates.noindex/Pods.build/Release-iphoneos/ReactAppDependencyProvider.build/ReactAppDependencyProvider-project-headers.hmap -I/Users/runner/work/App/App/build/Build/Products/Release-iphoneos/ReactAppDependencyProvider/include -I/Users/runner/work/App/App/ios/Pods/Headers/Private -I/Users/runner/work/App/App/ios/Pods/Headers/Private/ReactAppDependencyProvider -I/Users/runner/work/App/App/ios/Pods/Headers/Public -I/Users/runner/work/App/App/ios/Pods/Headers/Public/FBLazyVector -I/Users/runner/work/App/App/ios/Pods/Headers/Public/RCTRequired -I/Users/runner/work/App/App/ios/Pods/Headers/Public/RCTSwiftUIWrapper -I/Users/runner/work/App/App/ios/Pods/Headers/Public/RCTTypeSafety -I/Users/runner/work/App/App/ios/Pods/Headers/Public/React-Core -I/Users/runner/work/App/App/ios/Pods/Headers/Public/React-Core-prebuilt -I/Users/runner/work/App/App/ios/Pods/Headers/Public/React-CoreModules -I/Users/runner/work/App/App/ios/Pods/Headers/Public/React-Fabric -I/Users/runner/work/App/App/ios/Pods/Headers/Public/React-FabricComponents -I/Users/runner/work/App/App/ios/Pods/Headers/Public/React-FabricImage -I/Users/runner/work/App/App/ios/Pods/Headers/Public/React-ImageManager -I/Users/runner/work/App/App/ios/Pods/Headers/Public/React-Mapbuffer -I/Users/runner/work/App/App/ios/Pods/Headers/Public/React-NativeModulesApple -I/Users/runner/work/App/App/ios/Pods/Headers/Public/React-RCTAnimation -I/Users/runner/work/App/App/ios/Pods/Headers/Public/React-RCTBlob -I/Users/runner/work/App/App/ios/Pods/Headers/Public/React-RCTFBReactNativeSpec -I/Users/runner/work/App/App/ios/Pods/Headers/Public/React-RCTFabric -I/Users/runner/work/App/App/ios/Pods/Headers/Public/React-RCTImage -I/Users/runner/work/App/App/ios/Pods/Headers/Public/React-RCTRuntime -I/Users/runner/work/App/App/ios/Pods/Headers/Public/React-RCTText -I/Users/runner/work/App/App/ios/Pods/Headers/Public/React-RuntimeApple -I/Users/runner/work/App/App/ios/Pods/Headers/Public/React-RuntimeCore -I/Users/runner/work/App/App/ios/Pods/Headers/Public/React-RuntimeHermes -I/Users/runner/work/App/App/ios/Pods/Headers/Public/React-callinvoker -I/Users/runner/work/App/App/ios/Pods/Headers/Public/React-cxxreact -I/Users/runner/work/App/App/ios/Pods/Headers/Public/React-debug -I/Users/runner/work/App/App/ios/Pods/Headers/Public/React-defaultsnativemodule -I/Users/runner/work/App/App/ios/Pods/Headers/Public/React-domnativemodule -I/Users/runner/work/App/App/ios/Pods/Headers/Public/React-featureflags -I/Users/runner/work/App/App/ios/Pods/Headers/Public/React-featureflagsnativemodule -I/Users/runner/work/App/App/ios/Pods/Headers/Public/React-graphics -I/Users/runner/work/App/App/ios/Pods/Headers/Public/React-hermes -I/Users/runner/work/App/App/ios/Pods/Headers/Public/React-idlecallbacksnativemodule -I/Users/runner/work/App/App/ios/Pods/Headers/Public/React-intersectionobservernativemodule -I/Users/runner/work/App/App/ios/Pods/Headers/Public/React-jserrorhandler -I/Users/runner/work/App/App/ios/Pods/Headers/Public/React-jsi -I/Users/runner/work/App/App/ios/Pods/Headers/Public/React-jsiexecutor -I/Users/runner/work/App/App/ios/Pods/Headers/Public/React-jsinspector -I/Users/runner/work/App/App/ios/Pods/Headers/Public/React-jsinspectorcdp -I/Users/runner/work/App/App/ios/Pods/Headers/Public/React-jsinspectornetwork -I/Users/runner/work/App/App/ios/Pods/Headers/Public/React-jsinspectortracing -I/Users/runner/work/App/App/ios/Pods/Headers/Public/React-jsitooling -I/Users/runner/work/App/App/ios/Pods/Headers/Public/React-logger -I/Users/runner/work/App/App/ios/Pods/Headers/Public/React-microtasksnativemodule -I/Users/runner/work/App/App/ios/Pods/Headers/Public/React-mutationobservernativemodule -I/Users/runner/work/App/App/ios/Pods/Headers/Public/React-networking -I/Users/runner/work/App/App/ios/Pods/Headers/Public/React-oscompat -I/Users/runner/work/App/App/ios/Pods/Headers/Public/React-perflogger -I/Users/runner/work/App/App/ios/Pods/Headers/Public/React-performancecdpmetrics -I/Users/runner/work/App/App/ios/Pods/Headers/Public/React-performancetimeline -I/Users/runner/work/App/App/ios/Pods/Headers/Public/React-rendererconsistency -I/Users/runner/work/App/App/ios/Pods/Headers/Public/React-renderercss -I/Users/runner/work/App/App/ios/Pods/Headers/Public/React-rendererdebug -I/Users/runner/work/App/App/ios/Pods/Headers/Public/React-runtimeexecutor -I/Users/runner/work/App/App/ios/Pods/Headers/Public/React-runtimescheduler -I/Users/runner/work/App/App/ios/Pods/Headers/Public/React-timing -I/Users/runner/work/App/App/ios/Pods/Headers/Public/React-utils -I/Users/runner/work/App/App/ios/Pods/Headers/Public/React-viewtransitionnativemodule -I/Users/runner/work/App/App/ios/Pods/Headers/Public/React-webperformancenativemodule -I/Users/runner/work/App/App/ios/Pods/Headers/Public/ReactCodegen -I/Users/runner/work/App/App/ios/Pods/Headers/Public/ReactCommon -I/Users/runner/work/App/App/ios/Pods/Headers/Public/ReactNativeDependencies -I/Users/runner/work/App/App/ios/Pods/Headers/Public/Yoga -I/Users/runner/work/App/App/ios/Pods/Headers/Public/hermes-engine -I/Users/runner/work/App/App/ios/Pods/ExpoModulesCore/ExpoModulesCore.xcframework/ios-arm64_x86_64-simulator/ExpoModulesCore.framework/Headers -I/Users/runner/work/App/App/ios/Pods/ExpoModulesCore/ExpoModulesCore.xcframework/ios-arm64/ExpoModulesCore.framework/Headers -I/Users/runner/work/App/App/ios/Pods/ExpoModulesCore/ExpoModulesCore.xcframework/ios-arm64_x86_64-simulator/ExpoModulesCore.framework/Headers -I/Users/runner/work/App/App/ios/Pods/ExpoModulesCore/ExpoModulesCore.xcframework/ios-arm64/ExpoModulesCore.framework/Headers -I/Users/runner/work/App/App/build/Build/Intermediates.noindex/Pods.build/Release-iphoneos/ReactAppDependencyProvider.build/DerivedSources-normal/arm64 -I/Users/runner/work/App/App/build/Build/Intermediates.noindex/Pods.build/Release-iphoneos/ReactAppDependencyProvider.build/DerivedSources/arm64 -I/Users/runner/work/App/App/build/Build/Intermediates.noindex/Pods.build/Release-iphoneos/ReactAppDependencyProvider.build/DerivedSources -F/Users/runner/work/App/App/build/Build/Products/Release-iphoneos/ReactAppDependencyProvider -F/Users/runner/work/App/App/ios/Pods/React-Core-prebuilt -F/Users/runner/work/App/App/ios/Pods/ReactNativeDependencies/framework/packages/react-native -F/Users/runner/work/App/App/ios/Pods/hermes-engine/destroot/Library/Frameworks/universal -F/Users/runner/work/App/App/build/Build/Products/Release-iphoneos/XCFrameworkIntermediates/React-Core-prebuilt -F/Users/runner/work/App/App/build/Build/Products/Release-iphoneos/XCFrameworkIntermediates/ReactNativeDependencies -F/Users/runner/work/App/App/build/Build/Products/Release-iphoneos/XCFrameworkIntermediates/hermes-engine/Pre-built '-DRCT_REMOVE_LEGACY_ARCH=1' '-fmodule-map-file=/Users/runner/work/App/App/ios/Pods/Headers/Public/ReactCodegen/ReactCodegen.modulemap' -ivfsoverlay /Users/runner/work/App/App/ios/Pods/React-Core-prebuilt/React-VFS.yaml -DNDEBUG

WriteAuxiliaryFile /Users/runner/work/App/App/build/Build/Intermediates.noindex/Pods.build/Release-iphoneos/ReactAppDependencyProvider.build/Objects-normal/arm64/af3fcb34312c57c0f52879cdce924b91-common-args.resp (in target 'ReactAppDependencyProvider' from project 'Pods')
    cd /Users/runner/work/App/App/ios/Pods
    write-file /Users/runner/work/App/App/build/Build/Intermediates.noindex/Pods.build/Release-iphoneos/ReactAppDependencyProvider.build/Objects-normal/arm64/af3fcb34312c57c0f52879cdce924b91-common-args.resp
-target arm64-apple-ios15.1 '-std=c++20' '-stdlib=libc++' -fobjc-arc -fmodules -fno-cxx-modules '-fmodules-cache-path=/Users/runner/work/App/App/build/ModuleCache.noindex' '-fmodule-name=ReactAppDependencyProvider' -fpascal-strings -Os -fno-common '-DPOD_CONFIGURATION_RELEASE=1' '-DCOCOAPODS=1' '-DNS_BLOCK_ASSERTIONS=1' '-DOBJC_OLD_DISPATCH_PROTOTYPES=0' -isysroot /Applications/Xcode_26.3.app/Contents/Developer/Platforms/iPhoneOS.platform/Developer/SDKs/iPhoneOS26.2.sdk -g -iquote /Users/runner/work/App/App/build/Build/Intermediates.noindex/Pods.build/Release-iphoneos/ReactAppDependencyProvider.build/ReactAppDependencyProvider-generated-files.hmap -I/Users/runner/work/App/App/build/Build/Intermediates.noindex/Pods.build/Release-iphoneos/ReactAppDependencyProvider.build/ReactAppDependencyProvider-own-target-headers.hmap -I/Users/runner/work/App/App/build/Build/Intermediates.noindex/Pods.build/Release-iphoneos/ReactAppDependencyProvider.build/ReactAppDependencyProvider-all-non-framework-target-headers.hmap -ivfsoverlay /Users/runner/work/App/App/build/Build/Intermediates.noindex/Pods.build/Release-iphoneos/Pods-8699adb1dd336b26511df848a716bd42-VFS-iphoneos/all-product-headers.yaml -iquote /Users/runner/work/App/App/build/Build/Intermediates.noindex/Pods.build/Release-iphoneos/ReactAppDependencyProvider.build/ReactAppDependencyProvider-project-headers.hmap -I/Users/runner/work/App/App/build/Build/Products/Release-iphoneos/ReactAppDependencyProvider/include -I/Users/runner/work/App/App/ios/Pods/Headers/Private -I/Users/runner/work/App/App/ios/Pods/Headers/Private/ReactAppDependencyProvider -I/Users/runner/work/App/App/ios/Pods/Headers/Public -I/Users/runner/work/App/App/ios/Pods/Headers/Public/FBLazyVector -I/Users/runner/work/App/App/ios/Pods/Headers/Public/RCTRequired -I/Users/runner/work/App/App/ios/Pods/Headers/Public/RCTSwiftUIWrapper -I/Users/runner/work/App/App/ios/Pods/Headers/Public/RCTTypeSafety -I/Users/runner/work/App/App/ios/Pods/Headers/Public/React-Core -I/Users/runner/work/App/App/ios/Pods/Headers/Public/React-Core-prebuilt -I/Users/runner/work/App/App/ios/Pods/Headers/Public/React-CoreModules -I/Users/runner/work/App/App/ios/Pods/Headers/Public/React-Fabric -I/Users/runner/work/App/App/ios/Pods/Headers/Public/React-FabricComponents -I/Users/runner/work/App/App/ios/Pods/Headers/Public/React-FabricImage -I/Users/runner/work/App/App/ios/Pods/Headers/Public/React-ImageManager -I/Users/runner/work/App/App/ios/Pods/Headers/Public/React-Mapbuffer -I/Users/runner/work/App/App/ios/Pods/Headers/Public/React-NativeModulesApple -I/Users/runner/work/App/App/ios/Pods/Headers/Public/React-RCTAnimation -I/Users/runner/work/App/App/ios/Pods/Headers/Public/React-RCTBlob -I/Users/runner/work/App/App/ios/Pods/Headers/Public/React-RCTFBReactNativeSpec -I/Users/runner/work/App/App/ios/Pods/Headers/Public/React-RCTFabric -I/Users/runner/work/App/App/ios/Pods/Headers/Public/React-RCTImage -I/Users/runner/work/App/App/ios/Pods/Headers/Public/React-RCTRuntime -I/Users/runner/work/App/App/ios/Pods/Headers/Public/React-RCTText -I/Users/runner/work/App/App/ios/Pods/Headers/Public/React-RuntimeApple -I/Users/runner/work/App/App/ios/Pods/Headers/Public/React-RuntimeCore -I/Users/runner/work/App/App/ios/Pods/Headers/Public/React-RuntimeHermes -I/Users/runner/work/App/App/ios/Pods/Headers/Public/React-callinvoker -I/Users/runner/work/App/App/ios/Pods/Headers/Public/React-cxxreact -I/Users/runner/work/App/App/ios/Pods/Headers/Public/React-debug -I/Users/runner/work/App/App/ios/Pods/Headers/Public/React-defaultsnativemodule -I/Users/runner/work/App/App/ios/Pods/Headers/Public/React-domnativemodule -I/Users/runner/work/App/App/ios/Pods/Headers/Public/React-featureflags -I/Users/runner/work/App/App/ios/Pods/Headers/Public/React-featureflagsnativemodule -I/Users/runner/work/App/App/ios/Pods/Headers/Public/React-graphics -I/Users/runner/work/App/App/ios/Pods/Headers/Public/React-hermes -I/Users/runner/work/App/App/ios/Pods/Headers/Public/React-idlecallbacksnativemodule -I/Users/runner/work/App/App/ios/Pods/Headers/Public/React-intersectionobservernativemodule -I/Users/runner/work/App/App/ios/Pods/Headers/Public/React-jserrorhandler -I/Users/runner/work/App/App/ios/Pods/Headers/Public/React-jsi -I/Users/runner/work/App/App/ios/Pods/Headers/Public/React-jsiexecutor -I/Users/runner/work/App/App/ios/Pods/Headers/Public/React-jsinspector -I/Users/runner/work/App/App/ios/Pods/Headers/Public/React-jsinspectorcdp -I/Users/runner/work/App/App/ios/Pods/Headers/Public/React-jsinspectornetwork -I/Users/runner/work/App/App/ios/Pods/Headers/Public/React-jsinspectortracing -I/Users/runner/work/App/App/ios/Pods/Headers/Public/React-jsitooling -I/Users/runner/work/App/App/ios/Pods/Headers/Public/React-logger -I/Users/runner/work/App/App/ios/Pods/Headers/Public/React-microtasksnativemodule -I/Users/runner/work/App/App/ios/Pods/Headers/Public/React-mutationobservernativemodule -I/Users/runner/work/App/App/ios/Pods/Headers/Public/React-networking -I/Users/runner/work/App/App/ios/Pods/Headers/Public/React-oscompat -I/Users/runner/work/App/App/ios/Pods/Headers/Public/React-perflogger -I/Users/runner/work/App/App/ios/Pods/Headers/Public/React-performancecdpmetrics -I/Users/runner/work/App/App/ios/Pods/Headers/Public/React-performancetimeline -I/Users/runner/work/App/App/ios/Pods/Headers/Public/React-rendererconsistency -I/Users/runner/work/App/App/ios/Pods/Headers/Public/React-renderercss -I/Users/runner/work/App/App/ios/Pods/Headers/Public/React-rendererdebug -I/Users/runner/work/App/App/ios/Pods/Headers/Public/React-runtimeexecutor -I/Users/runner/work/App/App/ios/Pods/Headers/Public/React-runtimescheduler -I/Users/runner/work/App/App/ios/Pods/Headers/Public/React-timing -I/Users/runner/work/App/App/ios/Pods/Headers/Public/React-utils -I/Users/runner/work/App/App/ios/Pods/Headers/Public/React-viewtransitionnativemodule -I/Users/runner/work/App/App/ios/Pods/Headers/Public/React-webperformancenativemodule -I/Users/runner/work/App/App/ios/Pods/Headers/Public/ReactCodegen -I/Users/runner/work/App/App/ios/Pods/Headers/Public/ReactCommon -I/Users/runner/work/App/App/ios/Pods/Headers/Public/ReactNativeDependencies -I/Users/runner/work/App/App/ios/Pods/Headers/Public/Yoga -I/Users/runner/work/App/App/ios/Pods/Headers/Public/hermes-engine -I/Users/runner/work/App/App/ios/Pods/ExpoModulesCore/ExpoModulesCore.xcframework/ios-arm64_x86_64-simulator/ExpoModulesCore.framework/Headers -I/Users/runner/work/App/App/ios/Pods/ExpoModulesCore/ExpoModulesCore.xcframework/ios-arm64/ExpoModulesCore.framework/Headers -I/Users/runner/work/App/App/ios/Pods/ExpoModulesCore/ExpoModulesCore.xcframework/ios-arm64_x86_64-simulator/ExpoModulesCore.framework/Headers -I/Users/runner/work/App/App/ios/Pods/ExpoModulesCore/ExpoModulesCore.xcframework/ios-arm64/ExpoModulesCore.framework/Headers -I/Users/runner/work/App/App/build/Build/Intermediates.noindex/Pods.build/Release-iphoneos/ReactAppDependencyProvider.build/DerivedSources-normal/arm64 -I/Users/runner/work/App/App/build/Build/Intermediates.noindex/Pods.build/Release-iphoneos/ReactAppDependencyProvider.build/DerivedSources/arm64 -I/Users/runner/work/App/App/build/Build/Intermediates.noindex/Pods.build/Release-iphoneos/ReactAppDependencyProvider.build/DerivedSources -F/Users/runner/work/App/App/build/Build/Products/Release-iphoneos/ReactAppDependencyProvider -F/Users/runner/work/App/App/ios/Pods/React-Core-prebuilt -F/Users/runner/work/App/App/ios/Pods/ReactNativeDependencies/framework/packages/react-native -F/Users/runner/work/App/App/ios/Pods/hermes-engine/destroot/Library/Frameworks/universal -F/Users/runner/work/App/App/build/Build/Products/Release-iphoneos/XCFrameworkIntermediates/React-Core-prebuilt -F/Users/runner/work/App/App/build/Build/Products/Release-iphoneos/XCFrameworkIntermediates/ReactNativeDependencies -F/Users/runner/work/App/App/build/Build/Products/Release-iphoneos/XCFrameworkIntermediates/hermes-engine/Pre-built '-DRCT_REMOVE_LEGACY_ARCH=1' '-fmodule-map-file=/Users/runner/work/App/App/ios/Pods/Headers/Public/ReactCodegen/ReactCodegen.modulemap' -ivfsoverlay /Users/runner/work/App/App/ios/Pods/React-Core-prebuilt/React-VFS.yaml -DNDEBUG '-DRCT_REMOVE_LEGACY_ARCH=1' -ivfsoverlay /Users/runner/work/App/App/ios/Pods/React-Core-prebuilt/React-VFS.yaml -DNDEBUG

WriteAuxiliaryFile /Users/runner/work/App/App/build/Build/Intermediates.noindex/Pods.build/Release-iphoneos/ReactAppDependencyProvider.build/Objects-normal/arm64/ReactAppDependencyProvider.LinkFileList (in target 'ReactAppDependencyProvider' from project 'Pods')
    cd /Users/runner/work/App/App/ios/Pods
    write-file /Users/runner/work/App/App/build/Build/Intermediates.noindex/Pods.build/Release-iphoneos/ReactAppDependencyProvider.build/Objects-normal/arm64/ReactAppDependencyProvider.LinkFileList

WriteAuxiliaryFile /Users/runner/work/App/App/build/Build/Intermediates.noindex/Pods.build/Release-iphoneos/React-timing-React-timing_privacy.build/React-timing_privacy.hmap (in target 'React-timing-React-timing_privacy' from project 'Pods')
    cd /Users/runner/work/App/App/ios/Pods
    write-file /Users/runner/work/App/App/build/Build/Intermediates.noindex/Pods.build/Release-iphoneos/React-timing-React-timing_privacy.build/React-timing_privacy.hmap

WriteAuxiliaryFile /Users/runner/work/App/App/build/Build/Intermediates.noindex/Pods.build/Release-iphoneos/React-timing-React-timing_privacy.build/React-timing_privacy.DependencyStaticMetadataFileList (in target 'React-timing-React-timing_privacy' from project 'Pods')
    cd /Users/runner/work/App/App/ios/Pods
    write-file /Users/runner/work/App/App/build/Build/Intermediates.noindex/Pods.build/Release-iphoneos/React-timing-React-timing_privacy.build/React-timing_privacy.DependencyStaticMetadataFileList

WriteAuxiliaryFile /Users/runner/work/App/App/build/Build/Intermediates.noindex/Pods.build/Release-iphoneos/React-timing-React-timing_privacy.build/React-timing_privacy.DependencyMetadataFileList (in target 'React-timing-React-timing_privacy' from project 'Pods')
    cd /Users/runner/work/App/App/ios/Pods
    write-file /Users/runner/work/App/App/build/Build/Intermediates.noindex/Pods.build/Release-iphoneos/React-timing-React-timing_privacy.build/React-timing_privacy.DependencyMetadataFileList

WriteAuxiliaryFile /Users/runner/work/App/App/build/Build/Intermediates.noindex/Pods.build/Release-iphoneos/React-timing-React-timing_privacy.build/React-timing_privacy-project-headers.hmap (in target 'React-timing-React-timing_privacy' from project 'Pods')
    cd /Users/runner/work/App/App/ios/Pods
    write-file /Users/runner/work/App/App/build/Build/Intermediates.noindex/Pods.build/Release-iphoneos/React-timing-React-timing_privacy.build/React-timing_privacy-project-headers.hmap

WriteAuxiliaryFile /Users/runner/work/App/App/build/Build/Intermediates.noindex/Pods.build/Release-iphoneos/React-timing-React-timing_privacy.build/React-timing_privacy-own-target-headers.hmap (in target 'React-timing-React-timing_privacy' from project 'Pods')
    cd /Users/runner/work/App/App/ios/Pods
    write-file /Users/runner/work/App/App/build/Build/Intermediates.noindex/Pods.build/Release-iphoneos/React-timing-React-timing_privacy.build/React-timing_privacy-own-target-headers.hmap

WriteAuxiliaryFile /Users/runner/work/App/App/build/Build/Intermediates.noindex/Pods.build/Release-iphoneos/React-timing-React-timing_privacy.build/React-timing_privacy-generated-files.hmap (in target 'React-timing-React-timing_privacy' from project 'Pods')
    cd /Users/runner/work/App/App/ios/Pods
    write-file /Users/runner/work/App/App/build/Build/Intermediates.noindex/Pods.build/Release-iphoneos/React-timing-React-timing_privacy.build/React-timing_privacy-generated-files.hmap

WriteAuxiliaryFile /Users/runner/work/App/App/build/Build/Intermediates.noindex/Pods.build/Release-iphoneos/React-timing-React-timing_privacy.build/React-timing_privacy-all-target-headers.hmap (in target 'React-timing-React-timing_privacy' from project 'Pods')
    cd /Users/runner/work/App/App/ios/Pods
    write-file /Users/runner/work/App/App/build/Build/Intermediates.noindex/Pods.build/Release-iphoneos/React-timing-React-timing_privacy.build/React-timing_privacy-all-target-headers.hmap

WriteAuxiliaryFile /Users/runner/work/App/App/build/Build/Intermediates.noindex/Pods.build/Release-iphoneos/React-timing-React-timing_privacy.build/React-timing_privacy-all-non-framework-target-headers.hmap (in target 'React-timing-React-timing_privacy' from project 'Pods')
    cd /Users/runner/work/App/App/ios/Pods
    write-file /Users/runner/work/App/App/build/Build/Intermediates.noindex/Pods.build/Release-iphoneos/React-timing-React-timing_privacy.build/React-timing_privacy-all-non-framework-target-headers.hmap

WriteAuxiliaryFile /Users/runner/work/App/App/build/Build/Intermediates.noindex/Pods.build/Release-iphoneos/React-cxxreact-React-cxxreact_privacy.build/React-cxxreact_privacy.hmap (in target 'React-cxxreact-React-cxxreact_privacy' from project 'Pods')
    cd /Users/runner/work/App/App/ios/Pods
    write-file /Users/runner/work/App/App/build/Build/Intermediates.noindex/Pods.build/Release-iphoneos/React-cxxreact-React-cxxreact_privacy.build/React-cxxreact_privacy.hmap

WriteAuxiliaryFile /Users/runner/work/App/App/build/Build/Intermediates.noindex/Pods.build/Release-iphoneos/React-cxxreact-React-cxxreact_privacy.build/React-cxxreact_privacy.DependencyStaticMetadataFileList (in target 'React-cxxreact-React-cxxreact_privacy' from project 'Pods')
    cd /Users/runner/work/App/App/ios/Pods
    write-file /Users/runner/work/App/App/build/Build/Intermediates.noindex/Pods.build/Release-iphoneos/React-cxxreact-React-cxxreact_privacy.build/React-cxxreact_privacy.DependencyStaticMetadataFileList

WriteAuxiliaryFile /Users/runner/work/App/App/build/Build/Intermediates.noindex/Pods.build/Release-iphoneos/React-cxxreact-React-cxxreact_privacy.build/React-cxxreact_privacy.DependencyMetadataFileList (in target 'React-cxxreact-React-cxxreact_privacy' from project 'Pods')
    cd /Users/runner/work/App/App/ios/Pods
    write-file /Users/runner/work/App/App/build/Build/Intermediates.noindex/Pods.build/Release-iphoneos/React-cxxreact-React-cxxreact_privacy.build/React-cxxreact_privacy.DependencyMetadataFileList

WriteAuxiliaryFile /Users/runner/work/App/App/build/Build/Intermediates.noindex/Pods.build/Release-iphoneos/React-cxxreact-React-cxxreact_privacy.build/React-cxxreact_privacy-project-headers.hmap (in target 'React-cxxreact-React-cxxreact_privacy' from project 'Pods')
    cd /Users/runner/work/App/App/ios/Pods
    write-file /Users/runner/work/App/App/build/Build/Intermediates.noindex/Pods.build/Release-iphoneos/React-cxxreact-React-cxxreact_privacy.build/React-cxxreact_privacy-project-headers.hmap

WriteAuxiliaryFile /Users/runner/work/App/App/build/Build/Intermediates.noindex/Pods.build/Release-iphoneos/React-cxxreact-React-cxxreact_privacy.build/React-cxxreact_privacy-own-target-headers.hmap (in target 'React-cxxreact-React-cxxreact_privacy' from project 'Pods')
    cd /Users/runner/work/App/App/ios/Pods
    write-file /Users/runner/work/App/App/build/Build/Intermediates.noindex/Pods.build/Release-iphoneos/React-cxxreact-React-cxxreact_privacy.build/React-cxxreact_privacy-own-target-headers.hmap

WriteAuxiliaryFile /Users/runner/work/App/App/build/Build/Intermediates.noindex/Pods.build/Release-iphoneos/React-cxxreact-React-cxxreact_privacy.build/React-cxxreact_privacy-generated-files.hmap (in target 'React-cxxreact-React-cxxreact_privacy' from project 'Pods')
    cd /Users/runner/work/App/App/ios/Pods
    write-file /Users/runner/work/App/App/build/Build/Intermediates.noindex/Pods.build/Release-iphoneos/React-cxxreact-React-cxxreact_privacy.build/React-cxxreact_privacy-generated-files.hmap

WriteAuxiliaryFile /Users/runner/work/App/App/build/Build/Intermediates.noindex/Pods.build/Release-iphoneos/React-cxxreact-React-cxxreact_privacy.build/React-cxxreact_privacy-all-target-headers.hmap (in target 'React-cxxreact-React-cxxreact_privacy' from project 'Pods')
    cd /Users/runner/work/App/App/ios/Pods
    write-file /Users/runner/work/App/App/build/Build/Intermediates.noindex/Pods.build/Release-iphoneos/React-cxxreact-React-cxxreact_privacy.build/React-cxxreact_privacy-all-target-headers.hmap

WriteAuxiliaryFile /Users/runner/work/App/App/build/Build/Intermediates.noindex/Pods.build/Release-iphoneos/React-cxxreact-React-cxxreact_privacy.build/React-cxxreact_privacy-all-non-framework-target-headers.hmap (in target 'React-cxxreact-React-cxxreact_privacy' from project 'Pods')
    cd /Users/runner/work/App/App/ios/Pods
    write-file /Users/runner/work/App/App/build/Build/Intermediates.noindex/Pods.build/Release-iphoneos/React-cxxreact-React-cxxreact_privacy.build/React-cxxreact_privacy-all-non-framework-target-headers.hmap

WriteAuxiliaryFile /Users/runner/work/App/App/build/Build/Intermediates.noindex/Pods.build/Release-iphoneos/React-Core-React-Core_privacy.build/React-Core_privacy.hmap (in target 'React-Core-React-Core_privacy' from project 'Pods')
    cd /Users/runner/work/App/App/ios/Pods
    write-file /Users/runner/work/App/App/build/Build/Intermediates.noindex/Pods.build/Release-iphoneos/React-Core-React-Core_privacy.build/React-Core_privacy.hmap

WriteAuxiliaryFile /Users/runner/work/App/App/build/Build/Intermediates.noindex/Pods.build/Release-iphoneos/React-Core-React-Core_privacy.build/React-Core_privacy.DependencyStaticMetadataFileList (in target 'React-Core-React-Core_privacy' from project 'Pods')
    cd /Users/runner/work/App/App/ios/Pods
    write-file /Users/runner/work/App/App/build/Build/Intermediates.noindex/Pods.build/Release-iphoneos/React-Core-React-Core_privacy.build/React-Core_privacy.DependencyStaticMetadataFileList

WriteAuxiliaryFile /Users/runner/work/App/App/build/Build/Intermediates.noindex/Pods.build/Release-iphoneos/React-Core-React-Core_privacy.build/React-Core_privacy.DependencyMetadataFileList (in target 'React-Core-React-Core_privacy' from project 'Pods')
    cd /Users/runner/work/App/App/ios/Pods
    write-file /Users/runner/work/App/App/build/Build/Intermediates.noindex/Pods.build/Release-iphoneos/React-Core-React-Core_privacy.build/React-Core_privacy.DependencyMetadataFileList

WriteAuxiliaryFile /Users/runner/work/App/App/build/Build/Intermediates.noindex/Pods.build/Release-iphoneos/React-Core-React-Core_privacy.build/React-Core_privacy-project-headers.hmap (in target 'React-Core-React-Core_privacy' from project 'Pods')
    cd /Users/runner/work/App/App/ios/Pods
    write-file /Users/runner/work/App/App/build/Build/Intermediates.noindex/Pods.build/Release-iphoneos/React-Core-React-Core_privacy.build/React-Core_privacy-project-headers.hmap

WriteAuxiliaryFile /Users/runner/work/App/App/build/Build/Intermediates.noindex/Pods.build/Release-iphoneos/React-Core-React-Core_privacy.build/React-Core_privacy-own-target-headers.hmap (in target 'React-Core-React-Core_privacy' from project 'Pods')
    cd /Users/runner/work/App/App/ios/Pods
    write-file /Users/runner/work/App/App/build/Build/Intermediates.noindex/Pods.build/Release-iphoneos/React-Core-React-Core_privacy.build/React-Core_privacy-own-target-headers.hmap

WriteAuxiliaryFile /Users/runner/work/App/App/build/Build/Intermediates.noindex/Pods.build/Release-iphoneos/React-Core-React-Core_privacy.build/React-Core_privacy-generated-files.hmap (in target 'React-Core-React-Core_privacy' from project 'Pods')
    cd /Users/runner/work/App/App/ios/Pods
    write-file /Users/runner/work/App/App/build/Build/Intermediates.noindex/Pods.build/Release-iphoneos/React-Core-React-Core_privacy.build/React-Core_privacy-generated-files.hmap

WriteAuxiliaryFile /Users/runner/work/App/App/build/Build/Intermediates.noindex/Pods.build/Release-iphoneos/React-Core-React-Core_privacy.build/React-Core_privacy-all-target-headers.hmap (in target 'React-Core-React-Core_privacy' from project 'Pods')
    cd /Users/runner/work/App/App/ios/Pods
    write-file /Users/runner/work/App/App/build/Build/Intermediates.noindex/Pods.build/Release-iphoneos/React-Core-React-Core_privacy.build/React-Core_privacy-all-target-headers.hmap

WriteAuxiliaryFile /Users/runner/work/App/App/build/Build/Intermediates.noindex/Pods.build/Release-iphoneos/React-Core-React-Core_privacy.build/React-Core_privacy-all-non-framework-target-headers.hmap (in target 'React-Core-React-Core_privacy' from project 'Pods')
    cd /Users/runner/work/App/App/ios/Pods
    write-file /Users/runner/work/App/App/build/Build/Intermediates.noindex/Pods.build/Release-iphoneos/React-Core-React-Core_privacy.build/React-Core_privacy-all-non-framework-target-headers.hmap

WriteAuxiliaryFile /Users/runner/work/App/App/build/Build/Intermediates.noindex/Pods.build/Release-iphoneos/RNCAsyncStorage-RNCAsyncStorage_resources.build/RNCAsyncStorage_resources.hmap (in target 'RNCAsyncStorage-RNCAsyncStorage_resources' from project 'Pods')
    cd /Users/runner/work/App/App/ios/Pods
    write-file /Users/runner/work/App/App/build/Build/Intermediates.noindex/Pods.build/Release-iphoneos/RNCAsyncStorage-RNCAsyncStorage_resources.build/RNCAsyncStorage_resources.hmap

WriteAuxiliaryFile /Users/runner/work/App/App/build/Build/Intermediates.noindex/Pods.build/Release-iphoneos/RNCAsyncStorage-RNCAsyncStorage_resources.build/RNCAsyncStorage_resources.DependencyStaticMetadataFileList (in target 'RNCAsyncStorage-RNCAsyncStorage_resources' from project 'Pods')
    cd /Users/runner/work/App/App/ios/Pods
    write-file /Users/runner/work/App/App/build/Build/Intermediates.noindex/Pods.build/Release-iphoneos/RNCAsyncStorage-RNCAsyncStorage_resources.build/RNCAsyncStorage_resources.DependencyStaticMetadataFileList

WriteAuxiliaryFile /Users/runner/work/App/App/build/Build/Intermediates.noindex/Pods.build/Release-iphoneos/RNCAsyncStorage-RNCAsyncStorage_resources.build/RNCAsyncStorage_resources.DependencyMetadataFileList (in target 'RNCAsyncStorage-RNCAsyncStorage_resources' from project 'Pods')
    cd /Users/runner/work/App/App/ios/Pods
    write-file /Users/runner/work/App/App/build/Build/Intermediates.noindex/Pods.build/Release-iphoneos/RNCAsyncStorage-RNCAsyncStorage_resources.build/RNCAsyncStorage_resources.DependencyMetadataFileList

WriteAuxiliaryFile /Users/runner/work/App/App/build/Build/Intermediates.noindex/Pods.build/Release-iphoneos/RNCAsyncStorage-RNCAsyncStorage_resources.build/RNCAsyncStorage_resources-project-headers.hmap (in target 'RNCAsyncStorage-RNCAsyncStorage_resources' from project 'Pods')
    cd /Users/runner/work/App/App/ios/Pods
    write-file /Users/runner/work/App/App/build/Build/Intermediates.noindex/Pods.build/Release-iphoneos/RNCAsyncStorage-RNCAsyncStorage_resources.build/RNCAsyncStorage_resources-project-headers.hmap

WriteAuxiliaryFile /Users/runner/work/App/App/build/Build/Intermediates.noindex/Pods.build/Release-iphoneos/RNCAsyncStorage-RNCAsyncStorage_resources.build/RNCAsyncStorage_resources-own-target-headers.hmap (in target 'RNCAsyncStorage-RNCAsyncStorage_resources' from project 'Pods')
    cd /Users/runner/work/App/App/ios/Pods
    write-file /Users/runner/work/App/App/build/Build/Intermediates.noindex/Pods.build/Release-iphoneos/RNCAsyncStorage-RNCAsyncStorage_resources.build/RNCAsyncStorage_resources-own-target-headers.hmap

WriteAuxiliaryFile /Users/runner/work/App/App/build/Build/Intermediates.noindex/Pods.build/Release-iphoneos/RNCAsyncStorage-RNCAsyncStorage_resources.build/RNCAsyncStorage_resources-generated-files.hmap (in target 'RNCAsyncStorage-RNCAsyncStorage_resources' from project 'Pods')
    cd /Users/runner/work/App/App/ios/Pods
    write-file /Users/runner/work/App/App/build/Build/Intermediates.noindex/Pods.build/Release-iphoneos/RNCAsyncStorage-RNCAsyncStorage_resources.build/RNCAsyncStorage_resources-generated-files.hmap

WriteAuxiliaryFile /Users/runner/work/App/App/build/Build/Intermediates.noindex/Pods.build/Release-iphoneos/RNCAsyncStorage-RNCAsyncStorage_resources.build/RNCAsyncStorage_resources-all-target-headers.hmap (in target 'RNCAsyncStorage-RNCAsyncStorage_resources' from project 'Pods')
    cd /Users/runner/work/App/App/ios/Pods
    write-file /Users/runner/work/App/App/build/Build/Intermediates.noindex/Pods.build/Release-iphoneos/RNCAsyncStorage-RNCAsyncStorage_resources.build/RNCAsyncStorage_resources-all-target-headers.hmap

WriteAuxiliaryFile /Users/runner/work/App/App/build/Build/Intermediates.noindex/Pods.build/Release-iphoneos/RNCAsyncStorage-RNCAsyncStorage_resources.build/RNCAsyncStorage_resources-all-non-framework-target-headers.hmap (in target 'RNCAsyncStorage-RNCAsyncStorage_resources' from project 'Pods')
    cd /Users/runner/work/App/App/ios/Pods
    write-file /Users/runner/work/App/App/build/Build/Intermediates.noindex/Pods.build/Release-iphoneos/RNCAsyncStorage-RNCAsyncStorage_resources.build/RNCAsyncStorage_resources-all-non-framework-target-headers.hmap

WriteAuxiliaryFile /Users/runner/work/App/App/build/Build/Intermediates.noindex/Pods.build/Release-iphoneos/RNCAsyncStorage.build/RNCAsyncStorage.hmap (in target 'RNCAsyncStorage' from project 'Pods')
    cd /Users/runner/work/App/App/ios/Pods
    write-file /Users/runner/work/App/App/build/Build/Intermediates.noindex/Pods.build/Release-iphoneos/RNCAsyncStorage.build/RNCAsyncStorage.hmap

WriteAuxiliaryFile /Users/runner/work/App/App/build/Build/Intermediates.noindex/Pods.build/Release-iphoneos/RNCAsyncStorage.build/RNCAsyncStorage.DependencyStaticMetadataFileList (in target 'RNCAsyncStorage' from project 'Pods')
    cd /Users/runner/work/App/App/ios/Pods
    write-file /Users/runner/work/App/App/build/Build/Intermediates.noindex/Pods.build/Release-iphoneos/RNCAsyncStorage.build/RNCAsyncStorage.DependencyStaticMetadataFileList

WriteAuxiliaryFile /Users/runner/work/App/App/build/Build/Intermediates.noindex/Pods.build/Release-iphoneos/RNCAsyncStorage.build/RNCAsyncStorage.DependencyMetadataFileList (in target 'RNCAsyncStorage' from project 'Pods')
    cd /Users/runner/work/App/App/ios/Pods
    write-file /Users/runner/work/App/App/build/Build/Intermediates.noindex/Pods.build/Release-iphoneos/RNCAsyncStorage.build/RNCAsyncStorage.DependencyMetadataFileList

WriteAuxiliaryFile /Users/runner/work/App/App/build/Build/Intermediates.noindex/Pods.build/Release-iphoneos/RNCAsyncStorage.build/RNCAsyncStorage-project-headers.hmap (in target 'RNCAsyncStorage' from project 'Pods')
    cd /Users/runner/work/App/App/ios/Pods
    write-file /Users/runner/work/App/App/build/Build/Intermediates.noindex/Pods.build/Release-iphoneos/RNCAsyncStorage.build/RNCAsyncStorage-project-headers.hmap

WriteAuxiliaryFile /Users/runner/work/App/App/build/Build/Intermediates.noindex/Pods.build/Release-iphoneos/RNCAsyncStorage.build/RNCAsyncStorage-own-target-headers.hmap (in target 'RNCAsyncStorage' from project 'Pods')
    cd /Users/runner/work/App/App/ios/Pods
    write-file /Users/runner/work/App/App/build/Build/Intermediates.noindex/Pods.build/Release-iphoneos/RNCAsyncStorage.build/RNCAsyncStorage-own-target-headers.hmap

WriteAuxiliaryFile /Users/runner/work/App/App/build/Build/Intermediates.noindex/Pods.build/Release-iphoneos/RNCAsyncStorage.build/RNCAsyncStorage-generated-files.hmap (in target 'RNCAsyncStorage' from project 'Pods')
    cd /Users/runner/work/App/App/ios/Pods
    write-file /Users/runner/work/App/App/build/Build/Intermediates.noindex/Pods.build/Release-iphoneos/RNCAsyncStorage.build/RNCAsyncStorage-generated-files.hmap

WriteAuxiliaryFile /Users/runner/work/App/App/build/Build/Intermediates.noindex/Pods.build/Release-iphoneos/RNCAsyncStorage.build/RNCAsyncStorage-all-target-headers.hmap (in target 'RNCAsyncStorage' from project 'Pods')
    cd /Users/runner/work/App/App/ios/Pods
    write-file /Users/runner/work/App/App/build/Build/Intermediates.noindex/Pods.build/Release-iphoneos/RNCAsyncStorage.build/RNCAsyncStorage-all-target-headers.hmap

WriteAuxiliaryFile /Users/runner/work/App/App/build/Build/Intermediates.noindex/Pods.build/Release-iphoneos/RNCAsyncStorage.build/RNCAsyncStorage-all-non-framework-target-headers.hmap (in target 'RNCAsyncStorage' from project 'Pods')
    cd /Users/runner/work/App/App/ios/Pods
    write-file /Users/runner/work/App/App/build/Build/Intermediates.noindex/Pods.build/Release-iphoneos/RNCAsyncStorage.build/RNCAsyncStorage-all-non-framework-target-headers.hmap

WriteAuxiliaryFile /Users/runner/work/App/App/build/Build/Intermediates.noindex/Pods.build/Release-iphoneos/RNCAsyncStorage.build/Objects-normal/arm64/e6072d4f65d7061329687fe24e3d63a7-common-args.resp (in target 'RNCAsyncStorage' from project 'Pods')
    cd /Users/runner/work/App/App/ios/Pods
    write-file /Users/runner/work/App/App/build/Build/Intermediates.noindex/Pods.build/Release-iphoneos/RNCAsyncStorage.build/Objects-normal/arm64/e6072d4f65d7061329687fe24e3d63a7-common-args.resp
-target arm64-apple-ios15.1 '-std=gnu11' -fobjc-arc -fmodules '-fmodules-cache-path=/Users/runner/work/App/App/build/ModuleCache.noindex' -fpascal-strings -Os -fno-common '-DPOD_CONFIGURATION_RELEASE=1' '-DCOCOAPODS=1' '-DNS_BLOCK_ASSERTIONS=1' '-DOBJC_OLD_DISPATCH_PROTOTYPES=0' -isysroot /Applications/Xcode_26.3.app/Contents/Developer/Platforms/iPhoneOS.platform/Developer/SDKs/iPhoneOS26.2.sdk -g -iquote /Users/runner/work/App/App/build/Build/Intermediates.noindex/Pods.build/Release-iphoneos/RNCAsyncStorage.build/RNCAsyncStorage-generated-files.hmap -I/Users/runner/work/App/App/build/Build/Intermediates.noindex/Pods.build/Release-iphoneos/RNCAsyncStorage.build/RNCAsyncStorage-own-target-headers.hmap -I/Users/runner/work/App/App/build/Build/Intermediates.noindex/Pods.build/Release-iphoneos/RNCAsyncStorage.build/RNCAsyncStorage-all-non-framework-target-headers.hmap -ivfsoverlay /Users/runner/work/App/App/build/Build/Intermediates.noindex/Pods.build/Release-iphoneos/Pods-8699adb1dd336b26511df848a716bd42-VFS-iphoneos/all-product-headers.yaml -iquote /Users/runner/work/App/App/build/Build/Intermediates.noindex/Pods.build/Release-iphoneos/RNCAsyncStorage.build/RNCAsyncStorage-project-headers.hmap -I/Users/runner/work/App/App/build/Build/Products/Release-iphoneos/RNCAsyncStorage/include -I/Users/runner/work/App/App/ios/Pods/Headers/Private -I/Users/runner/work/App/App/ios/Pods/Headers/Private/RNCAsyncStorage -I/Users/runner/work/App/App/ios/Pods/Headers/Public -I/Users/runner/work/App/App/ios/Pods/Headers/Public/FBLazyVector -I/Users/runner/work/App/App/ios/Pods/Headers/Public/RCTDeprecation -I/Users/runner/work/App/App/ios/Pods/Headers/Public/RCTRequired -I/Users/runner/work/App/App/ios/Pods/Headers/Public/RCTSwiftUIWrapper -I/Users/runner/work/App/App/ios/Pods/Headers/Public/RCTTypeSafety -I/Users/runner/work/App/App/ios/Pods/Headers/Public/RNCAsyncStorage -I/Users/runner/work/App/App/ios/Pods/Headers/Public/React-Core -I/Users/runner/work/App/App/ios/Pods/Headers/Public/React-Core-prebuilt -I/Users/runner/work/App/App/ios/Pods/Headers/Public/React-CoreModules -I/Users/runner/work/App/App/ios/Pods/Headers/Public/React-Fabric -I/Users/runner/work/App/App/ios/Pods/Headers/Public/React-FabricComponents -I/Users/runner/work/App/App/ios/Pods/Headers/Public/React-FabricImage -I/Users/runner/work/App/App/ios/Pods/Headers/Public/React-ImageManager -I/Users/runner/work/App/App/ios/Pods/Headers/Public/React-Mapbuffer -I/Users/runner/work/App/App/ios/Pods/Headers/Public/React-NativeModulesApple -I/Users/runner/work/App/App/ios/Pods/Headers/Public/React-RCTAnimation -I/Users/runner/work/App/App/ios/Pods/Headers/Public/React-RCTAppDelegate -I/Users/runner/work/App/App/ios/Pods/Headers/Public/React-RCTBlob -I/Users/runner/work/App/App/ios/Pods/Headers/Public/React-RCTFBReactNativeSpec -I/Users/runner/work/App/App/ios/Pods/Headers/Public/React-RCTFabric -I/Users/runner/work/App/App/ios/Pods/Headers/Public/React-RCTImage -I/Users/runner/work/App/App/ios/Pods/Headers/Public/React-RCTRuntime -I/Users/runner/work/App/App/ios/Pods/Headers/Public/React-RCTText -I/Users/runner/work/App/App/ios/Pods/Headers/Public/React-RuntimeApple -I/Users/runner/work/App/App/ios/Pods/Headers/Public/React-RuntimeCore -I/Users/runner/work/App/App/ios/Pods/Headers/Public/React-RuntimeHermes -I/Users/runner/work/App/App/ios/Pods/Headers/Public/React-callinvoker -I/Users/runner/work/App/App/ios/Pods/Headers/Public/React-cxxreact -I/Users/runner/work/App/App/ios/Pods/Headers/Public/React-debug -I/Users/runner/work/App/App/ios/Pods/Headers/Public/React-defaultsnativemodule -I/Users/runner/work/App/App/ios/Pods/Headers/Public/React-domnativemodule -I/Users/runner/work/App/App/ios/Pods/Headers/Public/React-featureflags -I/Users/runner/work/App/App/ios/Pods/Headers/Public/React-featureflagsnativemodule -I/Users/runner/work/App/App/ios/Pods/Headers/Public/React-graphics -I/Users/runner/work/App/App/ios/Pods/Headers/Public/React-hermes -I/Users/runner/work/App/App/ios/Pods/Headers/Public/React-idlecallbacksnativemodule -I/Users/runner/work/App/App/ios/Pods/Headers/Public/React-intersectionobservernativemodule -I/Users/runner/work/App/App/ios/Pods/Headers/Public/React-jserrorhandler -I/Users/runner/work/App/App/ios/Pods/Headers/Public/React-jsi -I/Users/runner/work/App/App/ios/Pods/Headers/Public/React-jsiexecutor -I/Users/runner/work/App/App/ios/Pods/Headers/Public/React-jsinspector -I/Users/runner/work/App/App/ios/Pods/Headers/Public/React-jsinspectorcdp -I/Users/runner/work/App/App/ios/Pods/Headers/Public/React-jsinspectornetwork -I/Users/runner/work/App/App/ios/Pods/Headers/Public/React-jsinspectortracing -I/Users/runner/work/App/App/ios/Pods/Headers/Public/React-jsitooling -I/Users/runner/work/App/App/ios/Pods/Headers/Public/React-logger -I/Users/runner/work/App/App/ios/Pods/Headers/Public/React-microtasksnativemodule -I/Users/runner/work/App/App/ios/Pods/Headers/Public/React-mutationobservernativemodule -I/Users/runner/work/App/App/ios/Pods/Headers/Public/React-networking -I/Users/runner/work/App/App/ios/Pods/Headers/Public/React-oscompat -I/Users/runner/work/App/App/ios/Pods/Headers/Public/React-perflogger -I/Users/runner/work/App/App/ios/Pods/Headers/Public/React-performancecdpmetrics -I/Users/runner/work/App/App/ios/Pods/Headers/Public/React-performancetimeline -I/Users/runner/work/App/App/ios/Pods/Headers/Public/React-rendererconsistency -I/Users/runner/work/App/App/ios/Pods/Headers/Public/React-renderercss -I/Users/runner/work/App/App/ios/Pods/Headers/Public/React-rendererdebug -I/Users/runner/work/App/App/ios/Pods/Headers/Public/React-runtimeexecutor -I/Users/runner/work/App/App/ios/Pods/Headers/Public/React-runtimescheduler -I/Users/runner/work/App/App/ios/Pods/Headers/Public/React-timing -I/Users/runner/work/App/App/ios/Pods/Headers/Public/React-utils -I/Users/runner/work/App/App/ios/Pods/Headers/Public/React-viewtransitionnativemodule -I/Users/runner/work/App/App/ios/Pods/Headers/Public/React-webperformancenativemodule -I/Users/runner/work/App/App/ios/Pods/Headers/Public/ReactCodegen -I/Users/runner/work/App/App/ios/Pods/Headers/Public/ReactCommon -I/Users/runner/work/App/App/ios/Pods/Headers/Public/ReactNativeDependencies -I/Users/runner/work/App/App/ios/Pods/Headers/Public/Yoga -I/Users/runner/work/App/App/ios/Pods/Headers/Public/hermes-engine -I/Users/runner/work/App/App/ios/Pods/boost -I/Users/runner/work/App/App/ios/Pods/boost-for-react-native -I/Users/runner/work/App/App/ios/Pods/RCT-Folly -I/Users/runner/work/App/App/ios/Pods/Headers/Private/Yoga -I/Users/runner/work/App/App/ios/Pods/ExpoModulesCore/ExpoModulesCore.xcframework/ios-arm64_x86_64-simulator/ExpoModulesCore.framework/Headers -I/Users/runner/work/App/App/ios/Pods/ExpoModulesCore/ExpoModulesCore.xcframework/ios-arm64/ExpoModulesCore.framework/Headers -I/Users/runner/work/App/App/ios/Pods/ExpoModulesCore/ExpoModulesCore.xcframework/ios-arm64_x86_64-simulator/ExpoModulesCore.framework/Headers -I/Users/runner/work/App/App/ios/Pods/ExpoModulesCore/ExpoModulesCore.xcframework/ios-arm64/ExpoModulesCore.framework/Headers -I/Users/runner/work/App/App/build/Build/Intermediates.noindex/Pods.build/Release-iphoneos/RNCAsyncStorage.build/DerivedSources-normal/arm64 -I/Users/runner/work/App/App/build/Build/Intermediates.noindex/Pods.build/Release-iphoneos/RNCAsyncStorage.build/DerivedSources/arm64 -I/Users/runner/work/App/App/build/Build/Intermediates.noindex/Pods.build/Release-iphoneos/RNCAsyncStorage.build/DerivedSources -F/Users/runner/work/App/App/build/Build/Products/Release-iphoneos/RNCAsyncStorage -F/Users/runner/work/App/App/ios/Pods/React-Core-prebuilt -F/Users/runner/work/App/App/ios/Pods/ReactNativeDependencies/framework/packages/react-native -F/Users/runner/work/App/App/ios/Pods/hermes-engine/destroot/Library/Frameworks/universal -F/Users/runner/work/App/App/build/Build/Products/Release-iphoneos/XCFrameworkIntermediates/React-Core-prebuilt -F/Users/runner/work/App/App/build/Build/Products/Release-iphoneos/XCFrameworkIntermediates/ReactNativeDependencies -F/Users/runner/work/App/App/build/Build/Products/Release-iphoneos/XCFrameworkIntermediates/hermes-engine/Pre-built '-DRCT_REMOVE_LEGACY_ARCH=1' '-fmodule-map-file=/Users/runner/work/App/App/ios/Pods/Headers/Public/ReactCodegen/ReactCodegen.modulemap' '-DRCT_REMOVE_LEGACY_ARCH=1' -ivfsoverlay /Users/runner/work/App/App/ios/Pods/React-Core-prebuilt/React-VFS.yaml -DNDEBUG

WriteAuxiliaryFile /Users/runner/work/App/App/build/Build/Intermediates.noindex/Pods.build/Release-iphoneos/RNCAsyncStorage.build/Objects-normal/arm64/af3fcb34312c57c0f52879cdce924b91-common-args.resp (in target 'RNCAsyncStorage' from project 'Pods')
    cd /Users/runner/work/App/App/ios/Pods
    write-file /Users/runner/work/App/App/build/Build/Intermediates.noindex/Pods.build/Release-iphoneos/RNCAsyncStorage.build/Objects-normal/arm64/af3fcb34312c57c0f52879cdce924b91-common-args.resp
-target arm64-apple-ios15.1 '-std=c++20' '-stdlib=libc++' -fobjc-arc -fmodules -fno-cxx-modules '-fmodules-cache-path=/Users/runner/work/App/App/build/ModuleCache.noindex' -fpascal-strings -Os -fno-common '-DPOD_CONFIGURATION_RELEASE=1' '-DCOCOAPODS=1' '-DNS_BLOCK_ASSERTIONS=1' '-DOBJC_OLD_DISPATCH_PROTOTYPES=0' -isysroot /Applications/Xcode_26.3.app/Contents/Developer/Platforms/iPhoneOS.platform/Developer/SDKs/iPhoneOS26.2.sdk -g -iquote /Users/runner/work/App/App/build/Build/Intermediates.noindex/Pods.build/Release-iphoneos/RNCAsyncStorage.build/RNCAsyncStorage-generated-files.hmap -I/Users/runner/work/App/App/build/Build/Intermediates.noindex/Pods.build/Release-iphoneos/RNCAsyncStorage.build/RNCAsyncStorage-own-target-headers.hmap -I/Users/runner/work/App/App/build/Build/Intermediates.noindex/Pods.build/Release-iphoneos/RNCAsyncStorage.build/RNCAsyncStorage-all-non-framework-target-headers.hmap -ivfsoverlay /Users/runner/work/App/App/build/Build/Intermediates.noindex/Pods.build/Release-iphoneos/Pods-8699adb1dd336b26511df848a716bd42-VFS-iphoneos/all-product-headers.yaml -iquote /Users/runner/work/App/App/build/Build/Intermediates.noindex/Pods.build/Release-iphoneos/RNCAsyncStorage.build/RNCAsyncStorage-project-headers.hmap -I/Users/runner/work/App/App/build/Build/Products/Release-iphoneos/RNCAsyncStorage/include -I/Users/runner/work/App/App/ios/Pods/Headers/Private -I/Users/runner/work/App/App/ios/Pods/Headers/Private/RNCAsyncStorage -I/Users/runner/work/App/App/ios/Pods/Headers/Public -I/Users/runner/work/App/App/ios/Pods/Headers/Public/FBLazyVector -I/Users/runner/work/App/App/ios/Pods/Headers/Public/RCTDeprecation -I/Users/runner/work/App/App/ios/Pods/Headers/Public/RCTRequired -I/Users/runner/work/App/App/ios/Pods/Headers/Public/RCTSwiftUIWrapper -I/Users/runner/work/App/App/ios/Pods/Headers/Public/RCTTypeSafety -I/Users/runner/work/App/App/ios/Pods/Headers/Public/RNCAsyncStorage -I/Users/runner/work/App/App/ios/Pods/Headers/Public/React-Core -I/Users/runner/work/App/App/ios/Pods/Headers/Public/React-Core-prebuilt -I/Users/runner/work/App/App/ios/Pods/Headers/Public/React-CoreModules -I/Users/runner/work/App/App/ios/Pods/Headers/Public/React-Fabric -I/Users/runner/work/App/App/ios/Pods/Headers/Public/React-FabricComponents -I/Users/runner/work/App/App/ios/Pods/Headers/Public/React-FabricImage -I/Users/runner/work/App/App/ios/Pods/Headers/Public/React-ImageManager -I/Users/runner/work/App/App/ios/Pods/Headers/Public/React-Mapbuffer -I/Users/runner/work/App/App/ios/Pods/Headers/Public/React-NativeModulesApple -I/Users/runner/work/App/App/ios/Pods/Headers/Public/React-RCTAnimation -I/Users/runner/work/App/App/ios/Pods/Headers/Public/React-RCTAppDelegate -I/Users/runner/work/App/App/ios/Pods/Headers/Public/React-RCTBlob -I/Users/runner/work/App/App/ios/Pods/Headers/Public/React-RCTFBReactNativeSpec -I/Users/runner/work/App/App/ios/Pods/Headers/Public/React-RCTFabric -I/Users/runner/work/App/App/ios/Pods/Headers/Public/React-RCTImage -I/Users/runner/work/App/App/ios/Pods/Headers/Public/React-RCTRuntime -I/Users/runner/work/App/App/ios/Pods/Headers/Public/React-RCTText -I/Users/runner/work/App/App/ios/Pods/Headers/Public/React-RuntimeApple -I/Users/runner/work/App/App/ios/Pods/Headers/Public/React-RuntimeCore -I/Users/runner/work/App/App/ios/Pods/Headers/Public/React-RuntimeHermes -I/Users/runner/work/App/App/ios/Pods/Headers/Public/React-callinvoker -I/Users/runner/work/App/App/ios/Pods/Headers/Public/React-cxxreact -I/Users/runner/work/App/App/ios/Pods/Headers/Public/React-debug -I/Users/runner/work/App/App/ios/Pods/Headers/Public/React-defaultsnativemodule -I/Users/runner/work/App/App/ios/Pods/Headers/Public/React-domnativemodule -I/Users/runner/work/App/App/ios/Pods/Headers/Public/React-featureflags -I/Users/runner/work/App/App/ios/Pods/Headers/Public/React-featureflagsnativemodule -I/Users/runner/work/App/App/ios/Pods/Headers/Public/React-graphics -I/Users/runner/work/App/App/ios/Pods/Headers/Public/React-hermes -I/Users/runner/work/App/App/ios/Pods/Headers/Public/React-idlecallbacksnativemodule -I/Users/runner/work/App/App/ios/Pods/Headers/Public/React-intersectionobservernativemodule -I/Users/runner/work/App/App/ios/Pods/Headers/Public/React-jserrorhandler -I/Users/runner/work/App/App/ios/Pods/Headers/Public/React-jsi -I/Users/runner/work/App/App/ios/Pods/Headers/Public/React-jsiexecutor -I/Users/runner/work/App/App/ios/Pods/Headers/Public/React-jsinspector -I/Users/runner/work/App/App/ios/Pods/Headers/Public/React-jsinspectorcdp -I/Users/runner/work/App/App/ios/Pods/Headers/Public/React-jsinspectornetwork -I/Users/runner/work/App/App/ios/Pods/Headers/Public/React-jsinspectortracing -I/Users/runner/work/App/App/ios/Pods/Headers/Public/React-jsitooling -I/Users/runner/work/App/App/ios/Pods/Headers/Public/React-logger -I/Users/runner/work/App/App/ios/Pods/Headers/Public/React-microtasksnativemodule -I/Users/runner/work/App/App/ios/Pods/Headers/Public/React-mutationobservernativemodule -I/Users/runner/work/App/App/ios/Pods/Headers/Public/React-networking -I/Users/runner/work/App/App/ios/Pods/Headers/Public/React-oscompat -I/Users/runner/work/App/App/ios/Pods/Headers/Public/React-perflogger -I/Users/runner/work/App/App/ios/Pods/Headers/Public/React-performancecdpmetrics -I/Users/runner/work/App/App/ios/Pods/Headers/Public/React-performancetimeline -I/Users/runner/work/App/App/ios/Pods/Headers/Public/React-rendererconsistency -I/Users/runner/work/App/App/ios/Pods/Headers/Public/React-renderercss -I/Users/runner/work/App/App/ios/Pods/Headers/Public/React-rendererdebug -I/Users/runner/work/App/App/ios/Pods/Headers/Public/React-runtimeexecutor -I/Users/runner/work/App/App/ios/Pods/Headers/Public/React-runtimescheduler -I/Users/runner/work/App/App/ios/Pods/Headers/Public/React-timing -I/Users/runner/work/App/App/ios/Pods/Headers/Public/React-utils -I/Users/runner/work/App/App/ios/Pods/Headers/Public/React-viewtransitionnativemodule -I/Users/runner/work/App/App/ios/Pods/Headers/Public/React-webperformancenativemodule -I/Users/runner/work/App/App/ios/Pods/Headers/Public/ReactCodegen -I/Users/runner/work/App/App/ios/Pods/Headers/Public/ReactCommon -I/Users/runner/work/App/App/ios/Pods/Headers/Public/ReactNativeDependencies -I/Users/runner/work/App/App/ios/Pods/Headers/Public/Yoga -I/Users/runner/work/App/App/ios/Pods/Headers/Public/hermes-engine -I/Users/runner/work/App/App/ios/Pods/boost -I/Users/runner/work/App/App/ios/Pods/boost-for-react-native -I/Users/runner/work/App/App/ios/Pods/RCT-Folly -I/Users/runner/work/App/App/ios/Pods/Headers/Private/Yoga -I/Users/runner/work/App/App/ios/Pods/ExpoModulesCore/ExpoModulesCore.xcframework/ios-arm64_x86_64-simulator/ExpoModulesCore.framework/Headers -I/Users/runner/work/App/App/ios/Pods/ExpoModulesCore/ExpoModulesCore.xcframework/ios-arm64/ExpoModulesCore.framework/Headers -I/Users/runner/work/App/App/ios/Pods/ExpoModulesCore/ExpoModulesCore.xcframework/ios-arm64_x86_64-simulator/ExpoModulesCore.framework/Headers -I/Users/runner/work/App/App/ios/Pods/ExpoModulesCore/ExpoModulesCore.xcframework/ios-arm64/ExpoModulesCore.framework/Headers -I/Users/runner/work/App/App/build/Build/Intermediates.noindex/Pods.build/Release-iphoneos/RNCAsyncStorage.build/DerivedSources-normal/arm64 -I/Users/runner/work/App/App/build/Build/Intermediates.noindex/Pods.build/Release-iphoneos/RNCAsyncStorage.build/DerivedSources/arm64 -I/Users/runner/work/App/App/build/Build/Intermediates.noindex/Pods.build/Release-iphoneos/RNCAsyncStorage.build/DerivedSources -F/Users/runner/work/App/App/build/Build/Products/Release-iphoneos/RNCAsyncStorage -F/Users/runner/work/App/App/ios/Pods/React-Core-prebuilt -F/Users/runner/work/App/App/ios/Pods/ReactNativeDependencies/framework/packages/react-native -F/Users/runner/work/App/App/ios/Pods/hermes-engine/destroot/Library/Frameworks/universal -F/Users/runner/work/App/App/build/Build/Products/Release-iphoneos/XCFrameworkIntermediates/React-Core-prebuilt -F/Users/runner/work/App/App/build/Build/Products/Release-iphoneos/XCFrameworkIntermediates/ReactNativeDependencies -F/Users/runner/work/App/App/build/Build/Products/Release-iphoneos/XCFrameworkIntermediates/hermes-engine/Pre-built '-DRCT_REMOVE_LEGACY_ARCH=1' '-fmodule-map-file=/Users/runner/work/App/App/ios/Pods/Headers/Public/ReactCodegen/ReactCodegen.modulemap' '-DRCT_REMOVE_LEGACY_ARCH=1' -ivfsoverlay /Users/runner/work/App/App/ios/Pods/React-Core-prebuilt/React-VFS.yaml -DNDEBUG '-DRCT_REMOVE_LEGACY_ARCH=1' '-DRCT_NEW_ARCH_ENABLED=1' -ivfsoverlay /Users/runner/work/App/App/ios/Pods/React-Core-prebuilt/React-VFS.yaml -DNDEBUG

WriteAuxiliaryFile /Users/runner/work/App/App/build/Build/Intermediates.noindex/Pods.build/Release-iphoneos/RNCAsyncStorage.build/Objects-normal/arm64/RNCAsyncStorage.LinkFileList (in target 'RNCAsyncStorage' from project 'Pods')
    cd /Users/runner/work/App/App/ios/Pods
    write-file /Users/runner/work/App/App/build/Build/Intermediates.noindex/Pods.build/Release-iphoneos/RNCAsyncStorage.build/Objects-normal/arm64/RNCAsyncStorage.LinkFileList

WriteAuxiliaryFile /Users/runner/work/App/App/build/Build/Intermediates.noindex/Pods.build/Release-iphoneos/Pods-ZenFlowTracker.build/Pods-ZenFlowTracker.hmap (in target 'Pods-ZenFlowTracker' from project 'Pods')
    cd /Users/runner/work/App/App/ios/Pods
    write-file /Users/runner/work/App/App/build/Build/Intermediates.noindex/Pods.build/Release-iphoneos/Pods-ZenFlowTracker.build/Pods-ZenFlowTracker.hmap

WriteAuxiliaryFile /Users/runner/work/App/App/build/Build/Intermediates.noindex/Pods.build/Release-iphoneos/Pods-ZenFlowTracker.build/Pods-ZenFlowTracker.DependencyStaticMetadataFileList (in target 'Pods-ZenFlowTracker' from project 'Pods')
    cd /Users/runner/work/App/App/ios/Pods
    write-file /Users/runner/work/App/App/build/Build/Intermediates.noindex/Pods.build/Release-iphoneos/Pods-ZenFlowTracker.build/Pods-ZenFlowTracker.DependencyStaticMetadataFileList

WriteAuxiliaryFile /Users/runner/work/App/App/build/Build/Intermediates.noindex/Pods.build/Release-iphoneos/Pods-ZenFlowTracker.build/Pods-ZenFlowTracker.DependencyMetadataFileList (in target 'Pods-ZenFlowTracker' from project 'Pods')
    cd /Users/runner/work/App/App/ios/Pods
    write-file /Users/runner/work/App/App/build/Build/Intermediates.noindex/Pods.build/Release-iphoneos/Pods-ZenFlowTracker.build/Pods-ZenFlowTracker.DependencyMetadataFileList

WriteAuxiliaryFile /Users/runner/work/App/App/build/Build/Intermediates.noindex/Pods.build/Release-iphoneos/Pods-ZenFlowTracker.build/Pods-ZenFlowTracker-project-headers.hmap (in target 'Pods-ZenFlowTracker' from project 'Pods')
    cd /Users/runner/work/App/App/ios/Pods
    write-file /Users/runner/work/App/App/build/Build/Intermediates.noindex/Pods.build/Release-iphoneos/Pods-ZenFlowTracker.build/Pods-ZenFlowTracker-project-headers.hmap

WriteAuxiliaryFile /Users/runner/work/App/App/build/Build/Intermediates.noindex/Pods.build/Release-iphoneos/Pods-ZenFlowTracker.build/Pods-ZenFlowTracker-own-target-headers.hmap (in target 'Pods-ZenFlowTracker' from project 'Pods')
    cd /Users/runner/work/App/App/ios/Pods
    write-file /Users/runner/work/App/App/build/Build/Intermediates.noindex/Pods.build/Release-iphoneos/Pods-ZenFlowTracker.build/Pods-ZenFlowTracker-own-target-headers.hmap

WriteAuxiliaryFile /Users/runner/work/App/App/build/Build/Intermediates.noindex/Pods.build/Release-iphoneos/Pods-ZenFlowTracker.build/Pods-ZenFlowTracker-generated-files.hmap (in target 'Pods-ZenFlowTracker' from project 'Pods')
    cd /Users/runner/work/App/App/ios/Pods
    write-file /Users/runner/work/App/App/build/Build/Intermediates.noindex/Pods.build/Release-iphoneos/Pods-ZenFlowTracker.build/Pods-ZenFlowTracker-generated-files.hmap

WriteAuxiliaryFile /Users/runner/work/App/App/build/Build/Intermediates.noindex/Pods.build/Release-iphoneos/Pods-ZenFlowTracker.build/Pods-ZenFlowTracker-all-target-headers.hmap (in target 'Pods-ZenFlowTracker' from project 'Pods')
    cd /Users/runner/work/App/App/ios/Pods
    write-file /Users/runner/work/App/App/build/Build/Intermediates.noindex/Pods.build/Release-iphoneos/Pods-ZenFlowTracker.build/Pods-ZenFlowTracker-all-target-headers.hmap

WriteAuxiliaryFile /Users/runner/work/App/App/build/Build/Intermediates.noindex/Pods.build/Release-iphoneos/Pods-ZenFlowTracker.build/Pods-ZenFlowTracker-all-non-framework-target-headers.hmap (in target 'Pods-ZenFlowTracker' from project 'Pods')
    cd /Users/runner/work/App/App/ios/Pods
    write-file /Users/runner/work/App/App/build/Build/Intermediates.noindex/Pods.build/Release-iphoneos/Pods-ZenFlowTracker.build/Pods-ZenFlowTracker-all-non-framework-target-headers.hmap

WriteAuxiliaryFile /Users/runner/work/App/App/build/Build/Intermediates.noindex/Pods.build/Release-iphoneos/Pods-ZenFlowTracker.build/Objects-normal/arm64/e6072d4f65d7061329687fe24e3d63a7-common-args.resp (in target 'Pods-ZenFlowTracker' from project 'Pods')
    cd /Users/runner/work/App/App/ios/Pods
    write-file /Users/runner/work/App/App/build/Build/Intermediates.noindex/Pods.build/Release-iphoneos/Pods-ZenFlowTracker.build/Objects-normal/arm64/e6072d4f65d7061329687fe24e3d63a7-common-args.resp
-target arm64-apple-ios16.4 '-std=gnu11' -fobjc-arc -fmodules '-fmodules-cache-path=/Users/runner/work/App/App/build/ModuleCache.noindex' -fpascal-strings -Os -fno-common '-DPOD_CONFIGURATION_RELEASE=1' '-DCOCOAPODS=1' '-DNS_BLOCK_ASSERTIONS=1' '-DOBJC_OLD_DISPATCH_PROTOTYPES=0' -isysroot /Applications/Xcode_26.3.app/Contents/Developer/Platforms/iPhoneOS.platform/Developer/SDKs/iPhoneOS26.2.sdk -g -iquote /Users/runner/work/App/App/build/Build/Intermediates.noindex/Pods.build/Release-iphoneos/Pods-ZenFlowTracker.build/Pods-ZenFlowTracker-generated-files.hmap -I/Users/runner/work/App/App/build/Build/Intermediates.noindex/Pods.build/Release-iphoneos/Pods-ZenFlowTracker.build/Pods-ZenFlowTracker-own-target-headers.hmap -I/Users/runner/work/App/App/build/Build/Intermediates.noindex/Pods.build/Release-iphoneos/Pods-ZenFlowTracker.build/Pods-ZenFlowTracker-all-non-framework-target-headers.hmap -ivfsoverlay /Users/runner/work/App/App/build/Build/Intermediates.noindex/Pods.build/Release-iphoneos/Pods-8699adb1dd336b26511df848a716bd42-VFS-iphoneos/all-product-headers.yaml -iquote /Users/runner/work/App/App/build/Build/Intermediates.noindex/Pods.build/Release-iphoneos/Pods-ZenFlowTracker.build/Pods-ZenFlowTracker-project-headers.hmap -I/Users/runner/work/App/App/build/Build/Products/Release-iphoneos/include -I/Users/runner/work/App/App/ios/Pods/Headers/Public -I/Users/runner/work/App/App/ios/Pods/Headers/Public/EXConstants -I/Users/runner/work/App/App/ios/Pods/Headers/Public/Expo -I/Users/runner/work/App/App/ios/Pods/Headers/Public/ExpoScreenOrientation -I/Users/runner/work/App/App/ios/Pods/Headers/Public/FBLazyVector -I/Users/runner/work/App/App/ios/Pods/Headers/Public/RCTDeprecation -I/Users/runner/work/App/App/ios/Pods/Headers/Public/RCTRequired -I/Users/runner/work/App/App/ios/Pods/Headers/Public/RCTSwiftUIWrapper -I/Users/runner/work/App/App/ios/Pods/Headers/Public/RCTTypeSafety -I/Users/runner/work/App/App/ios/Pods/Headers/Public/RNCAsyncStorage -I/Users/runner/work/App/App/ios/Pods/Headers/Public/React-Core -I/Users/runner/work/App/App/ios/Pods/Headers/Public/React-Core-prebuilt -I/Users/runner/work/App/App/ios/Pods/Headers/Public/React-CoreModules -I/Users/runner/work/App/App/ios/Pods/Headers/Public/React-Fabric -I/Users/runner/work/App/App/ios/Pods/Headers/Public/React-FabricComponents -I/Users/runner/work/App/App/ios/Pods/Headers/Public/React-FabricImage -I/Users/runner/work/App/App/ios/Pods/Headers/Public/React-ImageManager -I/Users/runner/work/App/App/ios/Pods/Headers/Public/React-Mapbuffer -I/Users/runner/work/App/App/ios/Pods/Headers/Public/React-NativeModulesApple -I/Users/runner/work/App/App/ios/Pods/Headers/Public/React-RCTAnimation -I/Users/runner/work/App/App/ios/Pods/Headers/Public/React-RCTAppDelegate -I/Users/runner/work/App/App/ios/Pods/Headers/Public/React-RCTBlob -I/Users/runner/work/App/App/ios/Pods/Headers/Public/React-RCTFBReactNativeSpec -I/Users/runner/work/App/App/ios/Pods/Headers/Public/React-RCTFabric -I/Users/runner/work/App/App/ios/Pods/Headers/Public/React-RCTImage -I/Users/runner/work/App/App/ios/Pods/Headers/Public/React-RCTRuntime -I/Users/runner/work/App/App/ios/Pods/Headers/Public/React-RCTSettings -I/Users/runner/work/App/App/ios/Pods/Headers/Public/React-RCTText -I/Users/runner/work/App/App/ios/Pods/Headers/Public/React-RCTVibration -I/Users/runner/work/App/App/ios/Pods/Headers/Public/React-RuntimeApple -I/Users/runner/work/App/App/ios/Pods/Headers/Public/React-RuntimeCore -I/Users/runner/work/App/App/ios/Pods/Headers/Public/React-RuntimeHermes -I/Users/runner/work/App/App/ios/Pods/Headers/Public/React-callinvoker -I/Users/runner/work/App/App/ios/Pods/Headers/Public/React-cxxreact -I/Users/runner/work/App/App/ios/Pods/Headers/Public/React-debug -I/Users/runner/work/App/App/ios/Pods/Headers/Public/React-defaultsnativemodule -I/Users/runner/work/App/App/ios/Pods/Headers/Public/React-domnativemodule -I/Users/runner/work/App/App/ios/Pods/Headers/Public/React-featureflags -I/Users/runner/work/App/App/ios/Pods/Headers/Public/React-featureflagsnativemodule -I/Users/runner/work/App/App/ios/Pods/Headers/Public/React-graphics -I/Users/runner/work/App/App/ios/Pods/Headers/Public/React-hermes -I/Users/runner/work/App/App/ios/Pods/Headers/Public/React-idlecallbacksnativemodule -I/Users/runner/work/App/App/ios/Pods/Headers/Public/React-intersectionobservernativemodule -I/Users/runner/work/App/App/ios/Pods/Headers/Public/React-jserrorhandler -I/Users/runner/work/App/App/ios/Pods/Headers/Public/React-jsi -I/Users/runner/work/App/App/ios/Pods/Headers/Public/React-jsiexecutor -I/Users/runner/work/App/App/ios/Pods/Headers/Public/React-jsinspector -I/Users/runner/work/App/App/ios/Pods/Headers/Public/React-jsinspectorcdp -I/Users/runner/work/App/App/ios/Pods/Headers/Public/React-jsinspectornetwork -I/Users/runner/work/App/App/ios/Pods/Headers/Public/React-jsinspectortracing -I/Users/runner/work/App/App/ios/Pods/Headers/Public/React-jsitooling -I/Users/runner/work/App/App/ios/Pods/Headers/Public/React-logger -I/Users/runner/work/App/App/ios/Pods/Headers/Public/React-microtasksnativemodule -I/Users/runner/work/App/App/ios/Pods/Headers/Public/React-mutationobservernativemodule -I/Users/runner/work/App/App/ios/Pods/Headers/Public/React-networking -I/Users/runner/work/App/App/ios/Pods/Headers/Public/React-oscompat -I/Users/runner/work/App/App/ios/Pods/Headers/Public/React-perflogger -I/Users/runner/work/App/App/ios/Pods/Headers/Public/React-performancecdpmetrics -I/Users/runner/work/App/App/ios/Pods/Headers/Public/React-performancetimeline -I/Users/runner/work/App/App/ios/Pods/Headers/Public/React-rendererconsistency -I/Users/runner/work/App/App/ios/Pods/Headers/Public/React-renderercss -I/Users/runner/work/App/App/ios/Pods/Headers/Public/React-rendererdebug -I/Users/runner/work/App/App/ios/Pods/Headers/Public/React-runtimeexecutor -I/Users/runner/work/App/App/ios/Pods/Headers/Public/React-runtimescheduler -I/Users/runner/work/App/App/ios/Pods/Headers/Public/React-timing -I/Users/runner/work/App/App/ios/Pods/Headers/Public/React-utils -I/Users/runner/work/App/App/ios/Pods/Headers/Public/React-viewtransitionnativemodule -I/Users/runner/work/App/App/ios/Pods/Headers/Public/React-webperformancenativemodule -I/Users/runner/work/App/App/ios/Pods/Headers/Public/ReactAppDependencyProvider -I/Users/runner/work/App/App/ios/Pods/Headers/Public/ReactCodegen -I/Users/runner/work/App/App/ios/Pods/Headers/Public/ReactCommon -I/Users/runner/work/App/App/ios/Pods/Headers/Public/ReactNativeDependencies -I/Users/runner/work/App/App/ios/Pods/Headers/Public/Yoga -I/Users/runner/work/App/App/ios/Pods/Headers/Public/hermes-engine -I/Users/runner/work/App/App/ios/Pods/Headers/Public/react-native-safe-area-context -I/Users/runner/work/App/App/ios/Pods/Headers/Public/react-native-webview '-I/Users/runner/work/App/App/build/Build/Products/Release-iphoneos/Expo/Swift Compatibility Header' -I/Users/runner/work/App/App/ios/Pods/Headers/Private/Yoga '-I/Users/runner/work/App/App/build/Build/Products/Release-iphoneos/ExpoModulesCore/Swift Compatibility Header' -I/Users/runner/work/App/App/ios/Pods/Headers/Private/Yoga '-I/Users/runner/work/App/App/build/Build/Products/Release-iphoneos/ExpoScreenOrientation/Swift Compatibility Header' -I/Users/runner/work/App/App/ios/Pods/Headers/Private/React-Core -I/Users/runner/work/App/App/ios/Pods/Headers/Private/React-Core -I/Users/runner/work/App/App/ios/Pods/Headers/Private/Yoga -I/Users/runner/work/App/App/ios/Pods/ExpoModulesCore/ExpoModulesCore.xcframework/ios-arm64_x86_64-simulator/ExpoModulesCore.framework/Headers -I/Users/runner/work/App/App/ios/Pods/ExpoModulesCore/ExpoModulesCore.xcframework/ios-arm64/ExpoModulesCore.framework/Headers -I/Users/runner/work/App/App/ios/Pods/ExpoModulesCore/ExpoModulesCore.xcframework/ios-arm64_x86_64-simulator/ExpoModulesCore.framework/Headers -I/Users/runner/work/App/App/ios/Pods/ExpoModulesCore/ExpoModulesCore.xcframework/ios-arm64/ExpoModulesCore.framework/Headers -I/Users/runner/work/App/App/build/Build/Intermediates.noindex/Pods.build/Release-iphoneos/Pods-ZenFlowTracker.build/DerivedSources-normal/arm64 -I/Users/runner/work/App/App/build/Build/Intermediates.noindex/Pods.build/Release-iphoneos/Pods-ZenFlowTracker.build/DerivedSources/arm64 -I/Users/runner/work/App/App/build/Build/Intermediates.noindex/Pods.build/Release-iphoneos/Pods-ZenFlowTracker.build/DerivedSources -F/Users/runner/work/App/App/build/Build/Products/Release-iphoneos -F/Users/runner/work/App/App/node_modules/expo-modules-jsi/apple/Products -F/Users/runner/work/App/App/ios/Pods/ExpoFileSystem -F/Users/runner/work/App/App/ios/Pods/ExpoFont -F/Users/runner/work/App/App/ios/Pods/ExpoModulesCore -F/Users/runner/work/App/App/ios/Pods/ExpoModulesWorklets -F/Users/runner/work/App/App/ios/Pods/React-Core-prebuilt -F/Users/runner/work/App/App/ios/Pods/ReactNativeDependencies/framework/packages/react-native -F/Users/runner/work/App/App/ios/Pods/hermes-engine/destroot/Library/Frameworks/universal -F/Users/runner/work/App/App/build/Build/Products/Release-iphoneos/XCFrameworkIntermediates/ExpoFileSystem -F/Users/runner/work/App/App/build/Build/Products/Release-iphoneos/XCFrameworkIntermediates/ExpoFont -F/Users/runner/work/App/App/build/Build/Products/Release-iphoneos/XCFrameworkIntermediates/ExpoModulesCore -F/Users/runner/work/App/App/build/Build/Products/Release-iphoneos/XCFrameworkIntermediates/ExpoModulesJSI -F/Users/runner/work/App/App/build/Build/Products/Release-iphoneos/XCFrameworkIntermediates/ExpoModulesWorklets -F/Users/runner/work/App/App/build/Build/Products/Release-iphoneos/XCFrameworkIntermediates/React-Core-prebuilt -F/Users/runner/work/App/App/build/Build/Products/Release-iphoneos/XCFrameworkIntermediates/ReactNativeDependencies -F/Users/runner/work/App/App/build/Build/Products/Release-iphoneos/XCFrameworkIntermediates/hermes-engine/Pre-built '-DRCT_REMOVE_LEGACY_ARCH=1' '-fmodule-map-file=/Users/runner/work/App/App/build/Build/Products/Release-iphoneos/EXConstants/EXConstants.modulemap' '-fmodule-map-file=/Users/runner/work/App/App/build/Build/Products/Release-iphoneos/Expo/Expo.modulemap' '-fmodule-map-file=/Users/runner/work/App/App/build/Build/Products/Release-iphoneos/ExpoAsset/ExpoAsset.modulemap' '-fmodule-map-file=/Users/runner/work/App/App/build/Build/Products/Release-iphoneos/ExpoDomWebView/ExpoDomWebView.modulemap' '-fmodule-map-file=/Users/runner/work/App/App/build/Build/Products/Release-iphoneos/ExpoKeepAwake/ExpoKeepAwake.modulemap' '-fmodule-map-file=/Users/runner/work/App/App/build/Build/Products/Release-iphoneos/ExpoLogBox/ExpoLogBox.modulemap' '-fmodule-map-file=/Users/runner/work/App/App/build/Build/Products/Release-iphoneos/ExpoScreenOrientation/ExpoScreenOrientation.modulemap' '-fmodule-map-file=/Users/runner/work/App/App/ios/Pods/Headers/Public/ReactAppDependencyProvider/ReactAppDependencyProvider.modulemap' '-fmodule-map-file=/Users/runner/work/App/App/ios/Pods/Headers/Public/ReactCodegen/ReactCodegen.modulemap' -DNDEBUG -ivfsoverlay /Users/runner/work/App/App/ios/Pods/React-Core-prebuilt/React-VFS.yaml

WriteAuxiliaryFile /Users/runner/work/App/App/build/Build/Intermediates.noindex/Pods.build/Release-iphoneos/Pods-ZenFlowTracker.build/Objects-normal/arm64/Pods-ZenFlowTracker.LinkFileList (in target 'Pods-ZenFlowTracker' from project 'Pods')
    cd /Users/runner/work/App/App/ios/Pods
    write-file /Users/runner/work/App/App/build/Build/Intermediates.noindex/Pods.build/Release-iphoneos/Pods-ZenFlowTracker.build/Objects-normal/arm64/Pods-ZenFlowTracker.LinkFileList

WriteAuxiliaryFile /Users/runner/work/App/App/build/Build/Intermediates.noindex/Pods.build/Release-iphoneos/ExpoScreenOrientation.build/Script-46EB2E000130D0.sh (in target 'ExpoScreenOrientation' from project 'Pods')
    cd /Users/runner/work/App/App/ios/Pods
    write-file /Users/runner/work/App/App/build/Build/Intermediates.noindex/Pods.build/Release-iphoneos/ExpoScreenOrientation.build/Script-46EB2E000130D0.sh

WriteAuxiliaryFile /Users/runner/work/App/App/build/Build/Intermediates.noindex/Pods.build/Release-iphoneos/ExpoScreenOrientation.build/Objects-normal/arm64/e6072d4f65d7061329687fe24e3d63a7-common-args.resp (in target 'ExpoScreenOrientation' from project 'Pods')
    cd /Users/runner/work/App/App/ios/Pods
    write-file /Users/runner/work/App/App/build/Build/Intermediates.noindex/Pods.build/Release-iphoneos/ExpoScreenOrientation.build/Objects-normal/arm64/e6072d4f65d7061329687fe24e3d63a7-common-args.resp
-target arm64-apple-ios16.4 '-std=gnu11' -fobjc-arc -fmodules '-fmodules-cache-path=/Users/runner/work/App/App/build/ModuleCache.noindex' '-fmodule-name=ExpoScreenOrientation' -fpascal-strings -Os -fno-common '-DPOD_CONFIGURATION_RELEASE=1' '-DCOCOAPODS=1' '-DNS_BLOCK_ASSERTIONS=1' '-DOBJC_OLD_DISPATCH_PROTOTYPES=0' -isysroot /Applications/Xcode_26.3.app/Contents/Developer/Platforms/iPhoneOS.platform/Developer/SDKs/iPhoneOS26.2.sdk -g -iquote /Users/runner/work/App/App/build/Build/Intermediates.noindex/Pods.build/Release-iphoneos/ExpoScreenOrientation.build/ExpoScreenOrientation-generated-files.hmap -I/Users/runner/work/App/App/build/Build/Intermediates.noindex/Pods.build/Release-iphoneos/ExpoScreenOrientation.build/ExpoScreenOrientation-own-target-headers.hmap -I/Users/runner/work/App/App/build/Build/Intermediates.noindex/Pods.build/Release-iphoneos/ExpoScreenOrientation.build/ExpoScreenOrientation-all-non-framework-target-headers.hmap -ivfsoverlay /Users/runner/work/App/App/build/Build/Intermediates.noindex/Pods.build/Release-iphoneos/Pods-8699adb1dd336b26511df848a716bd42-VFS-iphoneos/all-product-headers.yaml -iquote /Users/runner/work/App/App/build/Build/Intermediates.noindex/Pods.build/Release-iphoneos/ExpoScreenOrientation.build/ExpoScreenOrientation-project-headers.hmap -I/Users/runner/work/App/App/build/Build/Products/Release-iphoneos/ExpoScreenOrientation/include -I/Users/runner/work/App/App/ios/Pods/Headers/Private -I/Users/runner/work/App/App/ios/Pods/Headers/Private/ExpoScreenOrientation -I/Users/runner/work/App/App/ios/Pods/Headers/Public -I/Users/runner/work/App/App/ios/Pods/Headers/Public/FBLazyVector -I/Users/runner/work/App/App/ios/Pods/Headers/Public/RCTRequired -I/Users/runner/work/App/App/ios/Pods/Headers/Public/RCTSwiftUIWrapper -I/Users/runner/work/App/App/ios/Pods/Headers/Public/RCTTypeSafety -I/Users/runner/work/App/App/ios/Pods/Headers/Public/React-Core -I/Users/runner/work/App/App/ios/Pods/Headers/Public/React-Core-prebuilt -I/Users/runner/work/App/App/ios/Pods/Headers/Public/React-CoreModules -I/Users/runner/work/App/App/ios/Pods/Headers/Public/React-Fabric -I/Users/runner/work/App/App/ios/Pods/Headers/Public/React-FabricComponents -I/Users/runner/work/App/App/ios/Pods/Headers/Public/React-FabricImage -I/Users/runner/work/App/App/ios/Pods/Headers/Public/React-ImageManager -I/Users/runner/work/App/App/ios/Pods/Headers/Public/React-Mapbuffer -I/Users/runner/work/App/App/ios/Pods/Headers/Public/React-NativeModulesApple -I/Users/runner/work/App/App/ios/Pods/Headers/Public/React-RCTAnimation -I/Users/runner/work/App/App/ios/Pods/Headers/Public/React-RCTBlob -I/Users/runner/work/App/App/ios/Pods/Headers/Public/React-RCTFBReactNativeSpec -I/Users/runner/work/App/App/ios/Pods/Headers/Public/React-RCTFabric -I/Users/runner/work/App/App/ios/Pods/Headers/Public/React-RCTImage -I/Users/runner/work/App/App/ios/Pods/Headers/Public/React-RCTRuntime -I/Users/runner/work/App/App/ios/Pods/Headers/Public/React-RCTText -I/Users/runner/work/App/App/ios/Pods/Headers/Public/React-RuntimeApple -I/Users/runner/work/App/App/ios/Pods/Headers/Public/React-RuntimeCore -I/Users/runner/work/App/App/ios/Pods/Headers/Public/React-RuntimeHermes -I/Users/runner/work/App/App/ios/Pods/Headers/Public/React-callinvoker -I/Users/runner/work/App/App/ios/Pods/Headers/Public/React-cxxreact -I/Users/runner/work/App/App/ios/Pods/Headers/Public/React-debug -I/Users/runner/work/App/App/ios/Pods/Headers/Public/React-defaultsnativemodule -I/Users/runner/work/App/App/ios/Pods/Headers/Public/React-domnativemodule -I/Users/runner/work/App/App/ios/Pods/Headers/Public/React-featureflags -I/Users/runner/work/App/App/ios/Pods/Headers/Public/React-featureflagsnativemodule -I/Users/runner/work/App/App/ios/Pods/Headers/Public/React-graphics -I/Users/runner/work/App/App/ios/Pods/Headers/Public/React-hermes -I/Users/runner/work/App/App/ios/Pods/Headers/Public/React-idlecallbacksnativemodule -I/Users/runner/work/App/App/ios/Pods/Headers/Public/React-intersectionobservernativemodule -I/Users/runner/work/App/App/ios/Pods/Headers/Public/React-jserrorhandler -I/Users/runner/work/App/App/ios/Pods/Headers/Public/React-jsi -I/Users/runner/work/App/App/ios/Pods/Headers/Public/React-jsiexecutor -I/Users/runner/work/App/App/ios/Pods/Headers/Public/React-jsinspector -I/Users/runner/work/App/App/ios/Pods/Headers/Public/React-jsinspectorcdp -I/Users/runner/work/App/App/ios/Pods/Headers/Public/React-jsinspectornetwork -I/Users/runner/work/App/App/ios/Pods/Headers/Public/React-jsinspectortracing -I/Users/runner/work/App/App/ios/Pods/Headers/Public/React-jsitooling -I/Users/runner/work/App/App/ios/Pods/Headers/Public/React-logger -I/Users/runner/work/App/App/ios/Pods/Headers/Public/React-microtasksnativemodule -I/Users/runner/work/App/App/ios/Pods/Headers/Public/React-mutationobservernativemodule -I/Users/runner/work/App/App/ios/Pods/Headers/Public/React-networking -I/Users/runner/work/App/App/ios/Pods/Headers/Public/React-oscompat -I/Users/runner/work/App/App/ios/Pods/Headers/Public/React-perflogger -I/Users/runner/work/App/App/ios/Pods/Headers/Public/React-performancecdpmetrics -I/Users/runner/work/App/App/ios/Pods/Headers/Public/React-performancetimeline -I/Users/runner/work/App/App/ios/Pods/Headers/Public/React-rendererconsistency -I/Users/runner/work/App/App/ios/Pods/Headers/Public/React-renderercss -I/Users/runner/work/App/App/ios/Pods/Headers/Public/React-rendererdebug -I/Users/runner/work/App/App/ios/Pods/Headers/Public/React-runtimeexecutor -I/Users/runner/work/App/App/ios/Pods/Headers/Public/React-runtimescheduler -I/Users/runner/work/App/App/ios/Pods/Headers/Public/React-timing -I/Users/runner/work/App/App/ios/Pods/Headers/Public/React-utils -I/Users/runner/work/App/App/ios/Pods/Headers/Public/React-viewtransitionnativemodule -I/Users/runner/work/App/App/ios/Pods/Headers/Public/React-webperformancenativemodule -I/Users/runner/work/App/App/ios/Pods/Headers/Public/ReactCodegen -I/Users/runner/work/App/App/ios/Pods/Headers/Public/ReactCommon -I/Users/runner/work/App/App/ios/Pods/Headers/Public/ReactNativeDependencies -I/Users/runner/work/App/App/ios/Pods/Headers/Public/Yoga -I/Users/runner/work/App/App/ios/Pods/Headers/Public/hermes-engine -I/Users/runner/work/App/App/ios/Pods/ExpoModulesCore/ExpoModulesCore.xcframework/ios-arm64_x86_64-simulator/ExpoModulesCore.framework/Headers -I/Users/runner/work/App/App/ios/Pods/ExpoModulesCore/ExpoModulesCore.xcframework/ios-arm64/ExpoModulesCore.framework/Headers -I/Users/runner/work/App/App/ios/Pods/ExpoModulesCore/ExpoModulesCore.xcframework/ios-arm64_x86_64-simulator/ExpoModulesCore.framework/Headers -I/Users/runner/work/App/App/ios/Pods/ExpoModulesCore/ExpoModulesCore.xcframework/ios-arm64/ExpoModulesCore.framework/Headers -I/Users/runner/work/App/App/build/Build/Intermediates.noindex/Pods.build/Release-iphoneos/ExpoScreenOrientation.build/DerivedSources-normal/arm64 -I/Users/runner/work/App/App/build/Build/Intermediates.noindex/Pods.build/Release-iphoneos/ExpoScreenOrientation.build/DerivedSources/arm64 -I/Users/runner/work/App/App/build/Build/Intermediates.noindex/Pods.build/Release-iphoneos/ExpoScreenOrientation.build/DerivedSources -F/Users/runner/work/App/App/build/Build/Products/Release-iphoneos/ExpoScreenOrientation -F/Users/runner/work/App/App/node_modules/expo-modules-jsi/apple/Products -F/Users/runner/work/App/App/ios/Pods/ExpoModulesCore -F/Users/runner/work/App/App/ios/Pods/React-Core-prebuilt -F/Users/runner/work/App/App/ios/Pods/ReactNativeDependencies/framework/packages/react-native -F/Users/runner/work/App/App/ios/Pods/hermes-engine/destroot/Library/Frameworks/universal -F/Users/runner/work/App/App/build/Build/Products/Release-iphoneos/XCFrameworkIntermediates/ExpoModulesCore -F/Users/runner/work/App/App/build/Build/Products/Release-iphoneos/XCFrameworkIntermediates/ExpoModulesJSI -F/Users/runner/work/App/App/build/Build/Products/Release-iphoneos/XCFrameworkIntermediates/React-Core-prebuilt -F/Users/runner/work/App/App/build/Build/Products/Release-iphoneos/XCFrameworkIntermediates/ReactNativeDependencies -F/Users/runner/work/App/App/build/Build/Products/Release-iphoneos/XCFrameworkIntermediates/hermes-engine/Pre-built '-DRCT_REMOVE_LEGACY_ARCH=1' '-fmodule-map-file=/Users/runner/work/App/App/ios/Pods/Headers/Public/ReactCodegen/ReactCodegen.modulemap' -DNDEBUG

WriteAuxiliaryFile /Users/runner/work/App/App/build/Build/Intermediates.noindex/Pods.build/Release-iphoneos/ExpoScreenOrientation.build/Objects-normal/arm64/ExpoScreenOrientation_const_extract_protocols.json (in target 'ExpoScreenOrientation' from project 'Pods')
    cd /Users/runner/work/App/App/ios/Pods
    write-file /Users/runner/work/App/App/build/Build/Intermediates.noindex/Pods.build/Release-iphoneos/ExpoScreenOrientation.build/Objects-normal/arm64/ExpoScreenOrientation_const_extract_protocols.json

WriteAuxiliaryFile /Users/runner/work/App/App/build/Build/Intermediates.noindex/Pods.build/Release-iphoneos/ExpoScreenOrientation.build/Objects-normal/arm64/ExpoScreenOrientation.SwiftFileList (in target 'ExpoScreenOrientation' from project 'Pods')
    cd /Users/runner/work/App/App/ios/Pods
    write-file /Users/runner/work/App/App/build/Build/Intermediates.noindex/Pods.build/Release-iphoneos/ExpoScreenOrientation.build/Objects-normal/arm64/ExpoScreenOrientation.SwiftFileList

WriteAuxiliaryFile /Users/runner/work/App/App/build/Build/Intermediates.noindex/Pods.build/Release-iphoneos/ExpoScreenOrientation.build/Objects-normal/arm64/ExpoScreenOrientation.SwiftConstValuesFileList (in target 'ExpoScreenOrientation' from project 'Pods')
    cd /Users/runner/work/App/App/ios/Pods
    write-file /Users/runner/work/App/App/build/Build/Intermediates.noindex/Pods.build/Release-iphoneos/ExpoScreenOrientation.build/Objects-normal/arm64/ExpoScreenOrientation.SwiftConstValuesFileList

WriteAuxiliaryFile /Users/runner/work/App/App/build/Build/Intermediates.noindex/Pods.build/Release-iphoneos/ExpoScreenOrientation.build/Objects-normal/arm64/ExpoScreenOrientation.LinkFileList (in target 'ExpoScreenOrientation' from project 'Pods')
    cd /Users/runner/work/App/App/ios/Pods
    write-file /Users/runner/work/App/App/build/Build/Intermediates.noindex/Pods.build/Release-iphoneos/ExpoScreenOrientation.build/Objects-normal/arm64/ExpoScreenOrientation.LinkFileList

WriteAuxiliaryFile /Users/runner/work/App/App/build/Build/Intermediates.noindex/Pods.build/Release-iphoneos/ExpoScreenOrientation.build/Objects-normal/arm64/ExpoScreenOrientation-OutputFileMap.json (in target 'ExpoScreenOrientation' from project 'Pods')
    cd /Users/runner/work/App/App/ios/Pods
    write-file /Users/runner/work/App/App/build/Build/Intermediates.noindex/Pods.build/Release-iphoneos/ExpoScreenOrientation.build/Objects-normal/arm64/ExpoScreenOrientation-OutputFileMap.json

WriteAuxiliaryFile /Users/runner/work/App/App/build/Build/Intermediates.noindex/Pods.build/Release-iphoneos/ExpoScreenOrientation.build/ExpoScreenOrientation.hmap (in target 'ExpoScreenOrientation' from project 'Pods')
    cd /Users/runner/work/App/App/ios/Pods
    write-file /Users/runner/work/App/App/build/Build/Intermediates.noindex/Pods.build/Release-iphoneos/ExpoScreenOrientation.build/ExpoScreenOrientation.hmap

WriteAuxiliaryFile /Users/runner/work/App/App/build/Build/Intermediates.noindex/Pods.build/Release-iphoneos/ExpoScreenOrientation.build/ExpoScreenOrientation.DependencyStaticMetadataFileList (in target 'ExpoScreenOrientation' from project 'Pods')
    cd /Users/runner/work/App/App/ios/Pods
    write-file /Users/runner/work/App/App/build/Build/Intermediates.noindex/Pods.build/Release-iphoneos/ExpoScreenOrientation.build/ExpoScreenOrientation.DependencyStaticMetadataFileList

WriteAuxiliaryFile /Users/runner/work/App/App/build/Build/Intermediates.noindex/Pods.build/Release-iphoneos/ExpoScreenOrientation.build/ExpoScreenOrientation.DependencyMetadataFileList (in target 'ExpoScreenOrientation' from project 'Pods')
    cd /Users/runner/work/App/App/ios/Pods
    write-file /Users/runner/work/App/App/build/Build/Intermediates.noindex/Pods.build/Release-iphoneos/ExpoScreenOrientation.build/ExpoScreenOrientation.DependencyMetadataFileList

WriteAuxiliaryFile /Users/runner/work/App/App/build/Build/Intermediates.noindex/Pods.build/Release-iphoneos/ExpoScreenOrientation.build/ExpoScreenOrientation-project-headers.hmap (in target 'ExpoScreenOrientation' from project 'Pods')
    cd /Users/runner/work/App/App/ios/Pods
    write-file /Users/runner/work/App/App/build/Build/Intermediates.noindex/Pods.build/Release-iphoneos/ExpoScreenOrientation.build/ExpoScreenOrientation-project-headers.hmap

WriteAuxiliaryFile /Users/runner/work/App/App/build/Build/Intermediates.noindex/Pods.build/Release-iphoneos/ExpoScreenOrientation.build/ExpoScreenOrientation-own-target-headers.hmap (in target 'ExpoScreenOrientation' from project 'Pods')
    cd /Users/runner/work/App/App/ios/Pods
    write-file /Users/runner/work/App/App/build/Build/Intermediates.noindex/Pods.build/Release-iphoneos/ExpoScreenOrientation.build/ExpoScreenOrientation-own-target-headers.hmap

WriteAuxiliaryFile /Users/runner/work/App/App/build/Build/Intermediates.noindex/Pods.build/Release-iphoneos/ExpoScreenOrientation.build/ExpoScreenOrientation-generated-files.hmap (in target 'ExpoScreenOrientation' from project 'Pods')
    cd /Users/runner/work/App/App/ios/Pods
    write-file /Users/runner/work/App/App/build/Build/Intermediates.noindex/Pods.build/Release-iphoneos/ExpoScreenOrientation.build/ExpoScreenOrientation-generated-files.hmap

WriteAuxiliaryFile /Users/runner/work/App/App/build/Build/Intermediates.noindex/Pods.build/Release-iphoneos/ExpoScreenOrientation.build/ExpoScreenOrientation-all-target-headers.hmap (in target 'ExpoScreenOrientation' from project 'Pods')
    cd /Users/runner/work/App/App/ios/Pods
    write-file /Users/runner/work/App/App/build/Build/Intermediates.noindex/Pods.build/Release-iphoneos/ExpoScreenOrientation.build/ExpoScreenOrientation-all-target-headers.hmap

WriteAuxiliaryFile /Users/runner/work/App/App/build/Build/Intermediates.noindex/Pods.build/Release-iphoneos/ExpoScreenOrientation.build/ExpoScreenOrientation-all-non-framework-target-headers.hmap (in target 'ExpoScreenOrientation' from project 'Pods')
    cd /Users/runner/work/App/App/ios/Pods
    write-file /Users/runner/work/App/App/build/Build/Intermediates.noindex/Pods.build/Release-iphoneos/ExpoScreenOrientation.build/ExpoScreenOrientation-all-non-framework-target-headers.hmap

WriteAuxiliaryFile /Users/runner/work/App/App/build/Build/Intermediates.noindex/Pods.build/Release-iphoneos/ExpoLogBox.build/Script-46EB2E00012D90.sh (in target 'ExpoLogBox' from project 'Pods')
    cd /Users/runner/work/App/App/ios/Pods
    write-file /Users/runner/work/App/App/build/Build/Intermediates.noindex/Pods.build/Release-iphoneos/ExpoLogBox.build/Script-46EB2E00012D90.sh

WriteAuxiliaryFile /Users/runner/work/App/App/build/Build/Intermediates.noindex/Pods.build/Release-iphoneos/ExpoLogBox.build/Objects-normal/arm64/e6072d4f65d7061329687fe24e3d63a7-common-args.resp (in target 'ExpoLogBox' from project 'Pods')
    cd /Users/runner/work/App/App/ios/Pods
    write-file /Users/runner/work/App/App/build/Build/Intermediates.noindex/Pods.build/Release-iphoneos/ExpoLogBox.build/Objects-normal/arm64/e6072d4f65d7061329687fe24e3d63a7-common-args.resp
-target arm64-apple-ios16.4 '-std=gnu11' -fobjc-arc -fmodules '-fmodules-cache-path=/Users/runner/work/App/App/build/ModuleCache.noindex' -fpascal-strings -Os -fno-common '-DPOD_CONFIGURATION_RELEASE=1' '-DCOCOAPODS=1' '-DNS_BLOCK_ASSERTIONS=1' '-DOBJC_OLD_DISPATCH_PROTOTYPES=0' -isysroot /Applications/Xcode_26.3.app/Contents/Developer/Platforms/iPhoneOS.platform/Developer/SDKs/iPhoneOS26.2.sdk -g -iquote /Users/runner/work/App/App/build/Build/Intermediates.noindex/Pods.build/Release-iphoneos/ExpoLogBox.build/ExpoLogBox-generated-files.hmap -I/Users/runner/work/App/App/build/Build/Intermediates.noindex/Pods.build/Release-iphoneos/ExpoLogBox.build/ExpoLogBox-own-target-headers.hmap -I/Users/runner/work/App/App/build/Build/Intermediates.noindex/Pods.build/Release-iphoneos/ExpoLogBox.build/ExpoLogBox-all-non-framework-target-headers.hmap -ivfsoverlay /Users/runner/work/App/App/build/Build/Intermediates.noindex/Pods.build/Release-iphoneos/Pods-8699adb1dd336b26511df848a716bd42-VFS-iphoneos/all-product-headers.yaml -iquote /Users/runner/work/App/App/build/Build/Intermediates.noindex/Pods.build/Release-iphoneos/ExpoLogBox.build/ExpoLogBox-project-headers.hmap -I/Users/runner/work/App/App/build/Build/Products/Release-iphoneos/ExpoLogBox/include -I/Users/runner/work/App/App/ios/Pods/Headers/Public -I/Users/runner/work/App/App/ios/Pods/Headers/Public/React-Core -I/Users/runner/work/App/App/ios/Pods/Headers/Public/React-Core-prebuilt -I/Users/runner/work/App/App/ios/Pods/Headers/Public/React-callinvoker -I/Users/runner/work/App/App/ios/Pods/Headers/Public/React-cxxreact -I/Users/runner/work/App/App/ios/Pods/Headers/Public/React-debug -I/Users/runner/work/App/App/ios/Pods/Headers/Public/React-featureflags -I/Users/runner/work/App/App/ios/Pods/Headers/Public/React-hermes -I/Users/runner/work/App/App/ios/Pods/Headers/Public/React-jserrorhandler -I/Users/runner/work/App/App/ios/Pods/Headers/Public/React-jsi -I/Users/runner/work/App/App/ios/Pods/Headers/Public/React-jsiexecutor -I/Users/runner/work/App/App/ios/Pods/Headers/Public/React-jsinspector -I/Users/runner/work/App/App/ios/Pods/Headers/Public/React-jsinspectorcdp -I/Users/runner/work/App/App/ios/Pods/Headers/Public/React-jsinspectornetwork -I/Users/runner/work/App/App/ios/Pods/Headers/Public/React-jsinspectortracing -I/Users/runner/work/App/App/ios/Pods/Headers/Public/React-jsitooling -I/Users/runner/work/App/App/ios/Pods/Headers/Public/React-logger -I/Users/runner/work/App/App/ios/Pods/Headers/Public/React-oscompat -I/Users/runner/work/App/App/ios/Pods/Headers/Public/React-perflogger -I/Users/runner/work/App/App/ios/Pods/Headers/Public/React-performancetimeline -I/Users/runner/work/App/App/ios/Pods/Headers/Public/React-rendererconsistency -I/Users/runner/work/App/App/ios/Pods/Headers/Public/React-rendererdebug -I/Users/runner/work/App/App/ios/Pods/Headers/Public/React-runtimeexecutor -I/Users/runner/work/App/App/ios/Pods/Headers/Public/React-runtimescheduler -I/Users/runner/work/App/App/ios/Pods/Headers/Public/React-timing -I/Users/runner/work/App/App/ios/Pods/Headers/Public/React-utils -I/Users/runner/work/App/App/ios/Pods/Headers/Public/ReactCommon -I/Users/runner/work/App/App/ios/Pods/Headers/Public/ReactNativeDependencies -I/Users/runner/work/App/App/ios/Pods/Headers/Public/Yoga -I/Users/runner/work/App/App/ios/Pods/Headers/Public/hermes-engine -I/Users/runner/work/App/App/ios/Pods/ExpoModulesCore/ExpoModulesCore.xcframework/ios-arm64_x86_64-simulator/ExpoModulesCore.framework/Headers -I/Users/runner/work/App/App/ios/Pods/ExpoModulesCore/ExpoModulesCore.xcframework/ios-arm64/ExpoModulesCore.framework/Headers -I/Users/runner/work/App/App/ios/Pods/ExpoModulesCore/ExpoModulesCore.xcframework/ios-arm64_x86_64-simulator/ExpoModulesCore.framework/Headers -I/Users/runner/work/App/App/ios/Pods/ExpoModulesCore/ExpoModulesCore.xcframework/ios-arm64/ExpoModulesCore.framework/Headers -I/Users/runner/work/App/App/build/Build/Intermediates.noindex/Pods.build/Release-iphoneos/ExpoLogBox.build/DerivedSources-normal/arm64 -I/Users/runner/work/App/App/build/Build/Intermediates.noindex/Pods.build/Release-iphoneos/ExpoLogBox.build/DerivedSources/arm64 -I/Users/runner/work/App/App/build/Build/Intermediates.noindex/Pods.build/Release-iphoneos/ExpoLogBox.build/DerivedSources -F/Users/runner/work/App/App/build/Build/Products/Release-iphoneos/ExpoLogBox -F/Users/runner/work/App/App/ios/Pods/React-Core-prebuilt -F/Users/runner/work/App/App/ios/Pods/ReactNativeDependencies/framework/packages/react-native -F/Users/runner/work/App/App/ios/Pods/hermes-engine/destroot/Library/Frameworks/universal -F/Users/runner/work/App/App/build/Build/Products/Release-iphoneos/XCFrameworkIntermediates/React-Core-prebuilt -F/Users/runner/work/App/App/build/Build/Products/Release-iphoneos/XCFrameworkIntermediates/ReactNativeDependencies -F/Users/runner/work/App/App/build/Build/Products/Release-iphoneos/XCFrameworkIntermediates/hermes-engine/Pre-built '-DRCT_REMOVE_LEGACY_ARCH=1' -ivfsoverlay /Users/runner/work/App/App/ios/Pods/React-Core-prebuilt/React-VFS.yaml -DNDEBUG

WriteAuxiliaryFile /Users/runner/work/App/App/build/Build/Intermediates.noindex/Pods.build/Release-iphoneos/ExpoLogBox.build/Objects-normal/arm64/af3fcb34312c57c0f52879cdce924b91-common-args.resp (in target 'ExpoLogBox' from project 'Pods')
    cd /Users/runner/work/App/App/ios/Pods
    write-file /Users/runner/work/App/App/build/Build/Intermediates.noindex/Pods.build/Release-iphoneos/ExpoLogBox.build/Objects-normal/arm64/af3fcb34312c57c0f52879cdce924b91-common-args.resp
-target arm64-apple-ios16.4 '-std=c++20' '-stdlib=libc++' -fobjc-arc -fmodules -fno-cxx-modules '-fmodules-cache-path=/Users/runner/work/App/App/build/ModuleCache.noindex' -fpascal-strings -Os -fno-common '-DPOD_CONFIGURATION_RELEASE=1' '-DCOCOAPODS=1' '-DNS_BLOCK_ASSERTIONS=1' '-DOBJC_OLD_DISPATCH_PROTOTYPES=0' -isysroot /Applications/Xcode_26.3.app/Contents/Developer/Platforms/iPhoneOS.platform/Developer/SDKs/iPhoneOS26.2.sdk -g -iquote /Users/runner/work/App/App/build/Build/Intermediates.noindex/Pods.build/Release-iphoneos/ExpoLogBox.build/ExpoLogBox-generated-files.hmap -I/Users/runner/work/App/App/build/Build/Intermediates.noindex/Pods.build/Release-iphoneos/ExpoLogBox.build/ExpoLogBox-own-target-headers.hmap -I/Users/runner/work/App/App/build/Build/Intermediates.noindex/Pods.build/Release-iphoneos/ExpoLogBox.build/ExpoLogBox-all-non-framework-target-headers.hmap -ivfsoverlay /Users/runner/work/App/App/build/Build/Intermediates.noindex/Pods.build/Release-iphoneos/Pods-8699adb1dd336b26511df848a716bd42-VFS-iphoneos/all-product-headers.yaml -iquote /Users/runner/work/App/App/build/Build/Intermediates.noindex/Pods.build/Release-iphoneos/ExpoLogBox.build/ExpoLogBox-project-headers.hmap -I/Users/runner/work/App/App/build/Build/Products/Release-iphoneos/ExpoLogBox/include -I/Users/runner/work/App/App/ios/Pods/Headers/Public -I/Users/runner/work/App/App/ios/Pods/Headers/Public/React-Core -I/Users/runner/work/App/App/ios/Pods/Headers/Public/React-Core-prebuilt -I/Users/runner/work/App/App/ios/Pods/Headers/Public/React-callinvoker -I/Users/runner/work/App/App/ios/Pods/Headers/Public/React-cxxreact -I/Users/runner/work/App/App/ios/Pods/Headers/Public/React-debug -I/Users/runner/work/App/App/ios/Pods/Headers/Public/React-featureflags -I/Users/runner/work/App/App/ios/Pods/Headers/Public/React-hermes -I/Users/runner/work/App/App/ios/Pods/Headers/Public/React-jserrorhandler -I/Users/runner/work/App/App/ios/Pods/Headers/Public/React-jsi -I/Users/runner/work/App/App/ios/Pods/Headers/Public/React-jsiexecutor -I/Users/runner/work/App/App/ios/Pods/Headers/Public/React-jsinspector -I/Users/runner/work/App/App/ios/Pods/Headers/Public/React-jsinspectorcdp -I/Users/runner/work/App/App/ios/Pods/Headers/Public/React-jsinspectornetwork -I/Users/runner/work/App/App/ios/Pods/Headers/Public/React-jsinspectortracing -I/Users/runner/work/App/App/ios/Pods/Headers/Public/React-jsitooling -I/Users/runner/work/App/App/ios/Pods/Headers/Public/React-logger -I/Users/runner/work/App/App/ios/Pods/Headers/Public/React-oscompat -I/Users/runner/work/App/App/ios/Pods/Headers/Public/React-perflogger -I/Users/runner/work/App/App/ios/Pods/Headers/Public/React-performancetimeline -I/Users/runner/work/App/App/ios/Pods/Headers/Public/React-rendererconsistency -I/Users/runner/work/App/App/ios/Pods/Headers/Public/React-rendererdebug -I/Users/runner/work/App/App/ios/Pods/Headers/Public/React-runtimeexecutor -I/Users/runner/work/App/App/ios/Pods/Headers/Public/React-runtimescheduler -I/Users/runner/work/App/App/ios/Pods/Headers/Public/React-timing -I/Users/runner/work/App/App/ios/Pods/Headers/Public/React-utils -I/Users/runner/work/App/App/ios/Pods/Headers/Public/ReactCommon -I/Users/runner/work/App/App/ios/Pods/Headers/Public/ReactNativeDependencies -I/Users/runner/work/App/App/ios/Pods/Headers/Public/Yoga -I/Users/runner/work/App/App/ios/Pods/Headers/Public/hermes-engine -I/Users/runner/work/App/App/ios/Pods/ExpoModulesCore/ExpoModulesCore.xcframework/ios-arm64_x86_64-simulator/ExpoModulesCore.framework/Headers -I/Users/runner/work/App/App/ios/Pods/ExpoModulesCore/ExpoModulesCore.xcframework/ios-arm64/ExpoModulesCore.framework/Headers -I/Users/runner/work/App/App/ios/Pods/ExpoModulesCore/ExpoModulesCore.xcframework/ios-arm64_x86_64-simulator/ExpoModulesCore.framework/Headers -I/Users/runner/work/App/App/ios/Pods/ExpoModulesCore/ExpoModulesCore.xcframework/ios-arm64/ExpoModulesCore.framework/Headers -I/Users/runner/work/App/App/build/Build/Intermediates.noindex/Pods.build/Release-iphoneos/ExpoLogBox.build/DerivedSources-normal/arm64 -I/Users/runner/work/App/App/build/Build/Intermediates.noindex/Pods.build/Release-iphoneos/ExpoLogBox.build/DerivedSources/arm64 -I/Users/runner/work/App/App/build/Build/Intermediates.noindex/Pods.build/Release-iphoneos/ExpoLogBox.build/DerivedSources -F/Users/runner/work/App/App/build/Build/Products/Release-iphoneos/ExpoLogBox -F/Users/runner/work/App/App/ios/Pods/React-Core-prebuilt -F/Users/runner/work/App/App/ios/Pods/ReactNativeDependencies/framework/packages/react-native -F/Users/runner/work/App/App/ios/Pods/hermes-engine/destroot/Library/Frameworks/universal -F/Users/runner/work/App/App/build/Build/Products/Release-iphoneos/XCFrameworkIntermediates/React-Core-prebuilt -F/Users/runner/work/App/App/build/Build/Products/Release-iphoneos/XCFrameworkIntermediates/ReactNativeDependencies -F/Users/runner/work/App/App/build/Build/Products/Release-iphoneos/XCFrameworkIntermediates/hermes-engine/Pre-built '-DRCT_REMOVE_LEGACY_ARCH=1' -ivfsoverlay /Users/runner/work/App/App/ios/Pods/React-Core-prebuilt/React-VFS.yaml -DNDEBUG '-DRCT_REMOVE_LEGACY_ARCH=1' -ivfsoverlay /Users/runner/work/App/App/ios/Pods/React-Core-prebuilt/React-VFS.yaml -DNDEBUG

WriteAuxiliaryFile /Users/runner/work/App/App/build/Build/Intermediates.noindex/Pods.build/Release-iphoneos/ExpoLogBox.build/Objects-normal/arm64/ExpoLogBox_const_extract_protocols.json (in target 'ExpoLogBox' from project 'Pods')
    cd /Users/runner/work/App/App/ios/Pods
    write-file /Users/runner/work/App/App/build/Build/Intermediates.noindex/Pods.build/Release-iphoneos/ExpoLogBox.build/Objects-normal/arm64/ExpoLogBox_const_extract_protocols.json

WriteAuxiliaryFile /Users/runner/work/App/App/build/Build/Intermediates.noindex/Pods.build/Release-iphoneos/ExpoLogBox.build/Objects-normal/arm64/ExpoLogBox.SwiftFileList (in target 'ExpoLogBox' from project 'Pods')
    cd /Users/runner/work/App/App/ios/Pods
    write-file /Users/runner/work/App/App/build/Build/Intermediates.noindex/Pods.build/Release-iphoneos/ExpoLogBox.build/Objects-normal/arm64/ExpoLogBox.SwiftFileList

WriteAuxiliaryFile /Users/runner/work/App/App/build/Build/Intermediates.noindex/Pods.build/Release-iphoneos/ExpoLogBox.build/Objects-normal/arm64/ExpoLogBox.SwiftConstValuesFileList (in target 'ExpoLogBox' from project 'Pods')
    cd /Users/runner/work/App/App/ios/Pods
    write-file /Users/runner/work/App/App/build/Build/Intermediates.noindex/Pods.build/Release-iphoneos/ExpoLogBox.build/Objects-normal/arm64/ExpoLogBox.SwiftConstValuesFileList

WriteAuxiliaryFile /Users/runner/work/App/App/build/Build/Intermediates.noindex/Pods.build/Release-iphoneos/ExpoLogBox.build/Objects-normal/arm64/ExpoLogBox.LinkFileList (in target 'ExpoLogBox' from project 'Pods')
    cd /Users/runner/work/App/App/ios/Pods
    write-file /Users/runner/work/App/App/build/Build/Intermediates.noindex/Pods.build/Release-iphoneos/ExpoLogBox.build/Objects-normal/arm64/ExpoLogBox.LinkFileList

WriteAuxiliaryFile /Users/runner/work/App/App/build/Build/Intermediates.noindex/Pods.build/Release-iphoneos/ExpoLogBox.build/Objects-normal/arm64/ExpoLogBox-OutputFileMap.json (in target 'ExpoLogBox' from project 'Pods')
    cd /Users/runner/work/App/App/ios/Pods
    write-file /Users/runner/work/App/App/build/Build/Intermediates.noindex/Pods.build/Release-iphoneos/ExpoLogBox.build/Objects-normal/arm64/ExpoLogBox-OutputFileMap.json

WriteAuxiliaryFile /Users/runner/work/App/App/build/Build/Intermediates.noindex/Pods.build/Release-iphoneos/ExpoLogBox.build/ExpoLogBox.hmap (in target 'ExpoLogBox' from project 'Pods')
    cd /Users/runner/work/App/App/ios/Pods
    write-file /Users/runner/work/App/App/build/Build/Intermediates.noindex/Pods.build/Release-iphoneos/ExpoLogBox.build/ExpoLogBox.hmap

WriteAuxiliaryFile /Users/runner/work/App/App/build/Build/Intermediates.noindex/Pods.build/Release-iphoneos/ExpoLogBox.build/ExpoLogBox.DependencyStaticMetadataFileList (in target 'ExpoLogBox' from project 'Pods')
    cd /Users/runner/work/App/App/ios/Pods
    write-file /Users/runner/work/App/App/build/Build/Intermediates.noindex/Pods.build/Release-iphoneos/ExpoLogBox.build/ExpoLogBox.DependencyStaticMetadataFileList

WriteAuxiliaryFile /Users/runner/work/App/App/build/Build/Intermediates.noindex/Pods.build/Release-iphoneos/ExpoLogBox.build/ExpoLogBox.DependencyMetadataFileList (in target 'ExpoLogBox' from project 'Pods')
    cd /Users/runner/work/App/App/ios/Pods
    write-file /Users/runner/work/App/App/build/Build/Intermediates.noindex/Pods.build/Release-iphoneos/ExpoLogBox.build/ExpoLogBox.DependencyMetadataFileList

WriteAuxiliaryFile /Users/runner/work/App/App/build/Build/Intermediates.noindex/Pods.build/Release-iphoneos/ExpoLogBox.build/ExpoLogBox-project-headers.hmap (in target 'ExpoLogBox' from project 'Pods')
    cd /Users/runner/work/App/App/ios/Pods
    write-file /Users/runner/work/App/App/build/Build/Intermediates.noindex/Pods.build/Release-iphoneos/ExpoLogBox.build/ExpoLogBox-project-headers.hmap

WriteAuxiliaryFile /Users/runner/work/App/App/build/Build/Intermediates.noindex/Pods.build/Release-iphoneos/ExpoLogBox.build/ExpoLogBox-own-target-headers.hmap (in target 'ExpoLogBox' from project 'Pods')
    cd /Users/runner/work/App/App/ios/Pods
    write-file /Users/runner/work/App/App/build/Build/Intermediates.noindex/Pods.build/Release-iphoneos/ExpoLogBox.build/ExpoLogBox-own-target-headers.hmap

WriteAuxiliaryFile /Users/runner/work/App/App/build/Build/Intermediates.noindex/Pods.build/Release-iphoneos/ExpoLogBox.build/ExpoLogBox-generated-files.hmap (in target 'ExpoLogBox' from project 'Pods')
    cd /Users/runner/work/App/App/ios/Pods
    write-file /Users/runner/work/App/App/build/Build/Intermediates.noindex/Pods.build/Release-iphoneos/ExpoLogBox.build/ExpoLogBox-generated-files.hmap

WriteAuxiliaryFile /Users/runner/work/App/App/build/Build/Intermediates.noindex/Pods.build/Release-iphoneos/ExpoLogBox.build/ExpoLogBox-all-target-headers.hmap (in target 'ExpoLogBox' from project 'Pods')
    cd /Users/runner/work/App/App/ios/Pods
    write-file /Users/runner/work/App/App/build/Build/Intermediates.noindex/Pods.build/Release-iphoneos/ExpoLogBox.build/ExpoLogBox-all-target-headers.hmap

WriteAuxiliaryFile /Users/runner/work/App/App/build/Build/Intermediates.noindex/Pods.build/Release-iphoneos/ExpoLogBox.build/ExpoLogBox-all-non-framework-target-headers.hmap (in target 'ExpoLogBox' from project 'Pods')
    cd /Users/runner/work/App/App/ios/Pods
    write-file /Users/runner/work/App/App/build/Build/Intermediates.noindex/Pods.build/Release-iphoneos/ExpoLogBox.build/ExpoLogBox-all-non-framework-target-headers.hmap

WriteAuxiliaryFile /Users/runner/work/App/App/build/Build/Intermediates.noindex/Pods.build/Release-iphoneos/ExpoKeepAwake.build/Script-46EB2E00012C40.sh (in target 'ExpoKeepAwake' from project 'Pods')
    cd /Users/runner/work/App/App/ios/Pods
    write-file /Users/runner/work/App/App/build/Build/Intermediates.noindex/Pods.build/Release-iphoneos/ExpoKeepAwake.build/Script-46EB2E00012C40.sh

WriteAuxiliaryFile /Users/runner/work/App/App/build/Build/Intermediates.noindex/Pods.build/Release-iphoneos/ExpoKeepAwake.build/Objects-normal/arm64/e6072d4f65d7061329687fe24e3d63a7-common-args.resp (in target 'ExpoKeepAwake' from project 'Pods')
    cd /Users/runner/work/App/App/ios/Pods
    write-file /Users/runner/work/App/App/build/Build/Intermediates.noindex/Pods.build/Release-iphoneos/ExpoKeepAwake.build/Objects-normal/arm64/e6072d4f65d7061329687fe24e3d63a7-common-args.resp
-target arm64-apple-ios16.4 '-std=gnu11' -fobjc-arc -fmodules '-fmodules-cache-path=/Users/runner/work/App/App/build/ModuleCache.noindex' '-fmodule-name=ExpoKeepAwake' -fpascal-strings -Os -fno-common '-DPOD_CONFIGURATION_RELEASE=1' '-DCOCOAPODS=1' '-DNS_BLOCK_ASSERTIONS=1' '-DOBJC_OLD_DISPATCH_PROTOTYPES=0' -isysroot /Applications/Xcode_26.3.app/Contents/Developer/Platforms/iPhoneOS.platform/Developer/SDKs/iPhoneOS26.2.sdk -g -iquote /Users/runner/work/App/App/build/Build/Intermediates.noindex/Pods.build/Release-iphoneos/ExpoKeepAwake.build/ExpoKeepAwake-generated-files.hmap -I/Users/runner/work/App/App/build/Build/Intermediates.noindex/Pods.build/Release-iphoneos/ExpoKeepAwake.build/ExpoKeepAwake-own-target-headers.hmap -I/Users/runner/work/App/App/build/Build/Intermediates.noindex/Pods.build/Release-iphoneos/ExpoKeepAwake.build/ExpoKeepAwake-all-non-framework-target-headers.hmap -ivfsoverlay /Users/runner/work/App/App/build/Build/Intermediates.noindex/Pods.build/Release-iphoneos/Pods-8699adb1dd336b26511df848a716bd42-VFS-iphoneos/all-product-headers.yaml -iquote /Users/runner/work/App/App/build/Build/Intermediates.noindex/Pods.build/Release-iphoneos/ExpoKeepAwake.build/ExpoKeepAwake-project-headers.hmap -I/Users/runner/work/App/App/build/Build/Products/Release-iphoneos/ExpoKeepAwake/include -I/Users/runner/work/App/App/ios/Pods/Headers/Public -I/Users/runner/work/App/App/ios/Pods/Headers/Public/FBLazyVector -I/Users/runner/work/App/App/ios/Pods/Headers/Public/RCTRequired -I/Users/runner/work/App/App/ios/Pods/Headers/Public/RCTSwiftUIWrapper -I/Users/runner/work/App/App/ios/Pods/Headers/Public/RCTTypeSafety -I/Users/runner/work/App/App/ios/Pods/Headers/Public/React-Core -I/Users/runner/work/App/App/ios/Pods/Headers/Public/React-Core-prebuilt -I/Users/runner/work/App/App/ios/Pods/Headers/Public/React-CoreModules -I/Users/runner/work/App/App/ios/Pods/Headers/Public/React-Fabric -I/Users/runner/work/App/App/ios/Pods/Headers/Public/React-FabricComponents -I/Users/runner/work/App/App/ios/Pods/Headers/Public/React-FabricImage -I/Users/runner/work/App/App/ios/Pods/Headers/Public/React-ImageManager -I/Users/runner/work/App/App/ios/Pods/Headers/Public/React-Mapbuffer -I/Users/runner/work/App/App/ios/Pods/Headers/Public/React-NativeModulesApple -I/Users/runner/work/App/App/ios/Pods/Headers/Public/React-RCTAnimation -I/Users/runner/work/App/App/ios/Pods/Headers/Public/React-RCTBlob -I/Users/runner/work/App/App/ios/Pods/Headers/Public/React-RCTFBReactNativeSpec -I/Users/runner/work/App/App/ios/Pods/Headers/Public/React-RCTFabric -I/Users/runner/work/App/App/ios/Pods/Headers/Public/React-RCTImage -I/Users/runner/work/App/App/ios/Pods/Headers/Public/React-RCTRuntime -I/Users/runner/work/App/App/ios/Pods/Headers/Public/React-RCTText -I/Users/runner/work/App/App/ios/Pods/Headers/Public/React-RuntimeApple -I/Users/runner/work/App/App/ios/Pods/Headers/Public/React-RuntimeCore -I/Users/runner/work/App/App/ios/Pods/Headers/Public/React-RuntimeHermes -I/Users/runner/work/App/App/ios/Pods/Headers/Public/React-callinvoker -I/Users/runner/work/App/App/ios/Pods/Headers/Public/React-cxxreact -I/Users/runner/work/App/App/ios/Pods/Headers/Public/React-debug -I/Users/runner/work/App/App/ios/Pods/Headers/Public/React-defaultsnativemodule -I/Users/runner/work/App/App/ios/Pods/Headers/Public/React-domnativemodule -I/Users/runner/work/App/App/ios/Pods/Headers/Public/React-featureflags -I/Users/runner/work/App/App/ios/Pods/Headers/Public/React-featureflagsnativemodule -I/Users/runner/work/App/App/ios/Pods/Headers/Public/React-graphics -I/Users/runner/work/App/App/ios/Pods/Headers/Public/React-hermes -I/Users/runner/work/App/App/ios/Pods/Headers/Public/React-idlecallbacksnativemodule -I/Users/runner/work/App/App/ios/Pods/Headers/Public/React-intersectionobservernativemodule -I/Users/runner/work/App/App/ios/Pods/Headers/Public/React-jserrorhandler -I/Users/runner/work/App/App/ios/Pods/Headers/Public/React-jsi -I/Users/runner/work/App/App/ios/Pods/Headers/Public/React-jsiexecutor -I/Users/runner/work/App/App/ios/Pods/Headers/Public/React-jsinspector -I/Users/runner/work/App/App/ios/Pods/Headers/Public/React-jsinspectorcdp -I/Users/runner/work/App/App/ios/Pods/Headers/Public/React-jsinspectornetwork -I/Users/runner/work/App/App/ios/Pods/Headers/Public/React-jsinspectortracing -I/Users/runner/work/App/App/ios/Pods/Headers/Public/React-jsitooling -I/Users/runner/work/App/App/ios/Pods/Headers/Public/React-logger -I/Users/runner/work/App/App/ios/Pods/Headers/Public/React-microtasksnativemodule -I/Users/runner/work/App/App/ios/Pods/Headers/Public/React-mutationobservernativemodule -I/Users/runner/work/App/App/ios/Pods/Headers/Public/React-networking -I/Users/runner/work/App/App/ios/Pods/Headers/Public/React-oscompat -I/Users/runner/work/App/App/ios/Pods/Headers/Public/React-perflogger -I/Users/runner/work/App/App/ios/Pods/Headers/Public/React-performancecdpmetrics -I/Users/runner/work/App/App/ios/Pods/Headers/Public/React-performancetimeline -I/Users/runner/work/App/App/ios/Pods/Headers/Public/React-rendererconsistency -I/Users/runner/work/App/App/ios/Pods/Headers/Public/React-renderercss -I/Users/runner/work/App/App/ios/Pods/Headers/Public/React-rendererdebug -I/Users/runner/work/App/App/ios/Pods/Headers/Public/React-runtimeexecutor -I/Users/runner/work/App/App/ios/Pods/Headers/Public/React-runtimescheduler -I/Users/runner/work/App/App/ios/Pods/Headers/Public/React-timing -I/Users/runner/work/App/App/ios/Pods/Headers/Public/React-utils -I/Users/runner/work/App/App/ios/Pods/Headers/Public/React-viewtransitionnativemodule -I/Users/runner/work/App/App/ios/Pods/Headers/Public/React-webperformancenativemodule -I/Users/runner/work/App/App/ios/Pods/Headers/Public/ReactCodegen -I/Users/runner/work/App/App/ios/Pods/Headers/Public/ReactCommon -I/Users/runner/work/App/App/ios/Pods/Headers/Public/ReactNativeDependencies -I/Users/runner/work/App/App/ios/Pods/Headers/Public/Yoga -I/Users/runner/work/App/App/ios/Pods/Headers/Public/hermes-engine -I/Users/runner/work/App/App/ios/Pods/ExpoModulesCore/ExpoModulesCore.xcframework/ios-arm64_x86_64-simulator/ExpoModulesCore.framework/Headers -I/Users/runner/work/App/App/ios/Pods/ExpoModulesCore/ExpoModulesCore.xcframework/ios-arm64/ExpoModulesCore.framework/Headers -I/Users/runner/work/App/App/ios/Pods/ExpoModulesCore/ExpoModulesCore.xcframework/ios-arm64_x86_64-simulator/ExpoModulesCore.framework/Headers -I/Users/runner/work/App/App/ios/Pods/ExpoModulesCore/ExpoModulesCore.xcframework/ios-arm64/ExpoModulesCore.framework/Headers -I/Users/runner/work/App/App/build/Build/Intermediates.noindex/Pods.build/Release-iphoneos/ExpoKeepAwake.build/DerivedSources-normal/arm64 -I/Users/runner/work/App/App/build/Build/Intermediates.noindex/Pods.build/Release-iphoneos/ExpoKeepAwake.build/DerivedSources/arm64 -I/Users/runner/work/App/App/build/Build/Intermediates.noindex/Pods.build/Release-iphoneos/ExpoKeepAwake.build/DerivedSources -F/Users/runner/work/App/App/build/Build/Products/Release-iphoneos/ExpoKeepAwake -F/Users/runner/work/App/App/node_modules/expo-modules-jsi/apple/Products -F/Users/runner/work/App/App/ios/Pods/ExpoModulesCore -F/Users/runner/work/App/App/ios/Pods/React-Core-prebuilt -F/Users/runner/work/App/App/ios/Pods/ReactNativeDependencies/framework/packages/react-native -F/Users/runner/work/App/App/ios/Pods/hermes-engine/destroot/Library/Frameworks/universal -F/Users/runner/work/App/App/build/Build/Products/Release-iphoneos/XCFrameworkIntermediates/ExpoModulesCore -F/Users/runner/work/App/App/build/Build/Products/Release-iphoneos/XCFrameworkIntermediates/ExpoModulesJSI -F/Users/runner/work/App/App/build/Build/Products/Release-iphoneos/XCFrameworkIntermediates/React-Core-prebuilt -F/Users/runner/work/App/App/build/Build/Products/Release-iphoneos/XCFrameworkIntermediates/ReactNativeDependencies -F/Users/runner/work/App/App/build/Build/Products/Release-iphoneos/XCFrameworkIntermediates/hermes-engine/Pre-built '-DRCT_REMOVE_LEGACY_ARCH=1' '-fmodule-map-file=/Users/runner/work/App/App/ios/Pods/Headers/Public/ReactCodegen/ReactCodegen.modulemap' -DNDEBUG

WriteAuxiliaryFile /Users/runner/work/App/App/build/Build/Intermediates.noindex/Pods.build/Release-iphoneos/ExpoKeepAwake.build/Objects-normal/arm64/ExpoKeepAwake_const_extract_protocols.json (in target 'ExpoKeepAwake' from project 'Pods')
    cd /Users/runner/work/App/App/ios/Pods
    write-file /Users/runner/work/App/App/build/Build/Intermediates.noindex/Pods.build/Release-iphoneos/ExpoKeepAwake.build/Objects-normal/arm64/ExpoKeepAwake_const_extract_protocols.json

WriteAuxiliaryFile /Users/runner/work/App/App/build/Build/Intermediates.noindex/Pods.build/Release-iphoneos/ExpoKeepAwake.build/Objects-normal/arm64/ExpoKeepAwake.SwiftFileList (in target 'ExpoKeepAwake' from project 'Pods')
    cd /Users/runner/work/App/App/ios/Pods
    write-file /Users/runner/work/App/App/build/Build/Intermediates.noindex/Pods.build/Release-iphoneos/ExpoKeepAwake.build/Objects-normal/arm64/ExpoKeepAwake.SwiftFileList

WriteAuxiliaryFile /Users/runner/work/App/App/build/Build/Intermediates.noindex/Pods.build/Release-iphoneos/ExpoKeepAwake.build/Objects-normal/arm64/ExpoKeepAwake.SwiftConstValuesFileList (in target 'ExpoKeepAwake' from project 'Pods')
    cd /Users/runner/work/App/App/ios/Pods
    write-file /Users/runner/work/App/App/build/Build/Intermediates.noindex/Pods.build/Release-iphoneos/ExpoKeepAwake.build/Objects-normal/arm64/ExpoKeepAwake.SwiftConstValuesFileList

WriteAuxiliaryFile /Users/runner/work/App/App/build/Build/Intermediates.noindex/Pods.build/Release-iphoneos/ExpoKeepAwake.build/Objects-normal/arm64/ExpoKeepAwake.LinkFileList (in target 'ExpoKeepAwake' from project 'Pods')
    cd /Users/runner/work/App/App/ios/Pods
    write-file /Users/runner/work/App/App/build/Build/Intermediates.noindex/Pods.build/Release-iphoneos/ExpoKeepAwake.build/Objects-normal/arm64/ExpoKeepAwake.LinkFileList

WriteAuxiliaryFile /Users/runner/work/App/App/build/Build/Intermediates.noindex/Pods.build/Release-iphoneos/ExpoKeepAwake.build/Objects-normal/arm64/ExpoKeepAwake-OutputFileMap.json (in target 'ExpoKeepAwake' from project 'Pods')
    cd /Users/runner/work/App/App/ios/Pods
    write-file /Users/runner/work/App/App/build/Build/Intermediates.noindex/Pods.build/Release-iphoneos/ExpoKeepAwake.build/Objects-normal/arm64/ExpoKeepAwake-OutputFileMap.json

WriteAuxiliaryFile /Users/runner/work/App/App/build/Build/Intermediates.noindex/Pods.build/Release-iphoneos/ExpoKeepAwake.build/ExpoKeepAwake.hmap (in target 'ExpoKeepAwake' from project 'Pods')
    cd /Users/runner/work/App/App/ios/Pods
    write-file /Users/runner/work/App/App/build/Build/Intermediates.noindex/Pods.build/Release-iphoneos/ExpoKeepAwake.build/ExpoKeepAwake.hmap

WriteAuxiliaryFile /Users/runner/work/App/App/build/Build/Intermediates.noindex/Pods.build/Release-iphoneos/ExpoKeepAwake.build/ExpoKeepAwake.DependencyStaticMetadataFileList (in target 'ExpoKeepAwake' from project 'Pods')
    cd /Users/runner/work/App/App/ios/Pods
    write-file /Users/runner/work/App/App/build/Build/Intermediates.noindex/Pods.build/Release-iphoneos/ExpoKeepAwake.build/ExpoKeepAwake.DependencyStaticMetadataFileList

WriteAuxiliaryFile /Users/runner/work/App/App/build/Build/Intermediates.noindex/Pods.build/Release-iphoneos/ExpoKeepAwake.build/ExpoKeepAwake.DependencyMetadataFileList (in target 'ExpoKeepAwake' from project 'Pods')
    cd /Users/runner/work/App/App/ios/Pods
    write-file /Users/runner/work/App/App/build/Build/Intermediates.noindex/Pods.build/Release-iphoneos/ExpoKeepAwake.build/ExpoKeepAwake.DependencyMetadataFileList

WriteAuxiliaryFile /Users/runner/work/App/App/build/Build/Intermediates.noindex/Pods.build/Release-iphoneos/ExpoKeepAwake.build/ExpoKeepAwake-project-headers.hmap (in target 'ExpoKeepAwake' from project 'Pods')
    cd /Users/runner/work/App/App/ios/Pods
    write-file /Users/runner/work/App/App/build/Build/Intermediates.noindex/Pods.build/Release-iphoneos/ExpoKeepAwake.build/ExpoKeepAwake-project-headers.hmap

WriteAuxiliaryFile /Users/runner/work/App/App/build/Build/Intermediates.noindex/Pods.build/Release-iphoneos/ExpoKeepAwake.build/ExpoKeepAwake-own-target-headers.hmap (in target 'ExpoKeepAwake' from project 'Pods')
    cd /Users/runner/work/App/App/ios/Pods
    write-file /Users/runner/work/App/App/build/Build/Intermediates.noindex/Pods.build/Release-iphoneos/ExpoKeepAwake.build/ExpoKeepAwake-own-target-headers.hmap

WriteAuxiliaryFile /Users/runner/work/App/App/build/Build/Intermediates.noindex/Pods.build/Release-iphoneos/ExpoKeepAwake.build/ExpoKeepAwake-generated-files.hmap (in target 'ExpoKeepAwake' from project 'Pods')
    cd /Users/runner/work/App/App/ios/Pods
    write-file /Users/runner/work/App/App/build/Build/Intermediates.noindex/Pods.build/Release-iphoneos/ExpoKeepAwake.build/ExpoKeepAwake-generated-files.hmap

WriteAuxiliaryFile /Users/runner/work/App/App/build/Build/Intermediates.noindex/Pods.build/Release-iphoneos/ExpoKeepAwake.build/ExpoKeepAwake-all-target-headers.hmap (in target 'ExpoKeepAwake' from project 'Pods')
    cd /Users/runner/work/App/App/ios/Pods
    write-file /Users/runner/work/App/App/build/Build/Intermediates.noindex/Pods.build/Release-iphoneos/ExpoKeepAwake.build/ExpoKeepAwake-all-target-headers.hmap

WriteAuxiliaryFile /Users/runner/work/App/App/build/Build/Intermediates.noindex/Pods.build/Release-iphoneos/ExpoKeepAwake.build/ExpoKeepAwake-all-non-framework-target-headers.hmap (in target 'ExpoKeepAwake' from project 'Pods')
    cd /Users/runner/work/App/App/ios/Pods
    write-file /Users/runner/work/App/App/build/Build/Intermediates.noindex/Pods.build/Release-iphoneos/ExpoKeepAwake.build/ExpoKeepAwake-all-non-framework-target-headers.hmap

WriteAuxiliaryFile /Users/runner/work/App/App/build/Build/Intermediates.noindex/Pods.build/Release-iphoneos/ExpoFileSystem-ExpoFileSystem_privacy.build/ExpoFileSystem_privacy.hmap (in target 'ExpoFileSystem-ExpoFileSystem_privacy' from project 'Pods')
    cd /Users/runner/work/App/App/ios/Pods
    write-file /Users/runner/work/App/App/build/Build/Intermediates.noindex/Pods.build/Release-iphoneos/ExpoFileSystem-ExpoFileSystem_privacy.build/ExpoFileSystem_privacy.hmap

WriteAuxiliaryFile /Users/runner/work/App/App/build/Build/Intermediates.noindex/Pods.build/Release-iphoneos/ExpoFileSystem-ExpoFileSystem_privacy.build/ExpoFileSystem_privacy.DependencyStaticMetadataFileList (in target 'ExpoFileSystem-ExpoFileSystem_privacy' from project 'Pods')
    cd /Users/runner/work/App/App/ios/Pods
    write-file /Users/runner/work/App/App/build/Build/Intermediates.noindex/Pods.build/Release-iphoneos/ExpoFileSystem-ExpoFileSystem_privacy.build/ExpoFileSystem_privacy.DependencyStaticMetadataFileList

WriteAuxiliaryFile /Users/runner/work/App/App/build/Build/Intermediates.noindex/Pods.build/Release-iphoneos/ExpoFileSystem-ExpoFileSystem_privacy.build/ExpoFileSystem_privacy.DependencyMetadataFileList (in target 'ExpoFileSystem-ExpoFileSystem_privacy' from project 'Pods')
    cd /Users/runner/work/App/App/ios/Pods
    write-file /Users/runner/work/App/App/build/Build/Intermediates.noindex/Pods.build/Release-iphoneos/ExpoFileSystem-ExpoFileSystem_privacy.build/ExpoFileSystem_privacy.DependencyMetadataFileList

WriteAuxiliaryFile /Users/runner/work/App/App/build/Build/Intermediates.noindex/Pods.build/Release-iphoneos/ExpoFileSystem-ExpoFileSystem_privacy.build/ExpoFileSystem_privacy-project-headers.hmap (in target 'ExpoFileSystem-ExpoFileSystem_privacy' from project 'Pods')
    cd /Users/runner/work/App/App/ios/Pods
    write-file /Users/runner/work/App/App/build/Build/Intermediates.noindex/Pods.build/Release-iphoneos/ExpoFileSystem-ExpoFileSystem_privacy.build/ExpoFileSystem_privacy-project-headers.hmap

WriteAuxiliaryFile /Users/runner/work/App/App/build/Build/Intermediates.noindex/Pods.build/Release-iphoneos/ExpoFileSystem-ExpoFileSystem_privacy.build/ExpoFileSystem_privacy-own-target-headers.hmap (in target 'ExpoFileSystem-ExpoFileSystem_privacy' from project 'Pods')
    cd /Users/runner/work/App/App/ios/Pods
    write-file /Users/runner/work/App/App/build/Build/Intermediates.noindex/Pods.build/Release-iphoneos/ExpoFileSystem-ExpoFileSystem_privacy.build/ExpoFileSystem_privacy-own-target-headers.hmap

WriteAuxiliaryFile /Users/runner/work/App/App/build/Build/Intermediates.noindex/Pods.build/Release-iphoneos/ExpoFileSystem-ExpoFileSystem_privacy.build/ExpoFileSystem_privacy-generated-files.hmap (in target 'ExpoFileSystem-ExpoFileSystem_privacy' from project 'Pods')
    cd /Users/runner/work/App/App/ios/Pods
    write-file /Users/runner/work/App/App/build/Build/Intermediates.noindex/Pods.build/Release-iphoneos/ExpoFileSystem-ExpoFileSystem_privacy.build/ExpoFileSystem_privacy-generated-files.hmap

WriteAuxiliaryFile /Users/runner/work/App/App/build/Build/Intermediates.noindex/Pods.build/Release-iphoneos/ExpoFileSystem-ExpoFileSystem_privacy.build/ExpoFileSystem_privacy-all-target-headers.hmap (in target 'ExpoFileSystem-ExpoFileSystem_privacy' from project 'Pods')
    cd /Users/runner/work/App/App/ios/Pods
    write-file /Users/runner/work/App/App/build/Build/Intermediates.noindex/Pods.build/Release-iphoneos/ExpoFileSystem-ExpoFileSystem_privacy.build/ExpoFileSystem_privacy-all-target-headers.hmap

WriteAuxiliaryFile /Users/runner/work/App/App/build/Build/Intermediates.noindex/Pods.build/Release-iphoneos/ExpoFileSystem-ExpoFileSystem_privacy.build/ExpoFileSystem_privacy-all-non-framework-target-headers.hmap (in target 'ExpoFileSystem-ExpoFileSystem_privacy' from project 'Pods')
    cd /Users/runner/work/App/App/ios/Pods
    write-file /Users/runner/work/App/App/build/Build/Intermediates.noindex/Pods.build/Release-iphoneos/ExpoFileSystem-ExpoFileSystem_privacy.build/ExpoFileSystem_privacy-all-non-framework-target-headers.hmap

WriteAuxiliaryFile /Users/runner/work/App/App/build/Build/Intermediates.noindex/Pods.build/Release-iphoneos/ExpoDomWebView.build/Script-46EB2E00012980.sh (in target 'ExpoDomWebView' from project 'Pods')
    cd /Users/runner/work/App/App/ios/Pods
    write-file /Users/runner/work/App/App/build/Build/Intermediates.noindex/Pods.build/Release-iphoneos/ExpoDomWebView.build/Script-46EB2E00012980.sh

WriteAuxiliaryFile /Users/runner/work/App/App/build/Build/Intermediates.noindex/Pods.build/Release-iphoneos/ExpoDomWebView.build/Objects-normal/arm64/e6072d4f65d7061329687fe24e3d63a7-common-args.resp (in target 'ExpoDomWebView' from project 'Pods')
    cd /Users/runner/work/App/App/ios/Pods
    write-file /Users/runner/work/App/App/build/Build/Intermediates.noindex/Pods.build/Release-iphoneos/ExpoDomWebView.build/Objects-normal/arm64/e6072d4f65d7061329687fe24e3d63a7-common-args.resp
-target arm64-apple-ios16.4 '-std=gnu11' -fobjc-arc -fmodules '-fmodules-cache-path=/Users/runner/work/App/App/build/ModuleCache.noindex' '-fmodule-name=ExpoDomWebView' -fpascal-strings -Os -fno-common '-DPOD_CONFIGURATION_RELEASE=1' '-DCOCOAPODS=1' '-DNS_BLOCK_ASSERTIONS=1' '-DOBJC_OLD_DISPATCH_PROTOTYPES=0' -isysroot /Applications/Xcode_26.3.app/Contents/Developer/Platforms/iPhoneOS.platform/Developer/SDKs/iPhoneOS26.2.sdk -g -iquote /Users/runner/work/App/App/build/Build/Intermediates.noindex/Pods.build/Release-iphoneos/ExpoDomWebView.build/ExpoDomWebView-generated-files.hmap -I/Users/runner/work/App/App/build/Build/Intermediates.noindex/Pods.build/Release-iphoneos/ExpoDomWebView.build/ExpoDomWebView-own-target-headers.hmap -I/Users/runner/work/App/App/build/Build/Intermediates.noindex/Pods.build/Release-iphoneos/ExpoDomWebView.build/ExpoDomWebView-all-non-framework-target-headers.hmap -ivfsoverlay /Users/runner/work/App/App/build/Build/Intermediates.noindex/Pods.build/Release-iphoneos/Pods-8699adb1dd336b26511df848a716bd42-VFS-iphoneos/all-product-headers.yaml -iquote /Users/runner/work/App/App/build/Build/Intermediates.noindex/Pods.build/Release-iphoneos/ExpoDomWebView.build/ExpoDomWebView-project-headers.hmap -I/Users/runner/work/App/App/build/Build/Products/Release-iphoneos/ExpoDomWebView/include -I/Users/runner/work/App/App/ios/Pods/Headers/Public -I/Users/runner/work/App/App/ios/Pods/Headers/Public/FBLazyVector -I/Users/runner/work/App/App/ios/Pods/Headers/Public/RCTRequired -I/Users/runner/work/App/App/ios/Pods/Headers/Public/RCTSwiftUIWrapper -I/Users/runner/work/App/App/ios/Pods/Headers/Public/RCTTypeSafety -I/Users/runner/work/App/App/ios/Pods/Headers/Public/React-Core -I/Users/runner/work/App/App/ios/Pods/Headers/Public/React-Core-prebuilt -I/Users/runner/work/App/App/ios/Pods/Headers/Public/React-CoreModules -I/Users/runner/work/App/App/ios/Pods/Headers/Public/React-Fabric -I/Users/runner/work/App/App/ios/Pods/Headers/Public/React-FabricComponents -I/Users/runner/work/App/App/ios/Pods/Headers/Public/React-FabricImage -I/Users/runner/work/App/App/ios/Pods/Headers/Public/React-ImageManager -I/Users/runner/work/App/App/ios/Pods/Headers/Public/React-Mapbuffer -I/Users/runner/work/App/App/ios/Pods/Headers/Public/React-NativeModulesApple -I/Users/runner/work/App/App/ios/Pods/Headers/Public/React-RCTAnimation -I/Users/runner/work/App/App/ios/Pods/Headers/Public/React-RCTBlob -I/Users/runner/work/App/App/ios/Pods/Headers/Public/React-RCTFBReactNativeSpec -I/Users/runner/work/App/App/ios/Pods/Headers/Public/React-RCTFabric -I/Users/runner/work/App/App/ios/Pods/Headers/Public/React-RCTImage -I/Users/runner/work/App/App/ios/Pods/Headers/Public/React-RCTRuntime -I/Users/runner/work/App/App/ios/Pods/Headers/Public/React-RCTText -I/Users/runner/work/App/App/ios/Pods/Headers/Public/React-RuntimeApple -I/Users/runner/work/App/App/ios/Pods/Headers/Public/React-RuntimeCore -I/Users/runner/work/App/App/ios/Pods/Headers/Public/React-RuntimeHermes -I/Users/runner/work/App/App/ios/Pods/Headers/Public/React-callinvoker -I/Users/runner/work/App/App/ios/Pods/Headers/Public/React-cxxreact -I/Users/runner/work/App/App/ios/Pods/Headers/Public/React-debug -I/Users/runner/work/App/App/ios/Pods/Headers/Public/React-defaultsnativemodule -I/Users/runner/work/App/App/ios/Pods/Headers/Public/React-domnativemodule -I/Users/runner/work/App/App/ios/Pods/Headers/Public/React-featureflags -I/Users/runner/work/App/App/ios/Pods/Headers/Public/React-featureflagsnativemodule -I/Users/runner/work/App/App/ios/Pods/Headers/Public/React-graphics -I/Users/runner/work/App/App/ios/Pods/Headers/Public/React-hermes -I/Users/runner/work/App/App/ios/Pods/Headers/Public/React-idlecallbacksnativemodule -I/Users/runner/work/App/App/ios/Pods/Headers/Public/React-intersectionobservernativemodule -I/Users/runner/work/App/App/ios/Pods/Headers/Public/React-jserrorhandler -I/Users/runner/work/App/App/ios/Pods/Headers/Public/React-jsi -I/Users/runner/work/App/App/ios/Pods/Headers/Public/React-jsiexecutor -I/Users/runner/work/App/App/ios/Pods/Headers/Public/React-jsinspector -I/Users/runner/work/App/App/ios/Pods/Headers/Public/React-jsinspectorcdp -I/Users/runner/work/App/App/ios/Pods/Headers/Public/React-jsinspectornetwork -I/Users/runner/work/App/App/ios/Pods/Headers/Public/React-jsinspectortracing -I/Users/runner/work/App/App/ios/Pods/Headers/Public/React-jsitooling -I/Users/runner/work/App/App/ios/Pods/Headers/Public/React-logger -I/Users/runner/work/App/App/ios/Pods/Headers/Public/React-microtasksnativemodule -I/Users/runner/work/App/App/ios/Pods/Headers/Public/React-mutationobservernativemodule -I/Users/runner/work/App/App/ios/Pods/Headers/Public/React-networking -I/Users/runner/work/App/App/ios/Pods/Headers/Public/React-oscompat -I/Users/runner/work/App/App/ios/Pods/Headers/Public/React-perflogger -I/Users/runner/work/App/App/ios/Pods/Headers/Public/React-performancecdpmetrics -I/Users/runner/work/App/App/ios/Pods/Headers/Public/React-performancetimeline -I/Users/runner/work/App/App/ios/Pods/Headers/Public/React-rendererconsistency -I/Users/runner/work/App/App/ios/Pods/Headers/Public/React-renderercss -I/Users/runner/work/App/App/ios/Pods/Headers/Public/React-rendererdebug -I/Users/runner/work/App/App/ios/Pods/Headers/Public/React-runtimeexecutor -I/Users/runner/work/App/App/ios/Pods/Headers/Public/React-runtimescheduler -I/Users/runner/work/App/App/ios/Pods/Headers/Public/React-timing -I/Users/runner/work/App/App/ios/Pods/Headers/Public/React-utils -I/Users/runner/work/App/App/ios/Pods/Headers/Public/React-viewtransitionnativemodule -I/Users/runner/work/App/App/ios/Pods/Headers/Public/React-webperformancenativemodule -I/Users/runner/work/App/App/ios/Pods/Headers/Public/ReactCodegen -I/Users/runner/work/App/App/ios/Pods/Headers/Public/ReactCommon -I/Users/runner/work/App/App/ios/Pods/Headers/Public/ReactNativeDependencies -I/Users/runner/work/App/App/ios/Pods/Headers/Public/Yoga -I/Users/runner/work/App/App/ios/Pods/Headers/Public/hermes-engine -I/Users/runner/work/App/App/ios/Pods/ExpoModulesCore/ExpoModulesCore.xcframework/ios-arm64_x86_64-simulator/ExpoModulesCore.framework/Headers -I/Users/runner/work/App/App/ios/Pods/ExpoModulesCore/ExpoModulesCore.xcframework/ios-arm64/ExpoModulesCore.framework/Headers -I/Users/runner/work/App/App/ios/Pods/ExpoModulesCore/ExpoModulesCore.xcframework/ios-arm64_x86_64-simulator/ExpoModulesCore.framework/Headers -I/Users/runner/work/App/App/ios/Pods/ExpoModulesCore/ExpoModulesCore.xcframework/ios-arm64/ExpoModulesCore.framework/Headers -I/Users/runner/work/App/App/build/Build/Intermediates.noindex/Pods.build/Release-iphoneos/ExpoDomWebView.build/DerivedSources-normal/arm64 -I/Users/runner/work/App/App/build/Build/Intermediates.noindex/Pods.build/Release-iphoneos/ExpoDomWebView.build/DerivedSources/arm64 -I/Users/runner/work/App/App/build/Build/Intermediates.noindex/Pods.build/Release-iphoneos/ExpoDomWebView.build/DerivedSources -F/Users/runner/work/App/App/build/Build/Products/Release-iphoneos/ExpoDomWebView -F/Users/runner/work/App/App/node_modules/expo-modules-jsi/apple/Products -F/Users/runner/work/App/App/ios/Pods/ExpoModulesCore -F/Users/runner/work/App/App/ios/Pods/React-Core-prebuilt -F/Users/runner/work/App/App/ios/Pods/ReactNativeDependencies/framework/packages/react-native -F/Users/runner/work/App/App/ios/Pods/hermes-engine/destroot/Library/Frameworks/universal -F/Users/runner/work/App/App/build/Build/Products/Release-iphoneos/XCFrameworkIntermediates/ExpoModulesCore -F/Users/runner/work/App/App/build/Build/Products/Release-iphoneos/XCFrameworkIntermediates/ExpoModulesJSI -F/Users/runner/work/App/App/build/Build/Products/Release-iphoneos/XCFrameworkIntermediates/React-Core-prebuilt -F/Users/runner/work/App/App/build/Build/Products/Release-iphoneos/XCFrameworkIntermediates/ReactNativeDependencies -F/Users/runner/work/App/App/build/Build/Products/Release-iphoneos/XCFrameworkIntermediates/hermes-engine/Pre-built '-DRCT_REMOVE_LEGACY_ARCH=1' '-fmodule-map-file=/Users/runner/work/App/App/ios/Pods/Headers/Public/ReactCodegen/ReactCodegen.modulemap' -DNDEBUG

WriteAuxiliaryFile /Users/runner/work/App/App/build/Build/Intermediates.noindex/Pods.build/Release-iphoneos/ExpoDomWebView.build/Objects-normal/arm64/ExpoDomWebView_const_extract_protocols.json (in target 'ExpoDomWebView' from project 'Pods')
    cd /Users/runner/work/App/App/ios/Pods
    write-file /Users/runner/work/App/App/build/Build/Intermediates.noindex/Pods.build/Release-iphoneos/ExpoDomWebView.build/Objects-normal/arm64/ExpoDomWebView_const_extract_protocols.json

WriteAuxiliaryFile /Users/runner/work/App/App/build/Build/Intermediates.noindex/Pods.build/Release-iphoneos/ExpoDomWebView.build/Objects-normal/arm64/ExpoDomWebView.SwiftFileList (in target 'ExpoDomWebView' from project 'Pods')
    cd /Users/runner/work/App/App/ios/Pods
    write-file /Users/runner/work/App/App/build/Build/Intermediates.noindex/Pods.build/Release-iphoneos/ExpoDomWebView.build/Objects-normal/arm64/ExpoDomWebView.SwiftFileList

WriteAuxiliaryFile /Users/runner/work/App/App/build/Build/Intermediates.noindex/Pods.build/Release-iphoneos/ExpoDomWebView.build/Objects-normal/arm64/ExpoDomWebView.SwiftConstValuesFileList (in target 'ExpoDomWebView' from project 'Pods')
    cd /Users/runner/work/App/App/ios/Pods
    write-file /Users/runner/work/App/App/build/Build/Intermediates.noindex/Pods.build/Release-iphoneos/ExpoDomWebView.build/Objects-normal/arm64/ExpoDomWebView.SwiftConstValuesFileList

WriteAuxiliaryFile /Users/runner/work/App/App/build/Build/Intermediates.noindex/Pods.build/Release-iphoneos/ExpoDomWebView.build/Objects-normal/arm64/ExpoDomWebView.LinkFileList (in target 'ExpoDomWebView' from project 'Pods')
    cd /Users/runner/work/App/App/ios/Pods
    write-file /Users/runner/work/App/App/build/Build/Intermediates.noindex/Pods.build/Release-iphoneos/ExpoDomWebView.build/Objects-normal/arm64/ExpoDomWebView.LinkFileList

WriteAuxiliaryFile /Users/runner/work/App/App/build/Build/Intermediates.noindex/Pods.build/Release-iphoneos/ExpoDomWebView.build/Objects-normal/arm64/ExpoDomWebView-OutputFileMap.json (in target 'ExpoDomWebView' from project 'Pods')
    cd /Users/runner/work/App/App/ios/Pods
    write-file /Users/runner/work/App/App/build/Build/Intermediates.noindex/Pods.build/Release-iphoneos/ExpoDomWebView.build/Objects-normal/arm64/ExpoDomWebView-OutputFileMap.json

WriteAuxiliaryFile /Users/runner/work/App/App/build/Build/Intermediates.noindex/Pods.build/Release-iphoneos/ExpoDomWebView.build/ExpoDomWebView.hmap (in target 'ExpoDomWebView' from project 'Pods')
    cd /Users/runner/work/App/App/ios/Pods
    write-file /Users/runner/work/App/App/build/Build/Intermediates.noindex/Pods.build/Release-iphoneos/ExpoDomWebView.build/ExpoDomWebView.hmap

WriteAuxiliaryFile /Users/runner/work/App/App/build/Build/Intermediates.noindex/Pods.build/Release-iphoneos/ExpoDomWebView.build/ExpoDomWebView.DependencyStaticMetadataFileList (in target 'ExpoDomWebView' from project 'Pods')
    cd /Users/runner/work/App/App/ios/Pods
    write-file /Users/runner/work/App/App/build/Build/Intermediates.noindex/Pods.build/Release-iphoneos/ExpoDomWebView.build/ExpoDomWebView.DependencyStaticMetadataFileList

WriteAuxiliaryFile /Users/runner/work/App/App/build/Build/Intermediates.noindex/Pods.build/Release-iphoneos/ExpoDomWebView.build/ExpoDomWebView.DependencyMetadataFileList (in target 'ExpoDomWebView' from project 'Pods')
    cd /Users/runner/work/App/App/ios/Pods
    write-file /Users/runner/work/App/App/build/Build/Intermediates.noindex/Pods.build/Release-iphoneos/ExpoDomWebView.build/ExpoDomWebView.DependencyMetadataFileList

WriteAuxiliaryFile /Users/runner/work/App/App/build/Build/Intermediates.noindex/Pods.build/Release-iphoneos/ExpoDomWebView.build/ExpoDomWebView-project-headers.hmap (in target 'ExpoDomWebView' from project 'Pods')
    cd /Users/runner/work/App/App/ios/Pods
    write-file /Users/runner/work/App/App/build/Build/Intermediates.noindex/Pods.build/Release-iphoneos/ExpoDomWebView.build/ExpoDomWebView-project-headers.hmap

WriteAuxiliaryFile /Users/runner/work/App/App/build/Build/Intermediates.noindex/Pods.build/Release-iphoneos/ExpoDomWebView.build/ExpoDomWebView-own-target-headers.hmap (in target 'ExpoDomWebView' from project 'Pods')
    cd /Users/runner/work/App/App/ios/Pods
    write-file /Users/runner/work/App/App/build/Build/Intermediates.noindex/Pods.build/Release-iphoneos/ExpoDomWebView.build/ExpoDomWebView-own-target-headers.hmap

WriteAuxiliaryFile /Users/runner/work/App/App/build/Build/Intermediates.noindex/Pods.build/Release-iphoneos/ExpoDomWebView.build/ExpoDomWebView-generated-files.hmap (in target 'ExpoDomWebView' from project 'Pods')
    cd /Users/runner/work/App/App/ios/Pods
    write-file /Users/runner/work/App/App/build/Build/Intermediates.noindex/Pods.build/Release-iphoneos/ExpoDomWebView.build/ExpoDomWebView-generated-files.hmap

WriteAuxiliaryFile /Users/runner/work/App/App/build/Build/Intermediates.noindex/Pods.build/Release-iphoneos/ExpoDomWebView.build/ExpoDomWebView-all-target-headers.hmap (in target 'ExpoDomWebView' from project 'Pods')
    cd /Users/runner/work/App/App/ios/Pods
    write-file /Users/runner/work/App/App/build/Build/Intermediates.noindex/Pods.build/Release-iphoneos/ExpoDomWebView.build/ExpoDomWebView-all-target-headers.hmap

WriteAuxiliaryFile /Users/runner/work/App/App/build/Build/Intermediates.noindex/Pods.build/Release-iphoneos/ExpoDomWebView.build/ExpoDomWebView-all-non-framework-target-headers.hmap (in target 'ExpoDomWebView' from project 'Pods')
    cd /Users/runner/work/App/App/ios/Pods
    write-file /Users/runner/work/App/App/build/Build/Intermediates.noindex/Pods.build/Release-iphoneos/ExpoDomWebView.build/ExpoDomWebView-all-non-framework-target-headers.hmap

WriteAuxiliaryFile /Users/runner/work/App/App/build/Build/Intermediates.noindex/Pods.build/Release-iphoneos/ExpoAsset.build/Script-46EB2E000127E0.sh (in target 'ExpoAsset' from project 'Pods')
    cd /Users/runner/work/App/App/ios/Pods
    write-file /Users/runner/work/App/App/build/Build/Intermediates.noindex/Pods.build/Release-iphoneos/ExpoAsset.build/Script-46EB2E000127E0.sh

WriteAuxiliaryFile /Users/runner/work/App/App/build/Build/Intermediates.noindex/Pods.build/Release-iphoneos/ExpoAsset.build/Objects-normal/arm64/e6072d4f65d7061329687fe24e3d63a7-common-args.resp (in target 'ExpoAsset' from project 'Pods')
    cd /Users/runner/work/App/App/ios/Pods
    write-file /Users/runner/work/App/App/build/Build/Intermediates.noindex/Pods.build/Release-iphoneos/ExpoAsset.build/Objects-normal/arm64/e6072d4f65d7061329687fe24e3d63a7-common-args.resp
-target arm64-apple-ios16.4 '-std=gnu11' -fobjc-arc -fmodules '-fmodules-cache-path=/Users/runner/work/App/App/build/ModuleCache.noindex' '-fmodule-name=ExpoAsset' -fpascal-strings -Os -fno-common '-DPOD_CONFIGURATION_RELEASE=1' '-DCOCOAPODS=1' '-DNS_BLOCK_ASSERTIONS=1' '-DOBJC_OLD_DISPATCH_PROTOTYPES=0' -isysroot /Applications/Xcode_26.3.app/Contents/Developer/Platforms/iPhoneOS.platform/Developer/SDKs/iPhoneOS26.2.sdk -g -iquote /Users/runner/work/App/App/build/Build/Intermediates.noindex/Pods.build/Release-iphoneos/ExpoAsset.build/ExpoAsset-generated-files.hmap -I/Users/runner/work/App/App/build/Build/Intermediates.noindex/Pods.build/Release-iphoneos/ExpoAsset.build/ExpoAsset-own-target-headers.hmap -I/Users/runner/work/App/App/build/Build/Intermediates.noindex/Pods.build/Release-iphoneos/ExpoAsset.build/ExpoAsset-all-non-framework-target-headers.hmap -ivfsoverlay /Users/runner/work/App/App/build/Build/Intermediates.noindex/Pods.build/Release-iphoneos/Pods-8699adb1dd336b26511df848a716bd42-VFS-iphoneos/all-product-headers.yaml -iquote /Users/runner/work/App/App/build/Build/Intermediates.noindex/Pods.build/Release-iphoneos/ExpoAsset.build/ExpoAsset-project-headers.hmap -I/Users/runner/work/App/App/build/Build/Products/Release-iphoneos/ExpoAsset/include -I/Users/runner/work/App/App/ios/Pods/Headers/Public -I/Users/runner/work/App/App/ios/Pods/Headers/Public/FBLazyVector -I/Users/runner/work/App/App/ios/Pods/Headers/Public/RCTRequired -I/Users/runner/work/App/App/ios/Pods/Headers/Public/RCTSwiftUIWrapper -I/Users/runner/work/App/App/ios/Pods/Headers/Public/RCTTypeSafety -I/Users/runner/work/App/App/ios/Pods/Headers/Public/React-Core -I/Users/runner/work/App/App/ios/Pods/Headers/Public/React-Core-prebuilt -I/Users/runner/work/App/App/ios/Pods/Headers/Public/React-CoreModules -I/Users/runner/work/App/App/ios/Pods/Headers/Public/React-Fabric -I/Users/runner/work/App/App/ios/Pods/Headers/Public/React-FabricComponents -I/Users/runner/work/App/App/ios/Pods/Headers/Public/React-FabricImage -I/Users/runner/work/App/App/ios/Pods/Headers/Public/React-ImageManager -I/Users/runner/work/App/App/ios/Pods/Headers/Public/React-Mapbuffer -I/Users/runner/work/App/App/ios/Pods/Headers/Public/React-NativeModulesApple -I/Users/runner/work/App/App/ios/Pods/Headers/Public/React-RCTAnimation -I/Users/runner/work/App/App/ios/Pods/Headers/Public/React-RCTBlob -I/Users/runner/work/App/App/ios/Pods/Headers/Public/React-RCTFBReactNativeSpec -I/Users/runner/work/App/App/ios/Pods/Headers/Public/React-RCTFabric -I/Users/runner/work/App/App/ios/Pods/Headers/Public/React-RCTImage -I/Users/runner/work/App/App/ios/Pods/Headers/Public/React-RCTRuntime -I/Users/runner/work/App/App/ios/Pods/Headers/Public/React-RCTText -I/Users/runner/work/App/App/ios/Pods/Headers/Public/React-RuntimeApple -I/Users/runner/work/App/App/ios/Pods/Headers/Public/React-RuntimeCore -I/Users/runner/work/App/App/ios/Pods/Headers/Public/React-RuntimeHermes -I/Users/runner/work/App/App/ios/Pods/Headers/Public/React-callinvoker -I/Users/runner/work/App/App/ios/Pods/Headers/Public/React-cxxreact -I/Users/runner/work/App/App/ios/Pods/Headers/Public/React-debug -I/Users/runner/work/App/App/ios/Pods/Headers/Public/React-defaultsnativemodule -I/Users/runner/work/App/App/ios/Pods/Headers/Public/React-domnativemodule -I/Users/runner/work/App/App/ios/Pods/Headers/Public/React-featureflags -I/Users/runner/work/App/App/ios/Pods/Headers/Public/React-featureflagsnativemodule -I/Users/runner/work/App/App/ios/Pods/Headers/Public/React-graphics -I/Users/runner/work/App/App/ios/Pods/Headers/Public/React-hermes -I/Users/runner/work/App/App/ios/Pods/Headers/Public/React-idlecallbacksnativemodule -I/Users/runner/work/App/App/ios/Pods/Headers/Public/React-intersectionobservernativemodule -I/Users/runner/work/App/App/ios/Pods/Headers/Public/React-jserrorhandler -I/Users/runner/work/App/App/ios/Pods/Headers/Public/React-jsi -I/Users/runner/work/App/App/ios/Pods/Headers/Public/React-jsiexecutor -I/Users/runner/work/App/App/ios/Pods/Headers/Public/React-jsinspector -I/Users/runner/work/App/App/ios/Pods/Headers/Public/React-jsinspectorcdp -I/Users/runner/work/App/App/ios/Pods/Headers/Public/React-jsinspectornetwork -I/Users/runner/work/App/App/ios/Pods/Headers/Public/React-jsinspectortracing -I/Users/runner/work/App/App/ios/Pods/Headers/Public/React-jsitooling -I/Users/runner/work/App/App/ios/Pods/Headers/Public/React-logger -I/Users/runner/work/App/App/ios/Pods/Headers/Public/React-microtasksnativemodule -I/Users/runner/work/App/App/ios/Pods/Headers/Public/React-mutationobservernativemodule -I/Users/runner/work/App/App/ios/Pods/Headers/Public/React-networking -I/Users/runner/work/App/App/ios/Pods/Headers/Public/React-oscompat -I/Users/runner/work/App/App/ios/Pods/Headers/Public/React-perflogger -I/Users/runner/work/App/App/ios/Pods/Headers/Public/React-performancecdpmetrics -I/Users/runner/work/App/App/ios/Pods/Headers/Public/React-performancetimeline -I/Users/runner/work/App/App/ios/Pods/Headers/Public/React-rendererconsistency -I/Users/runner/work/App/App/ios/Pods/Headers/Public/React-renderercss -I/Users/runner/work/App/App/ios/Pods/Headers/Public/React-rendererdebug -I/Users/runner/work/App/App/ios/Pods/Headers/Public/React-runtimeexecutor -I/Users/runner/work/App/App/ios/Pods/Headers/Public/React-runtimescheduler -I/Users/runner/work/App/App/ios/Pods/Headers/Public/React-timing -I/Users/runner/work/App/App/ios/Pods/Headers/Public/React-utils -I/Users/runner/work/App/App/ios/Pods/Headers/Public/React-viewtransitionnativemodule -I/Users/runner/work/App/App/ios/Pods/Headers/Public/React-webperformancenativemodule -I/Users/runner/work/App/App/ios/Pods/Headers/Public/ReactCodegen -I/Users/runner/work/App/App/ios/Pods/Headers/Public/ReactCommon -I/Users/runner/work/App/App/ios/Pods/Headers/Public/ReactNativeDependencies -I/Users/runner/work/App/App/ios/Pods/Headers/Public/Yoga -I/Users/runner/work/App/App/ios/Pods/Headers/Public/hermes-engine -I/Users/runner/work/App/App/ios/Pods/ExpoModulesCore/ExpoModulesCore.xcframework/ios-arm64_x86_64-simulator/ExpoModulesCore.framework/Headers -I/Users/runner/work/App/App/ios/Pods/ExpoModulesCore/ExpoModulesCore.xcframework/ios-arm64/ExpoModulesCore.framework/Headers -I/Users/runner/work/App/App/ios/Pods/ExpoModulesCore/ExpoModulesCore.xcframework/ios-arm64_x86_64-simulator/ExpoModulesCore.framework/Headers -I/Users/runner/work/App/App/ios/Pods/ExpoModulesCore/ExpoModulesCore.xcframework/ios-arm64/ExpoModulesCore.framework/Headers -I/Users/runner/work/App/App/build/Build/Intermediates.noindex/Pods.build/Release-iphoneos/ExpoAsset.build/DerivedSources-normal/arm64 -I/Users/runner/work/App/App/build/Build/Intermediates.noindex/Pods.build/Release-iphoneos/ExpoAsset.build/DerivedSources/arm64 -I/Users/runner/work/App/App/build/Build/Intermediates.noindex/Pods.build/Release-iphoneos/ExpoAsset.build/DerivedSources -F/Users/runner/work/App/App/build/Build/Products/Release-iphoneos/ExpoAsset -F/Users/runner/work/App/App/node_modules/expo-modules-jsi/apple/Products -F/Users/runner/work/App/App/ios/Pods/ExpoModulesCore -F/Users/runner/work/App/App/ios/Pods/React-Core-prebuilt -F/Users/runner/work/App/App/ios/Pods/ReactNativeDependencies/framework/packages/react-native -F/Users/runner/work/App/App/ios/Pods/hermes-engine/destroot/Library/Frameworks/universal -F/Users/runner/work/App/App/build/Build/Products/Release-iphoneos/XCFrameworkIntermediates/ExpoModulesCore -F/Users/runner/work/App/App/build/Build/Products/Release-iphoneos/XCFrameworkIntermediates/ExpoModulesJSI -F/Users/runner/work/App/App/build/Build/Products/Release-iphoneos/XCFrameworkIntermediates/React-Core-prebuilt -F/Users/runner/work/App/App/build/Build/Products/Release-iphoneos/XCFrameworkIntermediates/ReactNativeDependencies -F/Users/runner/work/App/App/build/Build/Products/Release-iphoneos/XCFrameworkIntermediates/hermes-engine/Pre-built '-DRCT_REMOVE_LEGACY_ARCH=1' '-fmodule-map-file=/Users/runner/work/App/App/ios/Pods/Headers/Public/ReactCodegen/ReactCodegen.modulemap' -DNDEBUG

WriteAuxiliaryFile /Users/runner/work/App/App/build/Build/Intermediates.noindex/Pods.build/Release-iphoneos/ExpoAsset.build/Objects-normal/arm64/ExpoAsset_const_extract_protocols.json (in target 'ExpoAsset' from project 'Pods')
    cd /Users/runner/work/App/App/ios/Pods
    write-file /Users/runner/work/App/App/build/Build/Intermediates.noindex/Pods.build/Release-iphoneos/ExpoAsset.build/Objects-normal/arm64/ExpoAsset_const_extract_protocols.json

WriteAuxiliaryFile /Users/runner/work/App/App/build/Build/Intermediates.noindex/Pods.build/Release-iphoneos/ExpoAsset.build/Objects-normal/arm64/ExpoAsset.SwiftFileList (in target 'ExpoAsset' from project 'Pods')
    cd /Users/runner/work/App/App/ios/Pods
    write-file /Users/runner/work/App/App/build/Build/Intermediates.noindex/Pods.build/Release-iphoneos/ExpoAsset.build/Objects-normal/arm64/ExpoAsset.SwiftFileList

WriteAuxiliaryFile /Users/runner/work/App/App/build/Build/Intermediates.noindex/Pods.build/Release-iphoneos/ExpoAsset.build/Objects-normal/arm64/ExpoAsset.SwiftConstValuesFileList (in target 'ExpoAsset' from project 'Pods')
    cd /Users/runner/work/App/App/ios/Pods
    write-file /Users/runner/work/App/App/build/Build/Intermediates.noindex/Pods.build/Release-iphoneos/ExpoAsset.build/Objects-normal/arm64/ExpoAsset.SwiftConstValuesFileList

WriteAuxiliaryFile /Users/runner/work/App/App/build/Build/Intermediates.noindex/Pods.build/Release-iphoneos/ExpoAsset.build/Objects-normal/arm64/ExpoAsset.LinkFileList (in target 'ExpoAsset' from project 'Pods')
    cd /Users/runner/work/App/App/ios/Pods
    write-file /Users/runner/work/App/App/build/Build/Intermediates.noindex/Pods.build/Release-iphoneos/ExpoAsset.build/Objects-normal/arm64/ExpoAsset.LinkFileList

WriteAuxiliaryFile /Users/runner/work/App/App/build/Build/Intermediates.noindex/Pods.build/Release-iphoneos/ExpoAsset.build/Objects-normal/arm64/ExpoAsset-OutputFileMap.json (in target 'ExpoAsset' from project 'Pods')
    cd /Users/runner/work/App/App/ios/Pods
    write-file /Users/runner/work/App/App/build/Build/Intermediates.noindex/Pods.build/Release-iphoneos/ExpoAsset.build/Objects-normal/arm64/ExpoAsset-OutputFileMap.json

WriteAuxiliaryFile /Users/runner/work/App/App/build/Build/Intermediates.noindex/Pods.build/Release-iphoneos/ExpoAsset.build/ExpoAsset.hmap (in target 'ExpoAsset' from project 'Pods')
    cd /Users/runner/work/App/App/ios/Pods
    write-file /Users/runner/work/App/App/build/Build/Intermediates.noindex/Pods.build/Release-iphoneos/ExpoAsset.build/ExpoAsset.hmap

WriteAuxiliaryFile /Users/runner/work/App/App/build/Build/Intermediates.noindex/Pods.build/Release-iphoneos/ExpoAsset.build/ExpoAsset.DependencyStaticMetadataFileList (in target 'ExpoAsset' from project 'Pods')
    cd /Users/runner/work/App/App/ios/Pods
    write-file /Users/runner/work/App/App/build/Build/Intermediates.noindex/Pods.build/Release-iphoneos/ExpoAsset.build/ExpoAsset.DependencyStaticMetadataFileList

WriteAuxiliaryFile /Users/runner/work/App/App/build/Build/Intermediates.noindex/Pods.build/Release-iphoneos/ExpoAsset.build/ExpoAsset.DependencyMetadataFileList (in target 'ExpoAsset' from project 'Pods')
    cd /Users/runner/work/App/App/ios/Pods
    write-file /Users/runner/work/App/App/build/Build/Intermediates.noindex/Pods.build/Release-iphoneos/ExpoAsset.build/ExpoAsset.DependencyMetadataFileList

WriteAuxiliaryFile /Users/runner/work/App/App/build/Build/Intermediates.noindex/Pods.build/Release-iphoneos/ExpoAsset.build/ExpoAsset-project-headers.hmap (in target 'ExpoAsset' from project 'Pods')
    cd /Users/runner/work/App/App/ios/Pods
    write-file /Users/runner/work/App/App/build/Build/Intermediates.noindex/Pods.build/Release-iphoneos/ExpoAsset.build/ExpoAsset-project-headers.hmap

WriteAuxiliaryFile /Users/runner/work/App/App/build/Build/Intermediates.noindex/Pods.build/Release-iphoneos/ExpoAsset.build/ExpoAsset-own-target-headers.hmap (in target 'ExpoAsset' from project 'Pods')
    cd /Users/runner/work/App/App/ios/Pods
    write-file /Users/runner/work/App/App/build/Build/Intermediates.noindex/Pods.build/Release-iphoneos/ExpoAsset.build/ExpoAsset-own-target-headers.hmap

WriteAuxiliaryFile /Users/runner/work/App/App/build/Build/Intermediates.noindex/Pods.build/Release-iphoneos/ExpoAsset.build/ExpoAsset-generated-files.hmap (in target 'ExpoAsset' from project 'Pods')
    cd /Users/runner/work/App/App/ios/Pods
    write-file /Users/runner/work/App/App/build/Build/Intermediates.noindex/Pods.build/Release-iphoneos/ExpoAsset.build/ExpoAsset-generated-files.hmap

WriteAuxiliaryFile /Users/runner/work/App/App/build/Build/Intermediates.noindex/Pods.build/Release-iphoneos/ExpoAsset.build/ExpoAsset-all-target-headers.hmap (in target 'ExpoAsset' from project 'Pods')
    cd /Users/runner/work/App/App/ios/Pods
    write-file /Users/runner/work/App/App/build/Build/Intermediates.noindex/Pods.build/Release-iphoneos/ExpoAsset.build/ExpoAsset-all-target-headers.hmap

WriteAuxiliaryFile /Users/runner/work/App/App/build/Build/Intermediates.noindex/Pods.build/Release-iphoneos/ExpoAsset.build/ExpoAsset-all-non-framework-target-headers.hmap (in target 'ExpoAsset' from project 'Pods')
    cd /Users/runner/work/App/App/ios/Pods
    write-file /Users/runner/work/App/App/build/Build/Intermediates.noindex/Pods.build/Release-iphoneos/ExpoAsset.build/ExpoAsset-all-non-framework-target-headers.hmap

WriteAuxiliaryFile /Users/runner/work/App/App/build/Build/Intermediates.noindex/Pods.build/Release-iphoneos/Expo.build/Script-46EB2E000126B0.sh (in target 'Expo' from project 'Pods')
    cd /Users/runner/work/App/App/ios/Pods
    write-file /Users/runner/work/App/App/build/Build/Intermediates.noindex/Pods.build/Release-iphoneos/Expo.build/Script-46EB2E000126B0.sh

WriteAuxiliaryFile /Users/runner/work/App/App/build/Build/Intermediates.noindex/Pods.build/Release-iphoneos/Expo.build/Objects-normal/arm64/e6072d4f65d7061329687fe24e3d63a7-common-args.resp (in target 'Expo' from project 'Pods')
    cd /Users/runner/work/App/App/ios/Pods
    write-file /Users/runner/work/App/App/build/Build/Intermediates.noindex/Pods.build/Release-iphoneos/Expo.build/Objects-normal/arm64/e6072d4f65d7061329687fe24e3d63a7-common-args.resp
-target arm64-apple-ios16.4 '-std=gnu11' -fobjc-arc -fmodules '-fmodules-cache-path=/Users/runner/work/App/App/build/ModuleCache.noindex' -fpascal-strings -Os -fno-common '-DPOD_CONFIGURATION_RELEASE=1' '-DCOCOAPODS=1' '-DNS_BLOCK_ASSERTIONS=1' '-DOBJC_OLD_DISPATCH_PROTOTYPES=0' -isysroot /Applications/Xcode_26.3.app/Contents/Developer/Platforms/iPhoneOS.platform/Developer/SDKs/iPhoneOS26.2.sdk -g -iquote /Users/runner/work/App/App/build/Build/Intermediates.noindex/Pods.build/Release-iphoneos/Expo.build/Expo-generated-files.hmap -I/Users/runner/work/App/App/build/Build/Intermediates.noindex/Pods.build/Release-iphoneos/Expo.build/Expo-own-target-headers.hmap -I/Users/runner/work/App/App/build/Build/Intermediates.noindex/Pods.build/Release-iphoneos/Expo.build/Expo-all-non-framework-target-headers.hmap -ivfsoverlay /Users/runner/work/App/App/build/Build/Intermediates.noindex/Pods.build/Release-iphoneos/Pods-8699adb1dd336b26511df848a716bd42-VFS-iphoneos/all-product-headers.yaml -iquote /Users/runner/work/App/App/build/Build/Intermediates.noindex/Pods.build/Release-iphoneos/Expo.build/Expo-project-headers.hmap -I/Users/runner/work/App/App/build/Build/Products/Release-iphoneos/Expo/include -I/Users/runner/work/App/App/ios/Pods/Headers/Private -I/Users/runner/work/App/App/ios/Pods/Headers/Private/Expo -I/Users/runner/work/App/App/ios/Pods/Headers/Public -I/Users/runner/work/App/App/ios/Pods/Headers/Public/Expo -I/Users/runner/work/App/App/ios/Pods/Headers/Public/FBLazyVector -I/Users/runner/work/App/App/ios/Pods/Headers/Public/RCTRequired -I/Users/runner/work/App/App/ios/Pods/Headers/Public/RCTSwiftUIWrapper -I/Users/runner/work/App/App/ios/Pods/Headers/Public/RCTTypeSafety -I/Users/runner/work/App/App/ios/Pods/Headers/Public/React-Core -I/Users/runner/work/App/App/ios/Pods/Headers/Public/React-Core-prebuilt -I/Users/runner/work/App/App/ios/Pods/Headers/Public/React-CoreModules -I/Users/runner/work/App/App/ios/Pods/Headers/Public/React-Fabric -I/Users/runner/work/App/App/ios/Pods/Headers/Public/React-FabricComponents -I/Users/runner/work/App/App/ios/Pods/Headers/Public/React-FabricImage -I/Users/runner/work/App/App/ios/Pods/Headers/Public/React-ImageManager -I/Users/runner/work/App/App/ios/Pods/Headers/Public/React-Mapbuffer -I/Users/runner/work/App/App/ios/Pods/Headers/Public/React-NativeModulesApple -I/Users/runner/work/App/App/ios/Pods/Headers/Public/React-RCTAnimation -I/Users/runner/work/App/App/ios/Pods/Headers/Public/React-RCTBlob -I/Users/runner/work/App/App/ios/Pods/Headers/Public/React-RCTFBReactNativeSpec -I/Users/runner/work/App/App/ios/Pods/Headers/Public/React-RCTFabric -I/Users/runner/work/App/App/ios/Pods/Headers/Public/React-RCTImage -I/Users/runner/work/App/App/ios/Pods/Headers/Public/React-RCTRuntime -I/Users/runner/work/App/App/ios/Pods/Headers/Public/React-RCTText -I/Users/runner/work/App/App/ios/Pods/Headers/Public/React-RuntimeApple -I/Users/runner/work/App/App/ios/Pods/Headers/Public/React-RuntimeCore -I/Users/runner/work/App/App/ios/Pods/Headers/Public/React-RuntimeHermes -I/Users/runner/work/App/App/ios/Pods/Headers/Public/React-callinvoker -I/Users/runner/work/App/App/ios/Pods/Headers/Public/React-cxxreact -I/Users/runner/work/App/App/ios/Pods/Headers/Public/React-debug -I/Users/runner/work/App/App/ios/Pods/Headers/Public/React-defaultsnativemodule -I/Users/runner/work/App/App/ios/Pods/Headers/Public/React-domnativemodule -I/Users/runner/work/App/App/ios/Pods/Headers/Public/React-featureflags -I/Users/runner/work/App/App/ios/Pods/Headers/Public/React-featureflagsnativemodule -I/Users/runner/work/App/App/ios/Pods/Headers/Public/React-graphics -I/Users/runner/work/App/App/ios/Pods/Headers/Public/React-hermes -I/Users/runner/work/App/App/ios/Pods/Headers/Public/React-idlecallbacksnativemodule -I/Users/runner/work/App/App/ios/Pods/Headers/Public/React-intersectionobservernativemodule -I/Users/runner/work/App/App/ios/Pods/Headers/Public/React-jserrorhandler -I/Users/runner/work/App/App/ios/Pods/Headers/Public/React-jsi -I/Users/runner/work/App/App/ios/Pods/Headers/Public/React-jsiexecutor -I/Users/runner/work/App/App/ios/Pods/Headers/Public/React-jsinspector -I/Users/runner/work/App/App/ios/Pods/Headers/Public/React-jsinspectorcdp -I/Users/runner/work/App/App/ios/Pods/Headers/Public/React-jsinspectornetwork -I/Users/runner/work/App/App/ios/Pods/Headers/Public/React-jsinspectortracing -I/Users/runner/work/App/App/ios/Pods/Headers/Public/React-jsitooling -I/Users/runner/work/App/App/ios/Pods/Headers/Public/React-logger -I/Users/runner/work/App/App/ios/Pods/Headers/Public/React-microtasksnativemodule -I/Users/runner/work/App/App/ios/Pods/Headers/Public/React-mutationobservernativemodule -I/Users/runner/work/App/App/ios/Pods/Headers/Public/React-networking -I/Users/runner/work/App/App/ios/Pods/Headers/Public/React-oscompat -I/Users/runner/work/App/App/ios/Pods/Headers/Public/React-perflogger -I/Users/runner/work/App/App/ios/Pods/Headers/Public/React-performancecdpmetrics -I/Users/runner/work/App/App/ios/Pods/Headers/Public/React-performancetimeline -I/Users/runner/work/App/App/ios/Pods/Headers/Public/React-rendererconsistency -I/Users/runner/work/App/App/ios/Pods/Headers/Public/React-renderercss -I/Users/runner/work/App/App/ios/Pods/Headers/Public/React-rendererdebug -I/Users/runner/work/App/App/ios/Pods/Headers/Public/React-runtimeexecutor -I/Users/runner/work/App/App/ios/Pods/Headers/Public/React-runtimescheduler -I/Users/runner/work/App/App/ios/Pods/Headers/Public/React-timing -I/Users/runner/work/App/App/ios/Pods/Headers/Public/React-utils -I/Users/runner/work/App/App/ios/Pods/Headers/Public/React-viewtransitionnativemodule -I/Users/runner/work/App/App/ios/Pods/Headers/Public/React-webperformancenativemodule -I/Users/runner/work/App/App/ios/Pods/Headers/Public/ReactCodegen -I/Users/runner/work/App/App/ios/Pods/Headers/Public/ReactCommon -I/Users/runner/work/App/App/ios/Pods/Headers/Public/ReactNativeDependencies -I/Users/runner/work/App/App/ios/Pods/Headers/Public/Yoga -I/Users/runner/work/App/App/ios/Pods/Headers/Public/hermes-engine -I/Users/runner/work/App/App/ios/Pods/Headers/Private/React-Core -I/Users/runner/work/App/App/ios/Pods/DoubleConversion '-I/Users/runner/work/App/App/build/Build/Products/Release-iphoneos/ExpoModulesCore/Swift Compatibility Header' -I/Users/runner/work/App/App/ios/Pods/Headers/Private/Yoga -I/Users/runner/work/App/App/ios/Pods/ExpoModulesCore/ExpoModulesCore.xcframework/ios-arm64_x86_64-simulator/ExpoModulesCore.framework/Headers -I/Users/runner/work/App/App/ios/Pods/ExpoModulesCore/ExpoModulesCore.xcframework/ios-arm64/ExpoModulesCore.framework/Headers -I/Users/runner/work/App/App/ios/Pods/ExpoModulesCore/ExpoModulesCore.xcframework/ios-arm64_x86_64-simulator/ExpoModulesCore.framework/Headers -I/Users/runner/work/App/App/ios/Pods/ExpoModulesCore/ExpoModulesCore.xcframework/ios-arm64/ExpoModulesCore.framework/Headers -I/Users/runner/work/App/App/build/Build/Intermediates.noindex/Pods.build/Release-iphoneos/Expo.build/DerivedSources-normal/arm64 -I/Users/runner/work/App/App/build/Build/Intermediates.noindex/Pods.build/Release-iphoneos/Expo.build/DerivedSources/arm64 -I/Users/runner/work/App/App/build/Build/Intermediates.noindex/Pods.build/Release-iphoneos/Expo.build/DerivedSources -F/Users/runner/work/App/App/build/Build/Products/Release-iphoneos/Expo -F/Users/runner/work/App/App/node_modules/expo-modules-jsi/apple/Products -F/Users/runner/work/App/App/ios/Pods/ExpoModulesCore -F/Users/runner/work/App/App/ios/Pods/React-Core-prebuilt -F/Users/runner/work/App/App/ios/Pods/ReactNativeDependencies/framework/packages/react-native -F/Users/runner/work/App/App/ios/Pods/hermes-engine/destroot/Library/Frameworks/universal -F/Users/runner/work/App/App/build/Build/Products/Release-iphoneos/XCFrameworkIntermediates/ExpoModulesCore -F/Users/runner/work/App/App/build/Build/Products/Release-iphoneos/XCFrameworkIntermediates/ExpoModulesJSI -F/Users/runner/work/App/App/build/Build/Products/Release-iphoneos/XCFrameworkIntermediates/React-Core-prebuilt -F/Users/runner/work/App/App/build/Build/Products/Release-iphoneos/XCFrameworkIntermediates/ReactNativeDependencies -F/Users/runner/work/App/App/build/Build/Products/Release-iphoneos/XCFrameworkIntermediates/hermes-engine/Pre-built '-DRCT_REMOVE_LEGACY_ARCH=1' '-fmodule-map-file=/Users/runner/work/App/App/ios/Pods/Headers/Public/ReactAppDependencyProvider/ReactAppDependencyProvider.modulemap' '-fmodule-map-file=/Users/runner/work/App/App/ios/Pods/Headers/Public/ReactCodegen/ReactCodegen.modulemap' '-DRCT_REMOVE_LEGACY_ARCH=1' -ivfsoverlay /Users/runner/work/App/App/ios/Pods/React-Core-prebuilt/React-VFS.yaml -DNDEBUG

WriteAuxiliaryFile /Users/runner/work/App/App/build/Build/Intermediates.noindex/Pods.build/Release-iphoneos/Expo.build/Objects-normal/arm64/af3fcb34312c57c0f52879cdce924b91-common-args.resp (in target 'Expo' from project 'Pods')
    cd /Users/runner/work/App/App/ios/Pods
    write-file /Users/runner/work/App/App/build/Build/Intermediates.noindex/Pods.build/Release-iphoneos/Expo.build/Objects-normal/arm64/af3fcb34312c57c0f52879cdce924b91-common-args.resp
-target arm64-apple-ios16.4 '-std=c++20' '-stdlib=libc++' -fobjc-arc -fmodules -fno-cxx-modules '-fmodules-cache-path=/Users/runner/work/App/App/build/ModuleCache.noindex' -fpascal-strings -Os -fno-common '-DPOD_CONFIGURATION_RELEASE=1' '-DCOCOAPODS=1' '-DNS_BLOCK_ASSERTIONS=1' '-DOBJC_OLD_DISPATCH_PROTOTYPES=0' -isysroot /Applications/Xcode_26.3.app/Contents/Developer/Platforms/iPhoneOS.platform/Developer/SDKs/iPhoneOS26.2.sdk -g -iquote /Users/runner/work/App/App/build/Build/Intermediates.noindex/Pods.build/Release-iphoneos/Expo.build/Expo-generated-files.hmap -I/Users/runner/work/App/App/build/Build/Intermediates.noindex/Pods.build/Release-iphoneos/Expo.build/Expo-own-target-headers.hmap -I/Users/runner/work/App/App/build/Build/Intermediates.noindex/Pods.build/Release-iphoneos/Expo.build/Expo-all-non-framework-target-headers.hmap -ivfsoverlay /Users/runner/work/App/App/build/Build/Intermediates.noindex/Pods.build/Release-iphoneos/Pods-8699adb1dd336b26511df848a716bd42-VFS-iphoneos/all-product-headers.yaml -iquote /Users/runner/work/App/App/build/Build/Intermediates.noindex/Pods.build/Release-iphoneos/Expo.build/Expo-project-headers.hmap -I/Users/runner/work/App/App/build/Build/Products/Release-iphoneos/Expo/include -I/Users/runner/work/App/App/ios/Pods/Headers/Private -I/Users/runner/work/App/App/ios/Pods/Headers/Private/Expo -I/Users/runner/work/App/App/ios/Pods/Headers/Public -I/Users/runner/work/App/App/ios/Pods/Headers/Public/Expo -I/Users/runner/work/App/App/ios/Pods/Headers/Public/FBLazyVector -I/Users/runner/work/App/App/ios/Pods/Headers/Public/RCTRequired -I/Users/runner/work/App/App/ios/Pods/Headers/Public/RCTSwiftUIWrapper -I/Users/runner/work/App/App/ios/Pods/Headers/Public/RCTTypeSafety -I/Users/runner/work/App/App/ios/Pods/Headers/Public/React-Core -I/Users/runner/work/App/App/ios/Pods/Headers/Public/React-Core-prebuilt -I/Users/runner/work/App/App/ios/Pods/Headers/Public/React-CoreModules -I/Users/runner/work/App/App/ios/Pods/Headers/Public/React-Fabric -I/Users/runner/work/App/App/ios/Pods/Headers/Public/React-FabricComponents -I/Users/runner/work/App/App/ios/Pods/Headers/Public/React-FabricImage -I/Users/runner/work/App/App/ios/Pods/Headers/Public/React-ImageManager -I/Users/runner/work/App/App/ios/Pods/Headers/Public/React-Mapbuffer -I/Users/runner/work/App/App/ios/Pods/Headers/Public/React-NativeModulesApple -I/Users/runner/work/App/App/ios/Pods/Headers/Public/React-RCTAnimation -I/Users/runner/work/App/App/ios/Pods/Headers/Public/React-RCTBlob -I/Users/runner/work/App/App/ios/Pods/Headers/Public/React-RCTFBReactNativeSpec -I/Users/runner/work/App/App/ios/Pods/Headers/Public/React-RCTFabric -I/Users/runner/work/App/App/ios/Pods/Headers/Public/React-RCTImage -I/Users/runner/work/App/App/ios/Pods/Headers/Public/React-RCTRuntime -I/Users/runner/work/App/App/ios/Pods/Headers/Public/React-RCTText -I/Users/runner/work/App/App/ios/Pods/Headers/Public/React-RuntimeApple -I/Users/runner/work/App/App/ios/Pods/Headers/Public/React-RuntimeCore -I/Users/runner/work/App/App/ios/Pods/Headers/Public/React-RuntimeHermes -I/Users/runner/work/App/App/ios/Pods/Headers/Public/React-callinvoker -I/Users/runner/work/App/App/ios/Pods/Headers/Public/React-cxxreact -I/Users/runner/work/App/App/ios/Pods/Headers/Public/React-debug -I/Users/runner/work/App/App/ios/Pods/Headers/Public/React-defaultsnativemodule -I/Users/runner/work/App/App/ios/Pods/Headers/Public/React-domnativemodule -I/Users/runner/work/App/App/ios/Pods/Headers/Public/React-featureflags -I/Users/runner/work/App/App/ios/Pods/Headers/Public/React-featureflagsnativemodule -I/Users/runner/work/App/App/ios/Pods/Headers/Public/React-graphics -I/Users/runner/work/App/App/ios/Pods/Headers/Public/React-hermes -I/Users/runner/work/App/App/ios/Pods/Headers/Public/React-idlecallbacksnativemodule -I/Users/runner/work/App/App/ios/Pods/Headers/Public/React-intersectionobservernativemodule -I/Users/runner/work/App/App/ios/Pods/Headers/Public/React-jserrorhandler -I/Users/runner/work/App/App/ios/Pods/Headers/Public/React-jsi -I/Users/runner/work/App/App/ios/Pods/Headers/Public/React-jsiexecutor -I/Users/runner/work/App/App/ios/Pods/Headers/Public/React-jsinspector -I/Users/runner/work/App/App/ios/Pods/Headers/Public/React-jsinspectorcdp -I/Users/runner/work/App/App/ios/Pods/Headers/Public/React-jsinspectornetwork -I/Users/runner/work/App/App/ios/Pods/Headers/Public/React-jsinspectortracing -I/Users/runner/work/App/App/ios/Pods/Headers/Public/React-jsitooling -I/Users/runner/work/App/App/ios/Pods/Headers/Public/React-logger -I/Users/runner/work/App/App/ios/Pods/Headers/Public/React-microtasksnativemodule -I/Users/runner/work/App/App/ios/Pods/Headers/Public/React-mutationobservernativemodule -I/Users/runner/work/App/App/ios/Pods/Headers/Public/React-networking -I/Users/runner/work/App/App/ios/Pods/Headers/Public/React-oscompat -I/Users/runner/work/App/App/ios/Pods/Headers/Public/React-perflogger -I/Users/runner/work/App/App/ios/Pods/Headers/Public/React-performancecdpmetrics -I/Users/runner/work/App/App/ios/Pods/Headers/Public/React-performancetimeline -I/Users/runner/work/App/App/ios/Pods/Headers/Public/React-rendererconsistency -I/Users/runner/work/App/App/ios/Pods/Headers/Public/React-renderercss -I/Users/runner/work/App/App/ios/Pods/Headers/Public/React-rendererdebug -I/Users/runner/work/App/App/ios/Pods/Headers/Public/React-runtimeexecutor -I/Users/runner/work/App/App/ios/Pods/Headers/Public/React-runtimescheduler -I/Users/runner/work/App/App/ios/Pods/Headers/Public/React-timing -I/Users/runner/work/App/App/ios/Pods/Headers/Public/React-utils -I/Users/runner/work/App/App/ios/Pods/Headers/Public/React-viewtransitionnativemodule -I/Users/runner/work/App/App/ios/Pods/Headers/Public/React-webperformancenativemodule -I/Users/runner/work/App/App/ios/Pods/Headers/Public/ReactCodegen -I/Users/runner/work/App/App/ios/Pods/Headers/Public/ReactCommon -I/Users/runner/work/App/App/ios/Pods/Headers/Public/ReactNativeDependencies -I/Users/runner/work/App/App/ios/Pods/Headers/Public/Yoga -I/Users/runner/work/App/App/ios/Pods/Headers/Public/hermes-engine -I/Users/runner/work/App/App/ios/Pods/Headers/Private/React-Core -I/Users/runner/work/App/App/ios/Pods/DoubleConversion '-I/Users/runner/work/App/App/build/Build/Products/Release-iphoneos/ExpoModulesCore/Swift Compatibility Header' -I/Users/runner/work/App/App/ios/Pods/Headers/Private/Yoga -I/Users/runner/work/App/App/ios/Pods/ExpoModulesCore/ExpoModulesCore.xcframework/ios-arm64_x86_64-simulator/ExpoModulesCore.framework/Headers -I/Users/runner/work/App/App/ios/Pods/ExpoModulesCore/ExpoModulesCore.xcframework/ios-arm64/ExpoModulesCore.framework/Headers -I/Users/runner/work/App/App/ios/Pods/ExpoModulesCore/ExpoModulesCore.xcframework/ios-arm64_x86_64-simulator/ExpoModulesCore.framework/Headers -I/Users/runner/work/App/App/ios/Pods/ExpoModulesCore/ExpoModulesCore.xcframework/ios-arm64/ExpoModulesCore.framework/Headers -I/Users/runner/work/App/App/build/Build/Intermediates.noindex/Pods.build/Release-iphoneos/Expo.build/DerivedSources-normal/arm64 -I/Users/runner/work/App/App/build/Build/Intermediates.noindex/Pods.build/Release-iphoneos/Expo.build/DerivedSources/arm64 -I/Users/runner/work/App/App/build/Build/Intermediates.noindex/Pods.build/Release-iphoneos/Expo.build/DerivedSources -F/Users/runner/work/App/App/build/Build/Products/Release-iphoneos/Expo -F/Users/runner/work/App/App/node_modules/expo-modules-jsi/apple/Products -F/Users/runner/work/App/App/ios/Pods/ExpoModulesCore -F/Users/runner/work/App/App/ios/Pods/React-Core-prebuilt -F/Users/runner/work/App/App/ios/Pods/ReactNativeDependencies/framework/packages/react-native -F/Users/runner/work/App/App/ios/Pods/hermes-engine/destroot/Library/Frameworks/universal -F/Users/runner/work/App/App/build/Build/Products/Release-iphoneos/XCFrameworkIntermediates/ExpoModulesCore -F/Users/runner/work/App/App/build/Build/Products/Release-iphoneos/XCFrameworkIntermediates/ExpoModulesJSI -F/Users/runner/work/App/App/build/Build/Products/Release-iphoneos/XCFrameworkIntermediates/React-Core-prebuilt -F/Users/runner/work/App/App/build/Build/Products/Release-iphoneos/XCFrameworkIntermediates/ReactNativeDependencies -F/Users/runner/work/App/App/build/Build/Products/Release-iphoneos/XCFrameworkIntermediates/hermes-engine/Pre-built '-DRCT_REMOVE_LEGACY_ARCH=1' '-fmodule-map-file=/Users/runner/work/App/App/ios/Pods/Headers/Public/ReactAppDependencyProvider/ReactAppDependencyProvider.modulemap' '-fmodule-map-file=/Users/runner/work/App/App/ios/Pods/Headers/Public/ReactCodegen/ReactCodegen.modulemap' '-DRCT_REMOVE_LEGACY_ARCH=1' -ivfsoverlay /Users/runner/work/App/App/ios/Pods/React-Core-prebuilt/React-VFS.yaml -DNDEBUG '-DRCT_REMOVE_LEGACY_ARCH=1' '-DRCT_NEW_ARCH_ENABLED=1' -ivfsoverlay /Users/runner/work/App/App/ios/Pods/React-Core-prebuilt/React-VFS.yaml -DNDEBUG

WriteAuxiliaryFile /Users/runner/work/App/App/build/Build/Intermediates.noindex/Pods.build/Release-iphoneos/Expo.build/Objects-normal/arm64/Expo_const_extract_protocols.json (in target 'Expo' from project 'Pods')
    cd /Users/runner/work/App/App/ios/Pods
    write-file /Users/runner/work/App/App/build/Build/Intermediates.noindex/Pods.build/Release-iphoneos/Expo.build/Objects-normal/arm64/Expo_const_extract_protocols.json

WriteAuxiliaryFile /Users/runner/work/App/App/build/Build/Intermediates.noindex/Pods.build/Release-iphoneos/Expo.build/Objects-normal/arm64/Expo.SwiftFileList (in target 'Expo' from project 'Pods')
    cd /Users/runner/work/App/App/ios/Pods
    write-file /Users/runner/work/App/App/build/Build/Intermediates.noindex/Pods.build/Release-iphoneos/Expo.build/Objects-normal/arm64/Expo.SwiftFileList

WriteAuxiliaryFile /Users/runner/work/App/App/build/Build/Intermediates.noindex/Pods.build/Release-iphoneos/Expo.build/Objects-normal/arm64/Expo.SwiftConstValuesFileList (in target 'Expo' from project 'Pods')
    cd /Users/runner/work/App/App/ios/Pods
    write-file /Users/runner/work/App/App/build/Build/Intermediates.noindex/Pods.build/Release-iphoneos/Expo.build/Objects-normal/arm64/Expo.SwiftConstValuesFileList

WriteAuxiliaryFile /Users/runner/work/App/App/build/Build/Intermediates.noindex/Pods.build/Release-iphoneos/Expo.build/Objects-normal/arm64/Expo.LinkFileList (in target 'Expo' from project 'Pods')
    cd /Users/runner/work/App/App/ios/Pods
    write-file /Users/runner/work/App/App/build/Build/Intermediates.noindex/Pods.build/Release-iphoneos/Expo.build/Objects-normal/arm64/Expo.LinkFileList

WriteAuxiliaryFile /Users/runner/work/App/App/build/Build/Intermediates.noindex/Pods.build/Release-iphoneos/Expo.build/Objects-normal/arm64/Expo-OutputFileMap.json (in target 'Expo' from project 'Pods')
    cd /Users/runner/work/App/App/ios/Pods
    write-file /Users/runner/work/App/App/build/Build/Intermediates.noindex/Pods.build/Release-iphoneos/Expo.build/Objects-normal/arm64/Expo-OutputFileMap.json

WriteAuxiliaryFile /Users/runner/work/App/App/build/Build/Intermediates.noindex/Pods.build/Release-iphoneos/Expo.build/Expo.hmap (in target 'Expo' from project 'Pods')
    cd /Users/runner/work/App/App/ios/Pods
    write-file /Users/runner/work/App/App/build/Build/Intermediates.noindex/Pods.build/Release-iphoneos/Expo.build/Expo.hmap

WriteAuxiliaryFile /Users/runner/work/App/App/build/Build/Intermediates.noindex/Pods.build/Release-iphoneos/Expo.build/Expo.DependencyStaticMetadataFileList (in target 'Expo' from project 'Pods')
    cd /Users/runner/work/App/App/ios/Pods
    write-file /Users/runner/work/App/App/build/Build/Intermediates.noindex/Pods.build/Release-iphoneos/Expo.build/Expo.DependencyStaticMetadataFileList

WriteAuxiliaryFile /Users/runner/work/App/App/build/Build/Intermediates.noindex/Pods.build/Release-iphoneos/Expo.build/Expo.DependencyMetadataFileList (in target 'Expo' from project 'Pods')
    cd /Users/runner/work/App/App/ios/Pods
    write-file /Users/runner/work/App/App/build/Build/Intermediates.noindex/Pods.build/Release-iphoneos/Expo.build/Expo.DependencyMetadataFileList

WriteAuxiliaryFile /Users/runner/work/App/App/build/Build/Intermediates.noindex/Pods.build/Release-iphoneos/Expo.build/Expo-project-headers.hmap (in target 'Expo' from project 'Pods')
    cd /Users/runner/work/App/App/ios/Pods
    write-file /Users/runner/work/App/App/build/Build/Intermediates.noindex/Pods.build/Release-iphoneos/Expo.build/Expo-project-headers.hmap

WriteAuxiliaryFile /Users/runner/work/App/App/build/Build/Intermediates.noindex/Pods.build/Release-iphoneos/Expo.build/Expo-own-target-headers.hmap (in target 'Expo' from project 'Pods')
    cd /Users/runner/work/App/App/ios/Pods
    write-file /Users/runner/work/App/App/build/Build/Intermediates.noindex/Pods.build/Release-iphoneos/Expo.build/Expo-own-target-headers.hmap

WriteAuxiliaryFile /Users/runner/work/App/App/build/Build/Intermediates.noindex/Pods.build/Release-iphoneos/Expo.build/Expo-generated-files.hmap (in target 'Expo' from project 'Pods')
    cd /Users/runner/work/App/App/ios/Pods
    write-file /Users/runner/work/App/App/build/Build/Intermediates.noindex/Pods.build/Release-iphoneos/Expo.build/Expo-generated-files.hmap

WriteAuxiliaryFile /Users/runner/work/App/App/build/Build/Intermediates.noindex/Pods.build/Release-iphoneos/Expo.build/Expo-all-target-headers.hmap (in target 'Expo' from project 'Pods')
    cd /Users/runner/work/App/App/ios/Pods
    write-file /Users/runner/work/App/App/build/Build/Intermediates.noindex/Pods.build/Release-iphoneos/Expo.build/Expo-all-target-headers.hmap

WriteAuxiliaryFile /Users/runner/work/App/App/build/Build/Intermediates.noindex/Pods.build/Release-iphoneos/Expo.build/Expo-all-non-framework-target-headers.hmap (in target 'Expo' from project 'Pods')
    cd /Users/runner/work/App/App/ios/Pods
    write-file /Users/runner/work/App/App/build/Build/Intermediates.noindex/Pods.build/Release-iphoneos/Expo.build/Expo-all-non-framework-target-headers.hmap

WriteAuxiliaryFile /Users/runner/work/App/App/build/Build/Intermediates.noindex/Pods.build/Release-iphoneos/EXConstants-ExpoConstants_privacy.build/ExpoConstants_privacy.hmap (in target 'EXConstants-ExpoConstants_privacy' from project 'Pods')
    cd /Users/runner/work/App/App/ios/Pods
    write-file /Users/runner/work/App/App/build/Build/Intermediates.noindex/Pods.build/Release-iphoneos/EXConstants-ExpoConstants_privacy.build/ExpoConstants_privacy.hmap

WriteAuxiliaryFile /Users/runner/work/App/App/build/Build/Intermediates.noindex/Pods.build/Release-iphoneos/EXConstants-ExpoConstants_privacy.build/ExpoConstants_privacy.DependencyStaticMetadataFileList (in target 'EXConstants-ExpoConstants_privacy' from project 'Pods')
    cd /Users/runner/work/App/App/ios/Pods
    write-file /Users/runner/work/App/App/build/Build/Intermediates.noindex/Pods.build/Release-iphoneos/EXConstants-ExpoConstants_privacy.build/ExpoConstants_privacy.DependencyStaticMetadataFileList

WriteAuxiliaryFile /Users/runner/work/App/App/build/Build/Intermediates.noindex/Pods.build/Release-iphoneos/EXConstants-ExpoConstants_privacy.build/ExpoConstants_privacy.DependencyMetadataFileList (in target 'EXConstants-ExpoConstants_privacy' from project 'Pods')
    cd /Users/runner/work/App/App/ios/Pods
    write-file /Users/runner/work/App/App/build/Build/Intermediates.noindex/Pods.build/Release-iphoneos/EXConstants-ExpoConstants_privacy.build/ExpoConstants_privacy.DependencyMetadataFileList

WriteAuxiliaryFile /Users/runner/work/App/App/build/Build/Intermediates.noindex/Pods.build/Release-iphoneos/EXConstants-ExpoConstants_privacy.build/ExpoConstants_privacy-project-headers.hmap (in target 'EXConstants-ExpoConstants_privacy' from project 'Pods')
    cd /Users/runner/work/App/App/ios/Pods
    write-file /Users/runner/work/App/App/build/Build/Intermediates.noindex/Pods.build/Release-iphoneos/EXConstants-ExpoConstants_privacy.build/ExpoConstants_privacy-project-headers.hmap

WriteAuxiliaryFile /Users/runner/work/App/App/build/Build/Intermediates.noindex/Pods.build/Release-iphoneos/EXConstants-ExpoConstants_privacy.build/ExpoConstants_privacy-own-target-headers.hmap (in target 'EXConstants-ExpoConstants_privacy' from project 'Pods')
    cd /Users/runner/work/App/App/ios/Pods
    write-file /Users/runner/work/App/App/build/Build/Intermediates.noindex/Pods.build/Release-iphoneos/EXConstants-ExpoConstants_privacy.build/ExpoConstants_privacy-own-target-headers.hmap

WriteAuxiliaryFile /Users/runner/work/App/App/build/Build/Intermediates.noindex/Pods.build/Release-iphoneos/EXConstants-ExpoConstants_privacy.build/ExpoConstants_privacy-generated-files.hmap (in target 'EXConstants-ExpoConstants_privacy' from project 'Pods')
    cd /Users/runner/work/App/App/ios/Pods
    write-file /Users/runner/work/App/App/build/Build/Intermediates.noindex/Pods.build/Release-iphoneos/EXConstants-ExpoConstants_privacy.build/ExpoConstants_privacy-generated-files.hmap

WriteAuxiliaryFile /Users/runner/work/App/App/build/Build/Intermediates.noindex/Pods.build/Release-iphoneos/EXConstants-ExpoConstants_privacy.build/ExpoConstants_privacy-all-target-headers.hmap (in target 'EXConstants-ExpoConstants_privacy' from project 'Pods')
    cd /Users/runner/work/App/App/ios/Pods
    write-file /Users/runner/work/App/App/build/Build/Intermediates.noindex/Pods.build/Release-iphoneos/EXConstants-ExpoConstants_privacy.build/ExpoConstants_privacy-all-target-headers.hmap

WriteAuxiliaryFile /Users/runner/work/App/App/build/Build/Intermediates.noindex/Pods.build/Release-iphoneos/EXConstants-ExpoConstants_privacy.build/ExpoConstants_privacy-all-non-framework-target-headers.hmap (in target 'EXConstants-ExpoConstants_privacy' from project 'Pods')
    cd /Users/runner/work/App/App/ios/Pods
    write-file /Users/runner/work/App/App/build/Build/Intermediates.noindex/Pods.build/Release-iphoneos/EXConstants-ExpoConstants_privacy.build/ExpoConstants_privacy-all-non-framework-target-headers.hmap

WriteAuxiliaryFile /Users/runner/work/App/App/build/Build/Intermediates.noindex/Pods.build/Release-iphoneos/EXConstants-EXConstants.build/EXConstants.hmap (in target 'EXConstants-EXConstants' from project 'Pods')
    cd /Users/runner/work/App/App/ios/Pods
    write-file /Users/runner/work/App/App/build/Build/Intermediates.noindex/Pods.build/Release-iphoneos/EXConstants-EXConstants.build/EXConstants.hmap

WriteAuxiliaryFile /Users/runner/work/App/App/build/Build/Intermediates.noindex/Pods.build/Release-iphoneos/EXConstants-EXConstants.build/EXConstants.DependencyStaticMetadataFileList (in target 'EXConstants-EXConstants' from project 'Pods')
    cd /Users/runner/work/App/App/ios/Pods
    write-file /Users/runner/work/App/App/build/Build/Intermediates.noindex/Pods.build/Release-iphoneos/EXConstants-EXConstants.build/EXConstants.DependencyStaticMetadataFileList

WriteAuxiliaryFile /Users/runner/work/App/App/build/Build/Intermediates.noindex/Pods.build/Release-iphoneos/EXConstants-EXConstants.build/EXConstants.DependencyMetadataFileList (in target 'EXConstants-EXConstants' from project 'Pods')
    cd /Users/runner/work/App/App/ios/Pods
    write-file /Users/runner/work/App/App/build/Build/Intermediates.noindex/Pods.build/Release-iphoneos/EXConstants-EXConstants.build/EXConstants.DependencyMetadataFileList

WriteAuxiliaryFile /Users/runner/work/App/App/build/Build/Intermediates.noindex/Pods.build/Release-iphoneos/EXConstants-EXConstants.build/EXConstants-project-headers.hmap (in target 'EXConstants-EXConstants' from project 'Pods')
    cd /Users/runner/work/App/App/ios/Pods
    write-file /Users/runner/work/App/App/build/Build/Intermediates.noindex/Pods.build/Release-iphoneos/EXConstants-EXConstants.build/EXConstants-project-headers.hmap

WriteAuxiliaryFile /Users/runner/work/App/App/build/Build/Intermediates.noindex/Pods.build/Release-iphoneos/EXConstants-EXConstants.build/EXConstants-own-target-headers.hmap (in target 'EXConstants-EXConstants' from project 'Pods')
    cd /Users/runner/work/App/App/ios/Pods
    write-file /Users/runner/work/App/App/build/Build/Intermediates.noindex/Pods.build/Release-iphoneos/EXConstants-EXConstants.build/EXConstants-own-target-headers.hmap

WriteAuxiliaryFile /Users/runner/work/App/App/build/Build/Intermediates.noindex/Pods.build/Release-iphoneos/EXConstants-EXConstants.build/EXConstants-generated-files.hmap (in target 'EXConstants-EXConstants' from project 'Pods')
    cd /Users/runner/work/App/App/ios/Pods
    write-file /Users/runner/work/App/App/build/Build/Intermediates.noindex/Pods.build/Release-iphoneos/EXConstants-EXConstants.build/EXConstants-generated-files.hmap

WriteAuxiliaryFile /Users/runner/work/App/App/build/Build/Intermediates.noindex/Pods.build/Release-iphoneos/EXConstants-EXConstants.build/EXConstants-all-target-headers.hmap (in target 'EXConstants-EXConstants' from project 'Pods')
    cd /Users/runner/work/App/App/ios/Pods
    write-file /Users/runner/work/App/App/build/Build/Intermediates.noindex/Pods.build/Release-iphoneos/EXConstants-EXConstants.build/EXConstants-all-target-headers.hmap

WriteAuxiliaryFile /Users/runner/work/App/App/build/Build/Intermediates.noindex/Pods.build/Release-iphoneos/EXConstants-EXConstants.build/EXConstants-all-non-framework-target-headers.hmap (in target 'EXConstants-EXConstants' from project 'Pods')
    cd /Users/runner/work/App/App/ios/Pods
    write-file /Users/runner/work/App/App/build/Build/Intermediates.noindex/Pods.build/Release-iphoneos/EXConstants-EXConstants.build/EXConstants-all-non-framework-target-headers.hmap

WriteAuxiliaryFile /Users/runner/work/App/App/build/Build/Intermediates.noindex/Pods.build/Release-iphoneos/EXConstants.build/Script-46EB2E00015F60.sh (in target 'EXConstants' from project 'Pods')
    cd /Users/runner/work/App/App/ios/Pods
    write-file /Users/runner/work/App/App/build/Build/Intermediates.noindex/Pods.build/Release-iphoneos/EXConstants.build/Script-46EB2E00015F60.sh

WriteAuxiliaryFile /Users/runner/work/App/App/build/Build/Intermediates.noindex/Pods.build/Release-iphoneos/EXConstants.build/Script-46EB2E00012390.sh (in target 'EXConstants' from project 'Pods')
    cd /Users/runner/work/App/App/ios/Pods
    write-file /Users/runner/work/App/App/build/Build/Intermediates.noindex/Pods.build/Release-iphoneos/EXConstants.build/Script-46EB2E00012390.sh

WriteAuxiliaryFile /Users/runner/work/App/App/build/Build/Intermediates.noindex/Pods.build/Release-iphoneos/EXConstants.build/Objects-normal/arm64/e6072d4f65d7061329687fe24e3d63a7-common-args.resp (in target 'EXConstants' from project 'Pods')
    cd /Users/runner/work/App/App/ios/Pods
    write-file /Users/runner/work/App/App/build/Build/Intermediates.noindex/Pods.build/Release-iphoneos/EXConstants.build/Objects-normal/arm64/e6072d4f65d7061329687fe24e3d63a7-common-args.resp
-target arm64-apple-ios16.4 '-std=gnu11' -fobjc-arc -fmodules '-fmodules-cache-path=/Users/runner/work/App/App/build/ModuleCache.noindex' '-fmodule-name=EXConstants' -fpascal-strings -Os -fno-common '-DPOD_CONFIGURATION_RELEASE=1' '-DCOCOAPODS=1' '-DNS_BLOCK_ASSERTIONS=1' '-DOBJC_OLD_DISPATCH_PROTOTYPES=0' -isysroot /Applications/Xcode_26.3.app/Contents/Developer/Platforms/iPhoneOS.platform/Developer/SDKs/iPhoneOS26.2.sdk -g -iquote /Users/runner/work/App/App/build/Build/Intermediates.noindex/Pods.build/Release-iphoneos/EXConstants.build/EXConstants-generated-files.hmap -I/Users/runner/work/App/App/build/Build/Intermediates.noindex/Pods.build/Release-iphoneos/EXConstants.build/EXConstants-own-target-headers.hmap -I/Users/runner/work/App/App/build/Build/Intermediates.noindex/Pods.build/Release-iphoneos/EXConstants.build/EXConstants-all-non-framework-target-headers.hmap -ivfsoverlay /Users/runner/work/App/App/build/Build/Intermediates.noindex/Pods.build/Release-iphoneos/Pods-8699adb1dd336b26511df848a716bd42-VFS-iphoneos/all-product-headers.yaml -iquote /Users/runner/work/App/App/build/Build/Intermediates.noindex/Pods.build/Release-iphoneos/EXConstants.build/EXConstants-project-headers.hmap -I/Users/runner/work/App/App/build/Build/Products/Release-iphoneos/EXConstants/include -I/Users/runner/work/App/App/ios/Pods/Headers/Private -I/Users/runner/work/App/App/ios/Pods/Headers/Private/EXConstants -I/Users/runner/work/App/App/ios/Pods/Headers/Public -I/Users/runner/work/App/App/ios/Pods/Headers/Public/FBLazyVector -I/Users/runner/work/App/App/ios/Pods/Headers/Public/RCTRequired -I/Users/runner/work/App/App/ios/Pods/Headers/Public/RCTSwiftUIWrapper -I/Users/runner/work/App/App/ios/Pods/Headers/Public/RCTTypeSafety -I/Users/runner/work/App/App/ios/Pods/Headers/Public/React-Core -I/Users/runner/work/App/App/ios/Pods/Headers/Public/React-Core-prebuilt -I/Users/runner/work/App/App/ios/Pods/Headers/Public/React-CoreModules -I/Users/runner/work/App/App/ios/Pods/Headers/Public/React-Fabric -I/Users/runner/work/App/App/ios/Pods/Headers/Public/React-FabricComponents -I/Users/runner/work/App/App/ios/Pods/Headers/Public/React-FabricImage -I/Users/runner/work/App/App/ios/Pods/Headers/Public/React-ImageManager -I/Users/runner/work/App/App/ios/Pods/Headers/Public/React-Mapbuffer -I/Users/runner/work/App/App/ios/Pods/Headers/Public/React-NativeModulesApple -I/Users/runner/work/App/App/ios/Pods/Headers/Public/React-RCTAnimation -I/Users/runner/work/App/App/ios/Pods/Headers/Public/React-RCTBlob -I/Users/runner/work/App/App/ios/Pods/Headers/Public/React-RCTFBReactNativeSpec -I/Users/runner/work/App/App/ios/Pods/Headers/Public/React-RCTFabric -I/Users/runner/work/App/App/ios/Pods/Headers/Public/React-RCTImage -I/Users/runner/work/App/App/ios/Pods/Headers/Public/React-RCTRuntime -I/Users/runner/work/App/App/ios/Pods/Headers/Public/React-RCTText -I/Users/runner/work/App/App/ios/Pods/Headers/Public/React-RuntimeApple -I/Users/runner/work/App/App/ios/Pods/Headers/Public/React-RuntimeCore -I/Users/runner/work/App/App/ios/Pods/Headers/Public/React-RuntimeHermes -I/Users/runner/work/App/App/ios/Pods/Headers/Public/React-callinvoker -I/Users/runner/work/App/App/ios/Pods/Headers/Public/React-cxxreact -I/Users/runner/work/App/App/ios/Pods/Headers/Public/React-debug -I/Users/runner/work/App/App/ios/Pods/Headers/Public/React-defaultsnativemodule -I/Users/runner/work/App/App/ios/Pods/Headers/Public/React-domnativemodule -I/Users/runner/work/App/App/ios/Pods/Headers/Public/React-featureflags -I/Users/runner/work/App/App/ios/Pods/Headers/Public/React-featureflagsnativemodule -I/Users/runner/work/App/App/ios/Pods/Headers/Public/React-graphics -I/Users/runner/work/App/App/ios/Pods/Headers/Public/React-hermes -I/Users/runner/work/App/App/ios/Pods/Headers/Public/React-idlecallbacksnativemodule -I/Users/runner/work/App/App/ios/Pods/Headers/Public/React-intersectionobservernativemodule -I/Users/runner/work/App/App/ios/Pods/Headers/Public/React-jserrorhandler -I/Users/runner/work/App/App/ios/Pods/Headers/Public/React-jsi -I/Users/runner/work/App/App/ios/Pods/Headers/Public/React-jsiexecutor -I/Users/runner/work/App/App/ios/Pods/Headers/Public/React-jsinspector -I/Users/runner/work/App/App/ios/Pods/Headers/Public/React-jsinspectorcdp -I/Users/runner/work/App/App/ios/Pods/Headers/Public/React-jsinspectornetwork -I/Users/runner/work/App/App/ios/Pods/Headers/Public/React-jsinspectortracing -I/Users/runner/work/App/App/ios/Pods/Headers/Public/React-jsitooling -I/Users/runner/work/App/App/ios/Pods/Headers/Public/React-logger -I/Users/runner/work/App/App/ios/Pods/Headers/Public/React-microtasksnativemodule -I/Users/runner/work/App/App/ios/Pods/Headers/Public/React-mutationobservernativemodule -I/Users/runner/work/App/App/ios/Pods/Headers/Public/React-networking -I/Users/runner/work/App/App/ios/Pods/Headers/Public/React-oscompat -I/Users/runner/work/App/App/ios/Pods/Headers/Public/React-perflogger -I/Users/runner/work/App/App/ios/Pods/Headers/Public/React-performancecdpmetrics -I/Users/runner/work/App/App/ios/Pods/Headers/Public/React-performancetimeline -I/Users/runner/work/App/App/ios/Pods/Headers/Public/React-rendererconsistency -I/Users/runner/work/App/App/ios/Pods/Headers/Public/React-renderercss -I/Users/runner/work/App/App/ios/Pods/Headers/Public/React-rendererdebug -I/Users/runner/work/App/App/ios/Pods/Headers/Public/React-runtimeexecutor -I/Users/runner/work/App/App/ios/Pods/Headers/Public/React-runtimescheduler -I/Users/runner/work/App/App/ios/Pods/Headers/Public/React-timing -I/Users/runner/work/App/App/ios/Pods/Headers/Public/React-utils -I/Users/runner/work/App/App/ios/Pods/Headers/Public/React-viewtransitionnativemodule -I/Users/runner/work/App/App/ios/Pods/Headers/Public/React-webperformancenativemodule -I/Users/runner/work/App/App/ios/Pods/Headers/Public/ReactCodegen -I/Users/runner/work/App/App/ios/Pods/Headers/Public/ReactCommon -I/Users/runner/work/App/App/ios/Pods/Headers/Public/ReactNativeDependencies -I/Users/runner/work/App/App/ios/Pods/Headers/Public/Yoga -I/Users/runner/work/App/App/ios/Pods/Headers/Public/hermes-engine -I/Users/runner/work/App/App/ios/Pods/ExpoModulesCore/ExpoModulesCore.xcframework/ios-arm64_x86_64-simulator/ExpoModulesCore.framework/Headers -I/Users/runner/work/App/App/ios/Pods/ExpoModulesCore/ExpoModulesCore.xcframework/ios-arm64/ExpoModulesCore.framework/Headers -I/Users/runner/work/App/App/ios/Pods/ExpoModulesCore/ExpoModulesCore.xcframework/ios-arm64_x86_64-simulator/ExpoModulesCore.framework/Headers -I/Users/runner/work/App/App/ios/Pods/ExpoModulesCore/ExpoModulesCore.xcframework/ios-arm64/ExpoModulesCore.framework/Headers -I/Users/runner/work/App/App/build/Build/Intermediates.noindex/Pods.build/Release-iphoneos/EXConstants.build/DerivedSources-normal/arm64 -I/Users/runner/work/App/App/build/Build/Intermediates.noindex/Pods.build/Release-iphoneos/EXConstants.build/DerivedSources/arm64 -I/Users/runner/work/App/App/build/Build/Intermediates.noindex/Pods.build/Release-iphoneos/EXConstants.build/DerivedSources -F/Users/runner/work/App/App/build/Build/Products/Release-iphoneos/EXConstants -F/Users/runner/work/App/App/node_modules/expo-modules-jsi/apple/Products -F/Users/runner/work/App/App/ios/Pods/ExpoModulesCore -F/Users/runner/work/App/App/ios/Pods/React-Core-prebuilt -F/Users/runner/work/App/App/ios/Pods/ReactNativeDependencies/framework/packages/react-native -F/Users/runner/work/App/App/ios/Pods/hermes-engine/destroot/Library/Frameworks/universal -F/Users/runner/work/App/App/build/Build/Products/Release-iphoneos/XCFrameworkIntermediates/ExpoModulesCore -F/Users/runner/work/App/App/build/Build/Products/Release-iphoneos/XCFrameworkIntermediates/ExpoModulesJSI -F/Users/runner/work/App/App/build/Build/Products/Release-iphoneos/XCFrameworkIntermediates/React-Core-prebuilt -F/Users/runner/work/App/App/build/Build/Products/Release-iphoneos/XCFrameworkIntermediates/ReactNativeDependencies -F/Users/runner/work/App/App/build/Build/Products/Release-iphoneos/XCFrameworkIntermediates/hermes-engine/Pre-built '-DRCT_REMOVE_LEGACY_ARCH=1' '-fmodule-map-file=/Users/runner/work/App/App/ios/Pods/Headers/Public/ReactCodegen/ReactCodegen.modulemap' -DNDEBUG

WriteAuxiliaryFile /Users/runner/work/App/App/build/Build/Intermediates.noindex/Pods.build/Release-iphoneos/EXConstants.build/Objects-normal/arm64/EXConstants_const_extract_protocols.json (in target 'EXConstants' from project 'Pods')
    cd /Users/runner/work/App/App/ios/Pods
    write-file /Users/runner/work/App/App/build/Build/Intermediates.noindex/Pods.build/Release-iphoneos/EXConstants.build/Objects-normal/arm64/EXConstants_const_extract_protocols.json

WriteAuxiliaryFile /Users/runner/work/App/App/build/Build/Intermediates.noindex/Pods.build/Release-iphoneos/EXConstants.build/Objects-normal/arm64/EXConstants.SwiftFileList (in target 'EXConstants' from project 'Pods')
    cd /Users/runner/work/App/App/ios/Pods
    write-file /Users/runner/work/App/App/build/Build/Intermediates.noindex/Pods.build/Release-iphoneos/EXConstants.build/Objects-normal/arm64/EXConstants.SwiftFileList

WriteAuxiliaryFile /Users/runner/work/App/App/build/Build/Intermediates.noindex/Pods.build/Release-iphoneos/EXConstants.build/Objects-normal/arm64/EXConstants.SwiftConstValuesFileList (in target 'EXConstants' from project 'Pods')
    cd /Users/runner/work/App/App/ios/Pods
    write-file /Users/runner/work/App/App/build/Build/Intermediates.noindex/Pods.build/Release-iphoneos/EXConstants.build/Objects-normal/arm64/EXConstants.SwiftConstValuesFileList

WriteAuxiliaryFile /Users/runner/work/App/App/build/Build/Intermediates.noindex/Pods.build/Release-iphoneos/EXConstants.build/Objects-normal/arm64/EXConstants.LinkFileList (in target 'EXConstants' from project 'Pods')
    cd /Users/runner/work/App/App/ios/Pods
    write-file /Users/runner/work/App/App/build/Build/Intermediates.noindex/Pods.build/Release-iphoneos/EXConstants.build/Objects-normal/arm64/EXConstants.LinkFileList

WriteAuxiliaryFile /Users/runner/work/App/App/build/Build/Intermediates.noindex/Pods.build/Release-iphoneos/EXConstants.build/Objects-normal/arm64/EXConstants-OutputFileMap.json (in target 'EXConstants' from project 'Pods')
    cd /Users/runner/work/App/App/ios/Pods
    write-file /Users/runner/work/App/App/build/Build/Intermediates.noindex/Pods.build/Release-iphoneos/EXConstants.build/Objects-normal/arm64/EXConstants-OutputFileMap.json

WriteAuxiliaryFile /Users/runner/work/App/App/build/Build/Intermediates.noindex/Pods.build/Release-iphoneos/EXConstants.build/EXConstants.hmap (in target 'EXConstants' from project 'Pods')
    cd /Users/runner/work/App/App/ios/Pods
    write-file /Users/runner/work/App/App/build/Build/Intermediates.noindex/Pods.build/Release-iphoneos/EXConstants.build/EXConstants.hmap

WriteAuxiliaryFile /Users/runner/work/App/App/build/Build/Intermediates.noindex/Pods.build/Release-iphoneos/EXConstants.build/EXConstants.DependencyStaticMetadataFileList (in target 'EXConstants' from project 'Pods')
    cd /Users/runner/work/App/App/ios/Pods
    write-file /Users/runner/work/App/App/build/Build/Intermediates.noindex/Pods.build/Release-iphoneos/EXConstants.build/EXConstants.DependencyStaticMetadataFileList

WriteAuxiliaryFile /Users/runner/work/App/App/build/Build/Intermediates.noindex/Pods.build/Release-iphoneos/EXConstants.build/EXConstants.DependencyMetadataFileList (in target 'EXConstants' from project 'Pods')
    cd /Users/runner/work/App/App/ios/Pods
    write-file /Users/runner/work/App/App/build/Build/Intermediates.noindex/Pods.build/Release-iphoneos/EXConstants.build/EXConstants.DependencyMetadataFileList

WriteAuxiliaryFile /Users/runner/work/App/App/build/Build/Intermediates.noindex/Pods.build/Release-iphoneos/EXConstants.build/EXConstants-project-headers.hmap (in target 'EXConstants' from project 'Pods')
    cd /Users/runner/work/App/App/ios/Pods
    write-file /Users/runner/work/App/App/build/Build/Intermediates.noindex/Pods.build/Release-iphoneos/EXConstants.build/EXConstants-project-headers.hmap

WriteAuxiliaryFile /Users/runner/work/App/App/build/Build/Intermediates.noindex/Pods.build/Release-iphoneos/EXConstants.build/EXConstants-own-target-headers.hmap (in target 'EXConstants' from project 'Pods')
    cd /Users/runner/work/App/App/ios/Pods
    write-file /Users/runner/work/App/App/build/Build/Intermediates.noindex/Pods.build/Release-iphoneos/EXConstants.build/EXConstants-own-target-headers.hmap

WriteAuxiliaryFile /Users/runner/work/App/App/build/Build/Intermediates.noindex/Pods.build/Release-iphoneos/EXConstants.build/EXConstants-generated-files.hmap (in target 'EXConstants' from project 'Pods')
    cd /Users/runner/work/App/App/ios/Pods
    write-file /Users/runner/work/App/App/build/Build/Intermediates.noindex/Pods.build/Release-iphoneos/EXConstants.build/EXConstants-generated-files.hmap

WriteAuxiliaryFile /Users/runner/work/App/App/build/Build/Intermediates.noindex/Pods.build/Release-iphoneos/EXConstants.build/EXConstants-all-target-headers.hmap (in target 'EXConstants' from project 'Pods')
    cd /Users/runner/work/App/App/ios/Pods
    write-file /Users/runner/work/App/App/build/Build/Intermediates.noindex/Pods.build/Release-iphoneos/EXConstants.build/EXConstants-all-target-headers.hmap

WriteAuxiliaryFile /Users/runner/work/App/App/build/Build/Intermediates.noindex/Pods.build/Release-iphoneos/EXConstants.build/EXConstants-all-non-framework-target-headers.hmap (in target 'EXConstants' from project 'Pods')
    cd /Users/runner/work/App/App/ios/Pods
    write-file /Users/runner/work/App/App/build/Build/Intermediates.noindex/Pods.build/Release-iphoneos/EXConstants.build/EXConstants-all-non-framework-target-headers.hmap

MkDir /Users/runner/work/App/App/build/Build/Products/Release-iphoneos/ZenFlowTracker.app/Frameworks (in target 'ZenFlowTracker' from project 'ZenFlowTracker')
    cd /Users/runner/work/App/App/ios
    /bin/mkdir -p /Users/runner/work/App/App/build/Build/Products/Release-iphoneos/ZenFlowTracker.app/Frameworks

MkDir /Users/runner/work/App/App/build/Build/Products/Release-iphoneos/ZenFlowTracker.app (in target 'ZenFlowTracker' from project 'ZenFlowTracker')
    cd /Users/runner/work/App/App/ios
    /bin/mkdir -p /Users/runner/work/App/App/build/Build/Products/Release-iphoneos/ZenFlowTracker.app

MkDir /Users/runner/work/App/App/build/Build/Products/Release-iphoneos/React-timing/React-timing_privacy.bundle (in target 'React-timing-React-timing_privacy' from project 'Pods')
    cd /Users/runner/work/App/App/ios/Pods
    /bin/mkdir -p /Users/runner/work/App/App/build/Build/Products/Release-iphoneos/React-timing/React-timing_privacy.bundle

MkDir /Users/runner/work/App/App/build/Build/Products/Release-iphoneos/React-cxxreact/React-cxxreact_privacy.bundle (in target 'React-cxxreact-React-cxxreact_privacy' from project 'Pods')
    cd /Users/runner/work/App/App/ios/Pods
    /bin/mkdir -p /Users/runner/work/App/App/build/Build/Products/Release-iphoneos/React-cxxreact/React-cxxreact_privacy.bundle

MkDir /Users/runner/work/App/App/build/Build/Products/Release-iphoneos/React-Core/React-Core_privacy.bundle (in target 'React-Core-React-Core_privacy' from project 'Pods')
    cd /Users/runner/work/App/App/ios/Pods
    /bin/mkdir -p /Users/runner/work/App/App/build/Build/Products/Release-iphoneos/React-Core/React-Core_privacy.bundle

MkDir /Users/runner/work/App/App/build/Build/Products/Release-iphoneos/RNCAsyncStorage/RNCAsyncStorage_resources.bundle (in target 'RNCAsyncStorage-RNCAsyncStorage_resources' from project 'Pods')
    cd /Users/runner/work/App/App/ios/Pods
    /bin/mkdir -p /Users/runner/work/App/App/build/Build/Products/Release-iphoneos/RNCAsyncStorage/RNCAsyncStorage_resources.bundle

MkDir /Users/runner/work/App/App/build/Build/Products/Release-iphoneos/ExpoFileSystem/ExpoFileSystem_privacy.bundle (in target 'ExpoFileSystem-ExpoFileSystem_privacy' from project 'Pods')
    cd /Users/runner/work/App/App/ios/Pods
    /bin/mkdir -p /Users/runner/work/App/App/build/Build/Products/Release-iphoneos/ExpoFileSystem/ExpoFileSystem_privacy.bundle

MkDir /Users/runner/work/App/App/build/Build/Products/Release-iphoneos/EXConstants/ExpoConstants_privacy.bundle (in target 'EXConstants-ExpoConstants_privacy' from project 'Pods')
    cd /Users/runner/work/App/App/ios/Pods
    /bin/mkdir -p /Users/runner/work/App/App/build/Build/Products/Release-iphoneos/EXConstants/ExpoConstants_privacy.bundle

MkDir /Users/runner/work/App/App/build/Build/Products/Release-iphoneos/EXConstants/EXConstants.bundle (in target 'EXConstants-EXConstants' from project 'Pods')
    cd /Users/runner/work/App/App/ios/Pods
    /bin/mkdir -p /Users/runner/work/App/App/build/Build/Products/Release-iphoneos/EXConstants/EXConstants.bundle

ProcessInfoPlistFile /Users/runner/work/App/App/build/Build/Products/Release-iphoneos/React-timing/React-timing_privacy.bundle/Info.plist /Users/runner/work/App/App/ios/Pods/Target\ Support\ Files/React-timing/ResourceBundle-React-timing_privacy-React-timing-Info.plist (in target 'React-timing-React-timing_privacy' from project 'Pods')
    cd /Users/runner/work/App/App/ios/Pods
    builtin-infoPlistUtility /Users/runner/work/App/App/ios/Pods/Target\ Support\ Files/React-timing/ResourceBundle-React-timing_privacy-React-timing-Info.plist -producttype com.apple.product-type.bundle -expandbuildsettings -format binary -platform iphoneos -requiredArchitecture arm64 -o /Users/runner/work/App/App/build/Build/Products/Release-iphoneos/React-timing/React-timing_privacy.bundle/Info.plist

CpResource /Users/runner/work/App/App/build/Build/Products/Release-iphoneos/React-timing/React-timing_privacy.bundle/PrivacyInfo.xcprivacy /Users/runner/work/App/App/node_modules/react-native/ReactCommon/react/timing/PrivacyInfo.xcprivacy (in target 'React-timing-React-timing_privacy' from project 'Pods')
    cd /Users/runner/work/App/App/ios/Pods
    builtin-copy -exclude .DS_Store -exclude CVS -exclude .svn -exclude .git -exclude .hg -resolve-src-symlinks /Users/runner/work/App/App/node_modules/react-native/ReactCommon/react/timing/PrivacyInfo.xcprivacy /Users/runner/work/App/App/build/Build/Products/Release-iphoneos/React-timing/React-timing_privacy.bundle

ProcessInfoPlistFile /Users/runner/work/App/App/build/Build/Products/Release-iphoneos/React-cxxreact/React-cxxreact_privacy.bundle/Info.plist /Users/runner/work/App/App/ios/Pods/Target\ Support\ Files/React-cxxreact/ResourceBundle-React-cxxreact_privacy-React-cxxreact-Info.plist (in target 'React-cxxreact-React-cxxreact_privacy' from project 'Pods')
    cd /Users/runner/work/App/App/ios/Pods
    builtin-infoPlistUtility /Users/runner/work/App/App/ios/Pods/Target\ Support\ Files/React-cxxreact/ResourceBundle-React-cxxreact_privacy-React-cxxreact-Info.plist -producttype com.apple.product-type.bundle -expandbuildsettings -format binary -platform iphoneos -requiredArchitecture arm64 -o /Users/runner/work/App/App/build/Build/Products/Release-iphoneos/React-cxxreact/React-cxxreact_privacy.bundle/Info.plist

CpResource /Users/runner/work/App/App/build/Build/Products/Release-iphoneos/React-cxxreact/React-cxxreact_privacy.bundle/PrivacyInfo.xcprivacy /Users/runner/work/App/App/node_modules/react-native/ReactCommon/cxxreact/PrivacyInfo.xcprivacy (in target 'React-cxxreact-React-cxxreact_privacy' from project 'Pods')
    cd /Users/runner/work/App/App/ios/Pods
    builtin-copy -exclude .DS_Store -exclude CVS -exclude .svn -exclude .git -exclude .hg -resolve-src-symlinks /Users/runner/work/App/App/node_modules/react-native/ReactCommon/cxxreact/PrivacyInfo.xcprivacy /Users/runner/work/App/App/build/Build/Products/Release-iphoneos/React-cxxreact/React-cxxreact_privacy.bundle

RegisterExecutionPolicyException /Users/runner/work/App/App/build/Build/Products/Release-iphoneos/React-timing/React-timing_privacy.bundle (in target 'React-timing-React-timing_privacy' from project 'Pods')
    cd /Users/runner/work/App/App/ios/Pods
    builtin-RegisterExecutionPolicyException /Users/runner/work/App/App/build/Build/Products/Release-iphoneos/React-timing/React-timing_privacy.bundle

Touch /Users/runner/work/App/App/build/Build/Products/Release-iphoneos/React-timing/React-timing_privacy.bundle (in target 'React-timing-React-timing_privacy' from project 'Pods')
    cd /Users/runner/work/App/App/ios/Pods
    /usr/bin/touch -c /Users/runner/work/App/App/build/Build/Products/Release-iphoneos/React-timing/React-timing_privacy.bundle

ProcessInfoPlistFile /Users/runner/work/App/App/build/Build/Products/Release-iphoneos/React-Core/React-Core_privacy.bundle/Info.plist /Users/runner/work/App/App/ios/Pods/Target\ Support\ Files/React-Core/ResourceBundle-React-Core_privacy-React-Core-Info.plist (in target 'React-Core-React-Core_privacy' from project 'Pods')
    cd /Users/runner/work/App/App/ios/Pods
    builtin-infoPlistUtility /Users/runner/work/App/App/ios/Pods/Target\ Support\ Files/React-Core/ResourceBundle-React-Core_privacy-React-Core-Info.plist -producttype com.apple.product-type.bundle -expandbuildsettings -format binary -platform iphoneos -requiredArchitecture arm64 -o /Users/runner/work/App/App/build/Build/Products/Release-iphoneos/React-Core/React-Core_privacy.bundle/Info.plist

CpResource /Users/runner/work/App/App/build/Build/Products/Release-iphoneos/React-Core/React-Core_privacy.bundle/PrivacyInfo.xcprivacy /Users/runner/work/App/App/node_modules/react-native/React/Resources/PrivacyInfo.xcprivacy (in target 'React-Core-React-Core_privacy' from project 'Pods')
    cd /Users/runner/work/App/App/ios/Pods
    builtin-copy -exclude .DS_Store -exclude CVS -exclude .svn -exclude .git -exclude .hg -resolve-src-symlinks /Users/runner/work/App/App/node_modules/react-native/React/Resources/PrivacyInfo.xcprivacy /Users/runner/work/App/App/build/Build/Products/Release-iphoneos/React-Core/React-Core_privacy.bundle

RegisterExecutionPolicyException /Users/runner/work/App/App/build/Build/Products/Release-iphoneos/React-cxxreact/React-cxxreact_privacy.bundle (in target 'React-cxxreact-React-cxxreact_privacy' from project 'Pods')
    cd /Users/runner/work/App/App/ios/Pods
    builtin-RegisterExecutionPolicyException /Users/runner/work/App/App/build/Build/Products/Release-iphoneos/React-cxxreact/React-cxxreact_privacy.bundle

Touch /Users/runner/work/App/App/build/Build/Products/Release-iphoneos/React-cxxreact/React-cxxreact_privacy.bundle (in target 'React-cxxreact-React-cxxreact_privacy' from project 'Pods')
    cd /Users/runner/work/App/App/ios/Pods
    /usr/bin/touch -c /Users/runner/work/App/App/build/Build/Products/Release-iphoneos/React-cxxreact/React-cxxreact_privacy.bundle

RegisterExecutionPolicyException /Users/runner/work/App/App/build/Build/Products/Release-iphoneos/React-Core/React-Core_privacy.bundle (in target 'React-Core-React-Core_privacy' from project 'Pods')
    cd /Users/runner/work/App/App/ios/Pods
    builtin-RegisterExecutionPolicyException /Users/runner/work/App/App/build/Build/Products/Release-iphoneos/React-Core/React-Core_privacy.bundle

ProcessInfoPlistFile /Users/runner/work/App/App/build/Build/Products/Release-iphoneos/RNCAsyncStorage/RNCAsyncStorage_resources.bundle/Info.plist /Users/runner/work/App/App/ios/Pods/Target\ Support\ Files/RNCAsyncStorage/ResourceBundle-RNCAsyncStorage_resources-RNCAsyncStorage-Info.plist (in target 'RNCAsyncStorage-RNCAsyncStorage_resources' from project 'Pods')
    cd /Users/runner/work/App/App/ios/Pods
    builtin-infoPlistUtility /Users/runner/work/App/App/ios/Pods/Target\ Support\ Files/RNCAsyncStorage/ResourceBundle-RNCAsyncStorage_resources-RNCAsyncStorage-Info.plist -producttype com.apple.product-type.bundle -expandbuildsettings -format binary -platform iphoneos -requiredArchitecture arm64 -o /Users/runner/work/App/App/build/Build/Products/Release-iphoneos/RNCAsyncStorage/RNCAsyncStorage_resources.bundle/Info.plist

CpResource /Users/runner/work/App/App/build/Build/Products/Release-iphoneos/RNCAsyncStorage/RNCAsyncStorage_resources.bundle/PrivacyInfo.xcprivacy /Users/runner/work/App/App/node_modules/@react-native-async-storage/async-storage/ios/PrivacyInfo.xcprivacy (in target 'RNCAsyncStorage-RNCAsyncStorage_resources' from project 'Pods')
    cd /Users/runner/work/App/App/ios/Pods
    builtin-copy -exclude .DS_Store -exclude CVS -exclude .svn -exclude .git -exclude .hg -resolve-src-symlinks /Users/runner/work/App/App/node_modules/@react-native-async-storage/async-storage/ios/PrivacyInfo.xcprivacy /Users/runner/work/App/App/build/Build/Products/Release-iphoneos/RNCAsyncStorage/RNCAsyncStorage_resources.bundle

Touch /Users/runner/work/App/App/build/Build/Products/Release-iphoneos/React-Core/React-Core_privacy.bundle (in target 'React-Core-React-Core_privacy' from project 'Pods')
    cd /Users/runner/work/App/App/ios/Pods
    /usr/bin/touch -c /Users/runner/work/App/App/build/Build/Products/Release-iphoneos/React-Core/React-Core_privacy.bundle

ProcessInfoPlistFile /Users/runner/work/App/App/build/Build/Products/Release-iphoneos/ExpoFileSystem/ExpoFileSystem_privacy.bundle/Info.plist /Users/runner/work/App/App/ios/Pods/Target\ Support\ Files/ExpoFileSystem/ResourceBundle-ExpoFileSystem_privacy-ExpoFileSystem-Info.plist (in target 'ExpoFileSystem-ExpoFileSystem_privacy' from project 'Pods')
    cd /Users/runner/work/App/App/ios/Pods
    builtin-infoPlistUtility /Users/runner/work/App/App/ios/Pods/Target\ Support\ Files/ExpoFileSystem/ResourceBundle-ExpoFileSystem_privacy-ExpoFileSystem-Info.plist -producttype com.apple.product-type.bundle -expandbuildsettings -format binary -platform iphoneos -requiredArchitecture arm64 -o /Users/runner/work/App/App/build/Build/Products/Release-iphoneos/ExpoFileSystem/ExpoFileSystem_privacy.bundle/Info.plist

RegisterExecutionPolicyException /Users/runner/work/App/App/build/Build/Products/Release-iphoneos/RNCAsyncStorage/RNCAsyncStorage_resources.bundle (in target 'RNCAsyncStorage-RNCAsyncStorage_resources' from project 'Pods')
    cd /Users/runner/work/App/App/ios/Pods
    builtin-RegisterExecutionPolicyException /Users/runner/work/App/App/build/Build/Products/Release-iphoneos/RNCAsyncStorage/RNCAsyncStorage_resources.bundle

Touch /Users/runner/work/App/App/build/Build/Products/Release-iphoneos/RNCAsyncStorage/RNCAsyncStorage_resources.bundle (in target 'RNCAsyncStorage-RNCAsyncStorage_resources' from project 'Pods')
    cd /Users/runner/work/App/App/ios/Pods
    /usr/bin/touch -c /Users/runner/work/App/App/build/Build/Products/Release-iphoneos/RNCAsyncStorage/RNCAsyncStorage_resources.bundle

ProcessInfoPlistFile /Users/runner/work/App/App/build/Build/Products/Release-iphoneos/EXConstants/ExpoConstants_privacy.bundle/Info.plist /Users/runner/work/App/App/ios/Pods/Target\ Support\ Files/EXConstants/ResourceBundle-ExpoConstants_privacy-EXConstants-Info.plist (in target 'EXConstants-ExpoConstants_privacy' from project 'Pods')
    cd /Users/runner/work/App/App/ios/Pods
    builtin-infoPlistUtility /Users/runner/work/App/App/ios/Pods/Target\ Support\ Files/EXConstants/ResourceBundle-ExpoConstants_privacy-EXConstants-Info.plist -producttype com.apple.product-type.bundle -expandbuildsettings -format binary -platform iphoneos -requiredArchitecture arm64 -o /Users/runner/work/App/App/build/Build/Products/Release-iphoneos/EXConstants/ExpoConstants_privacy.bundle/Info.plist

CpResource /Users/runner/work/App/App/build/Build/Products/Release-iphoneos/EXConstants/ExpoConstants_privacy.bundle/PrivacyInfo.xcprivacy /Users/runner/work/App/App/node_modules/expo/node_modules/expo-constants/ios/PrivacyInfo.xcprivacy (in target 'EXConstants-ExpoConstants_privacy' from project 'Pods')
    cd /Users/runner/work/App/App/ios/Pods
    builtin-copy -exclude .DS_Store -exclude CVS -exclude .svn -exclude .git -exclude .hg -resolve-src-symlinks /Users/runner/work/App/App/node_modules/expo/node_modules/expo-constants/ios/PrivacyInfo.xcprivacy /Users/runner/work/App/App/build/Build/Products/Release-iphoneos/EXConstants/ExpoConstants_privacy.bundle

RegisterExecutionPolicyException /Users/runner/work/App/App/build/Build/Products/Release-iphoneos/ExpoFileSystem/ExpoFileSystem_privacy.bundle (in target 'ExpoFileSystem-ExpoFileSystem_privacy' from project 'Pods')
    cd /Users/runner/work/App/App/ios/Pods
    builtin-RegisterExecutionPolicyException /Users/runner/work/App/App/build/Build/Products/Release-iphoneos/ExpoFileSystem/ExpoFileSystem_privacy.bundle

Touch /Users/runner/work/App/App/build/Build/Products/Release-iphoneos/ExpoFileSystem/ExpoFileSystem_privacy.bundle (in target 'ExpoFileSystem-ExpoFileSystem_privacy' from project 'Pods')
    cd /Users/runner/work/App/App/ios/Pods
    /usr/bin/touch -c /Users/runner/work/App/App/build/Build/Products/Release-iphoneos/ExpoFileSystem/ExpoFileSystem_privacy.bundle

ProcessInfoPlistFile /Users/runner/work/App/App/build/Build/Products/Release-iphoneos/EXConstants/EXConstants.bundle/Info.plist /Users/runner/work/App/App/ios/Pods/Target\ Support\ Files/EXConstants/ResourceBundle-EXConstants-EXConstants-Info.plist (in target 'EXConstants-EXConstants' from project 'Pods')
    cd /Users/runner/work/App/App/ios/Pods
    builtin-infoPlistUtility /Users/runner/work/App/App/ios/Pods/Target\ Support\ Files/EXConstants/ResourceBundle-EXConstants-EXConstants-Info.plist -producttype com.apple.product-type.bundle -expandbuildsettings -format binary -platform iphoneos -requiredArchitecture arm64 -o /Users/runner/work/App/App/build/Build/Products/Release-iphoneos/EXConstants/EXConstants.bundle/Info.plist

RegisterExecutionPolicyException /Users/runner/work/App/App/build/Build/Products/Release-iphoneos/EXConstants/ExpoConstants_privacy.bundle (in target 'EXConstants-ExpoConstants_privacy' from project 'Pods')
    cd /Users/runner/work/App/App/ios/Pods
    builtin-RegisterExecutionPolicyException /Users/runner/work/App/App/build/Build/Products/Release-iphoneos/EXConstants/ExpoConstants_privacy.bundle

Touch /Users/runner/work/App/App/build/Build/Products/Release-iphoneos/EXConstants/ExpoConstants_privacy.bundle (in target 'EXConstants-ExpoConstants_privacy' from project 'Pods')
    cd /Users/runner/work/App/App/ios/Pods
    /usr/bin/touch -c /Users/runner/work/App/App/build/Build/Products/Release-iphoneos/EXConstants/ExpoConstants_privacy.bundle

RegisterExecutionPolicyException /Users/runner/work/App/App/build/Build/Products/Release-iphoneos/EXConstants/EXConstants.bundle (in target 'EXConstants-EXConstants' from project 'Pods')
    cd /Users/runner/work/App/App/ios/Pods
    builtin-RegisterExecutionPolicyException /Users/runner/work/App/App/build/Build/Products/Release-iphoneos/EXConstants/EXConstants.bundle

Touch /Users/runner/work/App/App/build/Build/Products/Release-iphoneos/EXConstants/EXConstants.bundle (in target 'EXConstants-EXConstants' from project 'Pods')
    cd /Users/runner/work/App/App/ios/Pods
    /usr/bin/touch -c /Users/runner/work/App/App/build/Build/Products/Release-iphoneos/EXConstants/EXConstants.bundle

PhaseScriptExecution [CP]\ Copy\ XCFrameworks /Users/runner/work/App/App/build/Build/Intermediates.noindex/Pods.build/Release-iphoneos/ReactNativeDependencies.build/Script-46EB2E00016090.sh (in target 'ReactNativeDependencies' from project 'Pods')
    cd /Users/runner/work/App/App/ios/Pods
    /bin/sh -c /Users/runner/work/App/App/build/Build/Intermediates.noindex/Pods.build/Release-iphoneos/ReactNativeDependencies.build/Script-46EB2E00016090.sh
Selected xcframework slice ios-arm64
rsync --delete -av --filter P .*.?????? --links --filter "- CVS/" --filter "- .svn/" --filter "- .git/" --filter "- .hg/" "/Users/runner/work/App/App/ios/Pods/ReactNativeDependencies/framework/packages/react-native/ReactNativeDependencies.xcframework/ios-arm64/*" "/Users/runner/work/App/App/build/Build/Products/Release-iphoneos/XCFrameworkIntermediates/ReactNativeDependencies"
Transfer starting: 12 files
ReactNativeDependencies.framework/
ReactNativeDependencies.framework/Info.plist
ReactNativeDependencies.framework/ReactNativeDependencies
ReactNativeDependencies.framework/ReactNativeDependencies_boost.bundle/
ReactNativeDependencies.framework/ReactNativeDependencies_boost.bundle/Info.plist
ReactNativeDependencies.framework/ReactNativeDependencies_boost.bundle/PrivacyInfo.xcprivacy
ReactNativeDependencies.framework/ReactNativeDependencies_folly.bundle/
ReactNativeDependencies.framework/ReactNativeDependencies_folly.bundle/Info.plist
ReactNativeDependencies.framework/ReactNativeDependencies_folly.bundle/PrivacyInfo.xcprivacy
ReactNativeDependencies.framework/ReactNativeDependencies_glog.bundle/
ReactNativeDependencies.framework/ReactNativeDependencies_glog.bundle/Info.plist
ReactNativeDependencies.framework/ReactNativeDependencies_glog.bundle/PrivacyInfo.xcprivacy

sent 1242153 bytes  received 220 bytes  111925495 bytes/sec
total size is 1240342  speedup is 1.00
Copied /Users/runner/work/App/App/ios/Pods/ReactNativeDependencies/framework/packages/react-native/ReactNativeDependencies.xcframework/ios-arm64 to /Users/runner/work/App/App/build/Build/Products/Release-iphoneos/XCFrameworkIntermediates/ReactNativeDependencies

PhaseScriptExecution [CP-User]\ [RNCore]\ Replace\ React\ Native\ Core\ for\ the\ right\ configuration,\ if\ needed /Users/runner/work/App/App/build/Build/Intermediates.noindex/Pods.build/Release-iphoneos/React-Core-prebuilt.build/Script-46EB2E00016060.sh (in target 'React-Core-prebuilt' from project 'Pods')
    cd /Users/runner/work/App/App/ios/Pods
    export ACTION\=build
    export AD_HOC_CODE_SIGNING_ALLOWED\=NO
    export ALLOW_BUILD_REQUEST_OVERRIDES\=NO
    export ALLOW_TARGET_PLATFORM_SPECIALIZATION\=NO
    export ALTERNATE_GROUP\=staff
    export ALTERNATE_MODE\=u+w,go-w,a+rX
    export ALTERNATE_OWNER\=runner
    export ALTERNATIVE_DISTRIBUTION_WEB\=NO
    export ALWAYS_EMBED_SWIFT_STANDARD_LIBRARIES\=NO
    export ALWAYS_SEARCH_USER_PATHS\=NO
    export ALWAYS_USE_SEPARATE_HEADERMAPS\=NO
    export ANDROID_DEPLOYMENT_TARGET\=21.0
    export APPLICATION_EXTENSION_API_ONLY\=NO
    export APPLY_RULES_IN_COPY_FILES\=NO
    export APPLY_RULES_IN_COPY_HEADERS\=NO
    export APP_SHORTCUTS_ENABLE_FLEXIBLE_MATCHING\=YES
    export ARCHS\=arm64
    export ARCHS_STANDARD\=arm64
    export ARCHS_STANDARD_32_64_BIT\=armv7\ arm64
    export ARCHS_STANDARD_32_BIT\=armv7
    export ARCHS_STANDARD_64_BIT\=arm64
    export ARCHS_STANDARD_INCLUDING_64_BIT\=arm64
    export ARCHS_UNIVERSAL_IPHONE_OS\=armv7\ arm64
    export ASSETCATALOG_COMPILER_APPICON_NAME\=AppIcon
    export ASSETCATALOG_COMPILER_GLOBAL_ACCENT_COLOR_NAME\=AccentColor
    export AUTOMATICALLY_MERGE_DEPENDENCIES\=NO
    export AUTOMATION_APPLE_EVENTS\=NO
    export AVAILABLE_PLATFORMS\=android\ appletvos\ appletvsimulator\ driverkit\ iphoneos\ iphonesimulator\ macosx\ qnx\ watchos\ watchsimulator\ webassembly\ xros\ xrsimulator
    export BUILD_ACTIVE_RESOURCES_ONLY\=NO
    export BUILD_COMPONENTS\=headers\ build
    export BUILD_DIR\=/Users/runner/work/App/App/build/Build/Products
    export BUILD_LIBRARY_FOR_DISTRIBUTION\=NO
    export BUILD_ROOT\=/Users/runner/work/App/App/build/Build/Products
    export BUILD_STYLE\=
    export BUILD_VARIANTS\=normal
    export BUILT_PRODUCTS_DIR\=/Users/runner/work/App/App/build/Build/Products/Release-iphoneos/React-Core-prebuilt
    export BUNDLE_CONTENTS_FOLDER_PATH_deep\=Contents/
    export BUNDLE_EXECUTABLE_FOLDER_NAME_deep\=MacOS
    export BUNDLE_EXTENSIONS_FOLDER_PATH\=Extensions
    export BUNDLE_FORMAT\=shallow
    export BUNDLE_FRAMEWORKS_FOLDER_PATH\=Frameworks
    export BUNDLE_PLUGINS_FOLDER_PATH\=PlugIns
    export BUNDLE_PRIVATE_HEADERS_FOLDER_PATH\=PrivateHeaders
    export BUNDLE_PUBLIC_HEADERS_FOLDER_PATH\=Headers
    export CACHE_ROOT\=/var/folders/nj/vtw8zd2j31d1gdrtntc5y4600000gn/C/com.apple.DeveloperTools/26.3-17C529/Xcode
    export CCHROOT\=/var/folders/nj/vtw8zd2j31d1gdrtntc5y4600000gn/C/com.apple.DeveloperTools/26.3-17C529/Xcode
    export CHMOD\=/bin/chmod
    export CHOWN\=/usr/sbin/chown
    export CLANG_ANALYZER_LOCALIZABILITY_NONLOCALIZED\=YES
    export CLANG_ANALYZER_NONNULL\=YES
    export CLANG_ANALYZER_NUMBER_OBJECT_CONVERSION\=YES_AGGRESSIVE
    export CLANG_CACHE_FINE_GRAINED_OUTPUTS\=YES
    export CLANG_CXX_LANGUAGE_STANDARD\=c++20
    export CLANG_CXX_LIBRARY\=libc++
    export CLANG_ENABLE_EXPLICIT_MODULES\=YES
    export CLANG_ENABLE_MODULES\=YES
    export CLANG_ENABLE_OBJC_ARC\=YES
    export CLANG_ENABLE_OBJC_WEAK\=NO
    export CLANG_MODULES_BUILD_SESSION_FILE\=/Users/runner/work/App/App/build/ModuleCache.noindex/Session.modulevalidation
    export CLANG_WARN_BLOCK_CAPTURE_AUTORELEASING\=YES
    export CLANG_WARN_BOOL_CONVERSION\=YES
    export CLANG_WARN_COMMA\=YES
    export CLANG_WARN_CONSTANT_CONVERSION\=YES
    export CLANG_WARN_DEPRECATED_OBJC_IMPLEMENTATIONS\=YES
    export CLANG_WARN_DIRECT_OBJC_ISA_USAGE\=YES_ERROR
    export CLANG_WARN_DOCUMENTATION_COMMENTS\=YES
    export CLANG_WARN_EMPTY_BODY\=YES
    export CLANG_WARN_ENUM_CONVERSION\=YES
    export CLANG_WARN_INFINITE_RECURSION\=YES
    export CLANG_WARN_INT_CONVERSION\=YES
    export CLANG_WARN_NON_LITERAL_NULL_CONVERSION\=YES
    export CLANG_WARN_OBJC_IMPLICIT_RETAIN_SELF\=YES
    export CLANG_WARN_OBJC_LITERAL_CONVERSION\=YES
    export CLANG_WARN_OBJC_ROOT_CLASS\=YES_ERROR
    export CLANG_WARN_QUOTED_INCLUDE_IN_FRAMEWORK_HEADER\=NO
    export CLANG_WARN_RANGE_LOOP_ANALYSIS\=YES
    export CLANG_WARN_STRICT_PROTOTYPES\=YES
    export CLANG_WARN_SUSPICIOUS_MOVE\=YES
    export CLANG_WARN_UNGUARDED_AVAILABILITY\=YES_AGGRESSIVE
    export CLANG_WARN_UNREACHABLE_CODE\=YES
    export CLANG_WARN__DUPLICATE_METHOD_MATCH\=YES
    export CLASS_FILE_DIR\=/Users/runner/work/App/App/build/Build/Intermediates.noindex/Pods.build/Release-iphoneos/React-Core-prebuilt.build/JavaClasses
    export CLEAN_PRECOMPS\=YES
    export CLONE_HEADERS\=NO
    export CODESIGNING_FOLDER_PATH\=/Users/runner/work/App/App/build/Build/Products/Release-iphoneos/React-Core-prebuilt/
    export CODE_SIGNING_ALLOWED\=NO
    export CODE_SIGNING_REQUIRED\=NO
    export CODE_SIGN_CONTEXT_CLASS\=XCiPhoneOSCodeSignContext
    export CODE_SIGN_INJECT_BASE_ENTITLEMENTS\=YES
    export COLOR_DIAGNOSTICS\=NO
    export COMBINE_HIDPI_IMAGES\=NO
    export COMPILATION_CACHE_CAS_PATH\=/Users/runner/work/App/App/build/CompilationCache.noindex
    export COMPILATION_CACHE_KEEP_CAS_DIRECTORY\=YES
    export COMPILER_INDEX_STORE_ENABLE\=NO
    export COMPOSITE_SDK_DIRS\=/Users/runner/work/App/App/build/Build/Intermediates.noindex/CompositeSDKs
    export COMPRESS_PNG_FILES\=YES
    export CONFIGURATION\=Release
    export CONFIGURATION_BUILD_DIR\=/Users/runner/work/App/App/build/Build/Products/Release-iphoneos/React-Core-prebuilt
    export CONFIGURATION_TEMP_DIR\=/Users/runner/work/App/App/build/Build/Intermediates.noindex/Pods.build/Release-iphoneos
    export COPYING_PRESERVES_HFS_DATA\=NO
    export COPY_HEADERS_RUN_UNIFDEF\=NO
    export COPY_PHASE_STRIP\=NO
    export CORRESPONDING_SIMULATOR_PLATFORM_DIR\=/Applications/Xcode_26.3.app/Contents/Developer/Platforms/iPhoneSimulator.platform
    export CORRESPONDING_SIMULATOR_PLATFORM_NAME\=iphonesimulator
    export CORRESPONDING_SIMULATOR_SDK_DIR\=/Applications/Xcode_26.3.app/Contents/Developer/Platforms/iPhoneSimulator.platform/Developer/SDKs/iPhoneSimulator26.2.sdk
    export CORRESPONDING_SIMULATOR_SDK_NAME\=iphonesimulator26.2
    export CP\=/bin/cp
    export CREATE_INFOPLIST_SECTION_IN_BINARY\=NO
    export CURRENT_ARCH\=undefined_arch
    export CURRENT_VARIANT\=normal
    export DEAD_CODE_STRIPPING\=YES
    export DEBUGGING_SYMBOLS\=YES
    export DEBUG_INFORMATION_FORMAT\=dwarf-with-dsym
    export DEBUG_INFORMATION_VERSION\=compiler-default
    export DEFAULT_COMPILER\=com.apple.compilers.llvm.clang.1_0
    export DEFAULT_DEXT_INSTALL_PATH\=/System/Library/DriverExtensions
    export DEFAULT_KEXT_INSTALL_PATH\=/System/Library/Extensions
    export DEFINES_MODULE\=NO
    export DEPLOYMENT_LOCATION\=NO
    export DEPLOYMENT_POSTPROCESSING\=NO
    export DEPLOYMENT_TARGET_SETTING_NAME\=IPHONEOS_DEPLOYMENT_TARGET
    export DEPLOYMENT_TARGET_SUGGESTED_VALUES\=12.0\ 12.1\ 12.2\ 12.3\ 12.4\ 13.0\ 13.1\ 13.2\ 13.3\ 13.4\ 13.5\ 13.6\ 14.0\ 14.1\ 14.2\ 14.3\ 14.4\ 14.5\ 14.6\ 14.7\ 15.0\ 15.1\ 15.2\ 15.3\ 15.4\ 15.5\ 15.6\ 16.0\ 16.1\ 16.2\ 16.3\ 16.4\ 16.5\ 16.6\ 17.0\ 17.1\ 17.2\ 17.3\ 17.4\ 17.5\ 17.6\ 18.0\ 18.1\ 18.2\ 18.3\ 18.4\ 18.5\ 18.6\ 26.0\ 26.1\ 26.2
    export DERIVED_FILES_DIR\=/Users/runner/work/App/App/build/Build/Intermediates.noindex/Pods.build/Release-iphoneos/React-Core-prebuilt.build/DerivedSources
    export DERIVED_FILE_DIR\=/Users/runner/work/App/App/build/Build/Intermediates.noindex/Pods.build/Release-iphoneos/React-Core-prebuilt.build/DerivedSources
    export DERIVED_SOURCES_DIR\=/Users/runner/work/App/App/build/Build/Intermediates.noindex/Pods.build/Release-iphoneos/React-Core-prebuilt.build/DerivedSources
    export DERIVE_MACCATALYST_PRODUCT_BUNDLE_IDENTIFIER\=NO
    export DEVELOPER_APPLICATIONS_DIR\=/Applications/Xcode_26.3.app/Contents/Developer/Applications
    export DEVELOPER_BIN_DIR\=/Applications/Xcode_26.3.app/Contents/Developer/usr/bin
    export DEVELOPER_DIR\=/Applications/Xcode_26.3.app/Contents/Developer
    export DEVELOPER_FRAMEWORKS_DIR\=/Applications/Xcode_26.3.app/Contents/Developer/Library/Frameworks
    export DEVELOPER_FRAMEWORKS_DIR_QUOTED\=/Applications/Xcode_26.3.app/Contents/Developer/Library/Frameworks
    export DEVELOPER_LIBRARY_DIR\=/Applications/Xcode_26.3.app/Contents/Developer/Library
    export DEVELOPER_SDK_DIR\=/Applications/Xcode_26.3.app/Contents/Developer/Platforms/MacOSX.platform/Developer/SDKs
    export DEVELOPER_TOOLS_DIR\=/Applications/Xcode_26.3.app/Contents/Developer/Tools
    export DEVELOPER_USR_DIR\=/Applications/Xcode_26.3.app/Contents/Developer/usr
    export DEVELOPMENT_LANGUAGE\=en
    export DIAGNOSE_MISSING_TARGET_DEPENDENCIES\=YES
    export DIFF\=/usr/bin/diff
    export DONT_GENERATE_INFOPLIST_FILE\=NO
    export DSTROOT\=/tmp/Pods.dst
    export DT_TOOLCHAIN_DIR\=/Applications/Xcode_26.3.app/Contents/Developer/Toolchains/XcodeDefault.xctoolchain
    export DWARF_DSYM_FILE_NAME\=.dSYM
    export DWARF_DSYM_FILE_SHOULD_ACCOMPANY_PRODUCT\=NO
    export DWARF_DSYM_FOLDER_PATH\=/Users/runner/work/App/App/build/Build/Products/Release-iphoneos/React-Core-prebuilt
    export DYNAMIC_LIBRARY_EXTENSION\=dylib
    export EAGER_COMPILATION_ALLOW_SCRIPTS\=NO
    export EAGER_LINKING\=NO
    export EFFECTIVE_PLATFORM_NAME\=-iphoneos
    export EMBEDDED_CONTENT_CONTAINS_SWIFT\=NO
    export EMBEDDED_PROFILE_NAME\=embedded.mobileprovision
    export EMBED_ASSET_PACKS_IN_PRODUCT_BUNDLE\=NO
    export ENABLE_APP_SANDBOX\=NO
    export ENABLE_CODE_COVERAGE\=YES
    export ENABLE_CPLUSPLUS_BOUNDS_SAFE_BUFFERS\=NO
    export ENABLE_C_BOUNDS_SAFETY\=NO
    export ENABLE_DEBUG_DYLIB\=NO
    export ENABLE_DEFAULT_HEADER_SEARCH_PATHS\=YES
    export ENABLE_DEFAULT_SEARCH_PATHS\=YES
    export ENABLE_ENHANCED_SECURITY\=NO
    export ENABLE_HARDENED_RUNTIME\=NO
    export ENABLE_HEADER_DEPENDENCIES\=YES
    export ENABLE_INCOMING_NETWORK_CONNECTIONS\=NO
    export ENABLE_NS_ASSERTIONS\=NO
    export ENABLE_ON_DEMAND_RESOURCES\=NO
    export ENABLE_OUTGOING_NETWORK_CONNECTIONS\=NO
    export ENABLE_POINTER_AUTHENTICATION\=NO
    export ENABLE_PREVIEWS\=NO
    export ENABLE_RESOURCE_ACCESS_AUDIO_INPUT\=NO
    export ENABLE_RESOURCE_ACCESS_BLUETOOTH\=NO
    export ENABLE_RESOURCE_ACCESS_CALENDARS\=NO
    export ENABLE_RESOURCE_ACCESS_CAMERA\=NO
    export ENABLE_RESOURCE_ACCESS_CONTACTS\=NO
    export ENABLE_RESOURCE_ACCESS_LOCATION\=NO
    export ENABLE_RESOURCE_ACCESS_PHOTO_LIBRARY\=NO
    export ENABLE_RESOURCE_ACCESS_PRINTING\=NO
    export ENABLE_RESOURCE_ACCESS_USB\=NO
    export ENABLE_SDK_IMPORTS\=NO
    export ENABLE_SECURITY_COMPILER_WARNINGS\=NO
    export ENABLE_STRICT_OBJC_MSGSEND\=YES
    export ENABLE_TESTABILITY\=NO
    export ENABLE_TESTING_SEARCH_PATHS\=NO
    export ENABLE_USER_SCRIPT_SANDBOXING\=NO
    export ENABLE_XOJIT_PREVIEWS\=NO
    export ENFORCE_VALID_ARCHS\=YES
    export ENTITLEMENTS_DESTINATION\=Signature
    export ENTITLEMENTS_REQUIRED\=YES
    export EXCLUDED_INSTALLSRC_SUBDIRECTORY_PATTERNS\=.DS_Store\ .svn\ .git\ .hg\ CVS
    export EXCLUDED_RECURSIVE_SEARCH_PATH_SUBDIRECTORIES\=\*.nib\ \*.lproj\ \*.framework\ \*.gch\ \*.xcode\*\ \*.xcassets\ \*.icon\ \(\*\)\ .DS_Store\ CVS\ .svn\ .git\ .hg\ \*.pbproj\ \*.pbxproj
    export FILE_LIST\=/Users/runner/work/App/App/build/Build/Intermediates.noindex/Pods.build/Release-iphoneos/React-Core-prebuilt.build/Objects/LinkFileList
    export FIXED_FILES_DIR\=/Users/runner/work/App/App/build/Build/Intermediates.noindex/Pods.build/Release-iphoneos/React-Core-prebuilt.build/FixedFiles
    export FRAMEWORK_SEARCH_PATHS\=\ \"/Users/runner/work/App/App/ios/Pods/React-Core-prebuilt\"\ \"/Users/runner/work/App/App/ios/Pods/ReactNativeDependencies/framework/packages/react-native\"\ \"/Users/runner/work/App/App/build/Build/Products/Release-iphoneos/XCFrameworkIntermediates/React-Core-prebuilt\"\ \"/Users/runner/work/App/App/build/Build/Products/Release-iphoneos/XCFrameworkIntermediates/ReactNativeDependencies\"
    export FRAMEWORK_VERSION\=A
    export FUSE_BUILD_PHASES\=YES
    export FUSE_BUILD_SCRIPT_PHASES\=NO
    export GCC3_VERSION\=3.3
    export GCC_C_LANGUAGE_STANDARD\=gnu11
    export GCC_NO_COMMON_BLOCKS\=YES
    export GCC_PFE_FILE_C_DIALECTS\=c\ objective-c\ c++\ objective-c++
    export GCC_PREPROCESSOR_DEFINITIONS\=POD_CONFIGURATION_RELEASE\=1\ \ COCOAPODS\=1
    export GCC_THUMB_SUPPORT\=YES
    export GCC_TREAT_WARNINGS_AS_ERRORS\=NO
    export GCC_VERSION\=com.apple.compilers.llvm.clang.1_0
    export GCC_VERSION_IDENTIFIER\=com_apple_compilers_llvm_clang_1_0
    export GCC_WARN_64_TO_32_BIT_CONVERSION\=YES
    export GCC_WARN_ABOUT_RETURN_TYPE\=YES_ERROR
    export GCC_WARN_UNDECLARED_SELECTOR\=YES
    export GCC_WARN_UNINITIALIZED_AUTOS\=YES_AGGRESSIVE
    export GCC_WARN_UNUSED_FUNCTION\=YES
    export GCC_WARN_UNUSED_VARIABLE\=YES
    export GENERATED_MODULEMAP_DIR\=/Users/runner/work/App/App/build/Build/Intermediates.noindex/GeneratedModuleMaps-iphoneos
    export GENERATE_INFOPLIST_FILE\=NO
    export GENERATE_INTERMEDIATE_TEXT_BASED_STUBS\=YES
    export GENERATE_PKGINFO_FILE\=NO
    export GENERATE_PRELINK_OBJECT_FILE\=NO
    export GENERATE_PROFILING_CODE\=NO
    export GENERATE_TEXT_BASED_STUBS\=NO
    export GID\=20
    export GROUP\=staff
    export HEADERMAP_INCLUDES_FLAT_ENTRIES_FOR_TARGET_BEING_BUILT\=YES
    export HEADERMAP_INCLUDES_FRAMEWORK_ENTRIES_FOR_ALL_PRODUCT_TYPES\=YES
    export HEADERMAP_INCLUDES_FRAMEWORK_ENTRIES_FOR_TARGETS_NOT_BEING_BUILT\=YES
    export HEADERMAP_INCLUDES_NONPUBLIC_NONPRIVATE_HEADERS\=YES
    export HEADERMAP_INCLUDES_PROJECT_HEADERS\=YES
    export HEADERMAP_USES_FRAMEWORK_PREFIX_ENTRIES\=YES
    export HEADERMAP_USES_VFS\=NO
    export HEADER_SEARCH_PATHS\=\ \"/Users/runner/work/App/App/ios/Pods/Headers/Private\"\ \"/Users/runner/work/App/App/ios/Pods/Headers/Private/React-Core-prebuilt\"\ \"/Users/runner/work/App/App/ios/Pods/Headers/Public\"\ \"/Users/runner/work/App/App/ios/Pods/Headers/Public/React-Core-prebuilt\"\ \"/Users/runner/work/App/App/ios/Pods/Headers/Public/ReactNativeDependencies\"\ /Users/runner/work/App/App/ios/Pods/ReactNativeDependencies\ \"/Users/runner/work/App/App/ios/Pods/ExpoModulesCore/ExpoModulesCore.xcframework/ios-arm64_x86_64-simulator/ExpoModulesCore.framework/Headers\"\ \"/Users/runner/work/App/App/ios/Pods/ExpoModulesCore/ExpoModulesCore.xcframework/ios-arm64/ExpoModulesCore.framework/Headers\"\ \"/Users/runner/work/App/App/ios/Pods/ExpoModulesCore/ExpoModulesCore.xcframework/ios-arm64_x86_64-simulator/ExpoModulesCore.framework/Headers\"\ \"/Users/runner/work/App/App/ios/Pods/ExpoModulesCore/ExpoModulesCore.xcframework/ios-arm64/ExpoModulesCore.framework/Headers\"
    export HOME\=/Users/runner
    export HOST_ARCH\=arm64
    export HOST_PLATFORM\=macosx
    export ICONV\=/usr/bin/iconv
    export IMPLICIT_DEPENDENCY_DOMAIN\=default
    export INFOPLIST_ENABLE_CFBUNDLEICONS_MERGE\=YES
    export INFOPLIST_EXPAND_BUILD_SETTINGS\=YES
    export INFOPLIST_OUTPUT_FORMAT\=binary
    export INFOPLIST_PREPROCESS\=NO
    export INLINE_PRIVATE_FRAMEWORKS\=NO
    export INSTALLAPI_IGNORE_SKIP_INSTALL\=YES
    export INSTALLHDRS_COPY_PHASE\=NO
    export INSTALLHDRS_SCRIPT_PHASE\=NO
    export INSTALL_DIR\=/tmp/Pods.dst
    export INSTALL_GROUP\=staff
    export INSTALL_MODE_FLAG\=u+w,go-w,a+rX
    export INSTALL_OWNER\=runner
    export INSTALL_ROOT\=/tmp/Pods.dst
    export IPHONEOS_DEPLOYMENT_TARGET\=15.1
    export IS_UNOPTIMIZED_BUILD\=NO
    export JAVAC_DEFAULT_FLAGS\=-J-Xms64m\ -J-XX:NewSize\=4M\ -J-Dfile.encoding\=UTF8
    export JAVA_APP_STUB\=/System/Library/Frameworks/JavaVM.framework/Resources/MacOS/JavaApplicationStub
    export JAVA_ARCHIVE_CLASSES\=YES
    export JAVA_ARCHIVE_TYPE\=JAR
    export JAVA_COMPILER\=/usr/bin/javac
    export JAVA_FRAMEWORK_RESOURCES_DIRS\=Resources
    export JAVA_JAR_FLAGS\=cv
    export JAVA_SOURCE_SUBDIR\=.
    export JAVA_USE_DEPENDENCIES\=YES
    export JAVA_ZIP_FLAGS\=-urg
    export JIKES_DEFAULT_FLAGS\=+E\ +OLDCSO
    export KASAN_CFLAGS_CLASSIC\=-DKASAN\=1\ -DKASAN_CLASSIC\=1\ -fsanitize\=address\ -mllvm\ -asan-globals-live-support\ -mllvm\ -asan-force-dynamic-shadow
    export KASAN_CFLAGS_TBI\=-DKASAN\=1\ -DKASAN_TBI\=1\ -fsanitize\=kernel-hwaddress\ -mllvm\ -hwasan-recover\=0\ -mllvm\ -hwasan-instrument-atomics\=0\ -mllvm\ -hwasan-instrument-stack\=1\ -mllvm\ -hwasan-generate-tags-with-calls\=1\ -mllvm\ -hwasan-instrument-with-calls\=1\ -mllvm\ -hwasan-use-short-granules\=0\ -mllvm\ -hwasan-memory-access-callback-prefix\=__asan_
    export KASAN_DEFAULT_CFLAGS\=-DKASAN\=1\ -DKASAN_CLASSIC\=1\ -fsanitize\=address\ -mllvm\ -asan-globals-live-support\ -mllvm\ -asan-force-dynamic-shadow
    export KEEP_PRIVATE_EXTERNS\=NO
    export LD_DEPENDENCY_INFO_FILE\=/Users/runner/work/App/App/build/Build/Intermediates.noindex/Pods.build/Release-iphoneos/React-Core-prebuilt.build/Objects-normal/undefined_arch/React-Core-prebuilt_dependency_info.dat
    export LD_EXPORT_SYMBOLS\=YES
    export LD_GENERATE_MAP_FILE\=NO
    export LD_MAP_FILE_PATH\=/Users/runner/work/App/App/build/Build/Intermediates.noindex/Pods.build/Release-iphoneos/React-Core-prebuilt.build/React-Core-prebuilt-LinkMap-normal-undefined_arch.txt
    export LD_NO_PIE\=NO
    export LD_QUOTE_LINKER_ARGUMENTS_FOR_COMPILER_DRIVER\=YES
    export LD_RUNPATH_SEARCH_PATHS\=\ @executable_path/Frameworks
    export LD_SHARED_CACHE_ELIGIBLE\=Automatic
    export LD_WARN_DUPLICATE_LIBRARIES\=NO
    export LD_WARN_UNUSED_DYLIBS\=NO
    export LEGACY_DEVELOPER_DIR\=/Applications/Xcode_26.3.app/Contents/PlugIns/Xcode3Core.ideplugin/Contents/SharedSupport/Developer
    export LEX\=lex
    export LIBRARY_DEXT_INSTALL_PATH\=/Library/DriverExtensions
    export LIBRARY_FLAG_NOSPACE\=YES
    export LIBRARY_KEXT_INSTALL_PATH\=/Library/Extensions
    export LINKER_DISPLAYS_MANGLED_NAMES\=NO
    export LINK_FILE_LIST_normal_arm64\=/Users/runner/work/App/App/build/Build/Intermediates.noindex/Pods.build/Release-iphoneos/React-Core-prebuilt.build/Objects-normal/arm64/React-Core-prebuilt.LinkFileList
    export LINK_OBJC_RUNTIME\=YES
    export LINK_WITH_STANDARD_LIBRARIES\=YES
    export LLVM_TARGET_TRIPLE_OS_VERSION\=ios15.1
    export LLVM_TARGET_TRIPLE_VENDOR\=apple
    export LM_AUX_CONST_METADATA_LIST_PATH_normal_arm64\=/Users/runner/work/App/App/build/Build/Intermediates.noindex/Pods.build/Release-iphoneos/React-Core-prebuilt.build/Objects-normal/arm64/React-Core-prebuilt.SwiftConstValuesFileList
    export LOCALIZATION_EXPORT_SUPPORTED\=YES
    export LOCALIZATION_PREFERS_STRING_CATALOGS\=NO
    export LOCALIZED_STRING_MACRO_NAMES\=NSLocalizedString\ CFCopyLocalizedString
    export LOCALIZED_STRING_SWIFTUI_SUPPORT\=YES
    export LOCAL_ADMIN_APPS_DIR\=/Applications/Utilities
    export LOCAL_APPS_DIR\=/Applications
    export LOCAL_DEVELOPER_DIR\=/Library/Developer
    export LOCAL_LIBRARY_DIR\=/Library
    export LOCROOT\=/Users/runner/work/App/App/ios/Pods
    export LOCSYMROOT\=/Users/runner/work/App/App/ios/Pods
    export MAC_OS_X_PRODUCT_BUILD_VERSION\=24G830
    export MAC_OS_X_VERSION_ACTUAL\=150709
    export MAC_OS_X_VERSION_MAJOR\=150000
    export MAC_OS_X_VERSION_MINOR\=150700
    export MAKE_MERGEABLE\=NO
    export MERGEABLE_LIBRARY\=NO
    export MERGED_BINARY_TYPE\=none
    export MERGE_LINKED_LIBRARIES\=NO
    export METAL_LIBRARY_FILE_BASE\=default
    export METAL_LIBRARY_OUTPUT_DIR\=/Users/runner/work/App/App/build/Build/Products/Release-iphoneos/React-Core-prebuilt/
    export MODULE_CACHE_DIR\=/Users/runner/work/App/App/build/ModuleCache.noindex
    export MTL_ENABLE_DEBUG_INFO\=NO
    export MTL_FAST_MATH\=YES
    export NATIVE_ARCH\=arm64
    export NATIVE_ARCH_32_BIT\=arm
    export NATIVE_ARCH_64_BIT\=arm64
    export NATIVE_ARCH_ACTUAL\=arm64
    export NO_COMMON\=YES
    export OBJECT_FILE_DIR\=/Users/runner/work/App/App/build/Build/Intermediates.noindex/Pods.build/Release-iphoneos/React-Core-prebuilt.build/Objects
    export OBJECT_FILE_DIR_normal\=/Users/runner/work/App/App/build/Build/Intermediates.noindex/Pods.build/Release-iphoneos/React-Core-prebuilt.build/Objects-normal
    export OBJROOT\=/Users/runner/work/App/App/build/Build/Intermediates.noindex
    export ONLY_ACTIVE_ARCH\=NO
    export OS\=MACOS
    export OSAC\=/usr/bin/osacompile
    export OTHER_CFLAGS\=\ -DRCT_REMOVE_LEGACY_ARCH\=1\ -ivfsoverlay\ \"/Users/runner/work/App/App/ios/Pods/React-Core-prebuilt/React-VFS.yaml\"\ -DNDEBUG
    export OTHER_CPLUSPLUSFLAGS\=\ -DRCT_REMOVE_LEGACY_ARCH\=1\ -ivfsoverlay\ \"/Users/runner/work/App/App/ios/Pods/React-Core-prebuilt/React-VFS.yaml\"\ -DNDEBUG\ -DRCT_REMOVE_LEGACY_ARCH\=1\ -ivfsoverlay\ \"/Users/runner/work/App/App/ios/Pods/React-Core-prebuilt/React-VFS.yaml\"\ -DNDEBUG\ \ -DRCT_NEW_ARCH_ENABLED\=1\ 
    export OTHER_SWIFT_FLAGS\=\ -Xcc\ -ivfsoverlay\ -Xcc\ \"/Users/runner/work/App/App/ios/Pods/React-Core-prebuilt/React-VFS.yaml\"\ -Xcc\ -Wno-incomplete-umbrella
    export PASCAL_STRINGS\=YES
    export PATH\=/Applications/Xcode_26.3.app/Contents/SharedFrameworks/SwiftBuild.framework/Versions/A/PlugIns/SWBBuildService.bundle/Contents/PlugIns/SWBUniversalPlatformPlugin.bundle/Contents/Frameworks/SWBUniversalPlatform.framework/Resources:/var/run/com.apple.security.cryptexd/mnt/com.apple.MobileAsset.MetalToolchain-v17.3.7003.10.HWIt4u/Metal.xctoolchain/usr/bin:/var/run/com.apple.security.cryptexd/mnt/com.apple.MobileAsset.MetalToolchain-v17.3.7003.10.HWIt4u/Metal.xctoolchain/usr/local/bin:/var/run/com.apple.security.cryptexd/mnt/com.apple.MobileAsset.MetalToolchain-v17.3.7003.10.HWIt4u/Metal.xctoolchain/usr/libexec:/Applications/Xcode_26.3.app/Contents/Developer/Toolchains/XcodeDefault.xctoolchain/usr/bin:/Applications/Xcode_26.3.app/Contents/Developer/Toolchains/XcodeDefault.xctoolchain/usr/local/bin:/Applications/Xcode_26.3.app/Contents/Developer/Toolchains/XcodeDefault.xctoolchain/usr/libexec:/Applications/Xcode_26.3.app/Contents/Developer/Platforms/iPhoneOS.platform/usr/bin:/Applications/Xcode_26.3.app/Contents/Developer/Platforms/iPhoneOS.platform/usr/local/bin:/Applications/Xcode_26.3.app/Contents/Developer/Platforms/iPhoneOS.platform/Developer/usr/bin:/Applications/Xcode_26.3.app/Contents/Developer/Platforms/iPhoneOS.platform/Developer/usr/local/bin:/Applications/Xcode_26.3.app/Contents/Developer/usr/bin:/Applications/Xcode_26.3.app/Contents/Developer/usr/local/bin:/Users/runner/hostedtoolcache/Ruby/3.3.12/arm64/bin:/Users/runner/hostedtoolcache/node/20.20.2/arm64/bin:/Users/runner/.local/bin:/opt/homebrew/bin:/opt/homebrew/sbin:/Users/runner/.cargo/bin:/usr/local/opt/curl/bin:/usr/local/bin:/usr/local/sbin:/Users/runner/bin:/Users/runner/.yarn/bin:/Users/runner/Library/Android/sdk/tools:/Users/runner/Library/Android/sdk/platform-tools:/Library/Frameworks/Python.framework/Versions/Current/bin:/Library/Frameworks/Mono.framework/Versions/Current/Commands:/usr/bin:/bin:/usr/sbin:/sbin:/Users/runner/.dotnet/tools
    export PATH_PREFIXES_EXCLUDED_FROM_HEADER_DEPENDENCIES\=/usr/include\ /usr/local/include\ /System/Library/Frameworks\ /System/Library/PrivateFrameworks\ /Applications/Xcode_26.3.app/Contents/Developer/Headers\ /Applications/Xcode_26.3.app/Contents/Developer/SDKs\ /Applications/Xcode_26.3.app/Contents/Developer/Platforms
    export PER_ARCH_MODULE_FILE_DIR\=/Users/runner/work/App/App/build/Build/Intermediates.noindex/Pods.build/Release-iphoneos/React-Core-prebuilt.build/Objects-normal/undefined_arch
    export PER_ARCH_OBJECT_FILE_DIR\=/Users/runner/work/App/App/build/Build/Intermediates.noindex/Pods.build/Release-iphoneos/React-Core-prebuilt.build/Objects-normal/undefined_arch
    export PER_VARIANT_OBJECT_FILE_DIR\=/Users/runner/work/App/App/build/Build/Intermediates.noindex/Pods.build/Release-iphoneos/React-Core-prebuilt.build/Objects-normal
    export PKGINFO_FILE_PATH\=/Users/runner/work/App/App/build/Build/Intermediates.noindex/Pods.build/Release-iphoneos/React-Core-prebuilt.build/PkgInfo
    export PLATFORM_DEVELOPER_APPLICATIONS_DIR\=/Applications/Xcode_26.3.app/Contents/Developer/Platforms/iPhoneOS.platform/Developer/Applications
    export PLATFORM_DEVELOPER_BIN_DIR\=/Applications/Xcode_26.3.app/Contents/Developer/Platforms/iPhoneOS.platform/Developer/usr/bin
    export PLATFORM_DEVELOPER_LIBRARY_DIR\=/Applications/Xcode_26.3.app/Contents/Developer/Platforms/iPhoneOS.platform/Developer/Library
    export PLATFORM_DEVELOPER_SDK_DIR\=/Applications/Xcode_26.3.app/Contents/Developer/Platforms/iPhoneOS.platform/Developer/SDKs
    export PLATFORM_DEVELOPER_TOOLS_DIR\=/Applications/Xcode_26.3.app/Contents/Developer/Platforms/iPhoneOS.platform/Developer/Tools
    export PLATFORM_DEVELOPER_USR_DIR\=/Applications/Xcode_26.3.app/Contents/Developer/Platforms/iPhoneOS.platform/Developer/usr
    export PLATFORM_DIR\=/Applications/Xcode_26.3.app/Contents/Developer/Platforms/iPhoneOS.platform
    export PLATFORM_DISPLAY_NAME\=iOS
    export PLATFORM_FAMILY_NAME\=iOS
    export PLATFORM_NAME\=iphoneos
    export PLATFORM_PREFERRED_ARCH\=arm64
    export PLATFORM_PRODUCT_BUILD_VERSION\=23C57
    export PLATFORM_REQUIRES_SWIFT_AUTOLINK_EXTRACT\=NO
    export PLATFORM_REQUIRES_SWIFT_MODULEWRAP\=NO
    export PLIST_FILE_OUTPUT_FORMAT\=binary
    export PODFILE_DIR\=/Users/runner/work/App/App/ios/Pods/..
    export PODS_BUILD_DIR\=/Users/runner/work/App/App/build/Build/Products
    export PODS_CONFIGURATION_BUILD_DIR\=/Users/runner/work/App/App/build/Build/Products/Release-iphoneos
    export PODS_DEVELOPMENT_LANGUAGE\=en
    export PODS_ROOT\=/Users/runner/work/App/App/ios/Pods
    export PODS_TARGET_SRCROOT\=/Users/runner/work/App/App/ios/Pods/React-Core-prebuilt
    export PODS_XCFRAMEWORKS_BUILD_DIR\=/Users/runner/work/App/App/build/Build/Products/Release-iphoneos/XCFrameworkIntermediates
    export PRECOMPS_INCLUDE_HEADERS_FROM_BUILT_PRODUCTS_DIR\=YES
    export PRECOMP_DESTINATION_DIR\=/Users/runner/work/App/App/build/Build/Intermediates.noindex/Pods.build/Release-iphoneos/React-Core-prebuilt.build/PrefixHeaders
    export PROCESSED_INFOPLIST_PATH\=/Users/runner/work/App/App/build/Build/Intermediates.noindex/Pods.build/Release-iphoneos/React-Core-prebuilt.build/Objects-normal/undefined_arch/Processed-Info.plist
    export PRODUCT_BUNDLE_IDENTIFIER\=org.cocoapods.React-Core-prebuilt
    export PRODUCT_MODULE_NAME\=React_Core_prebuilt
    export PRODUCT_NAME\=React-Core-prebuilt
    export PRODUCT_SETTINGS_PATH\=
    export PROFILING_CODE\=NO
    export PROJECT\=Pods
    export PROJECT_DERIVED_FILE_DIR\=/Users/runner/work/App/App/build/Build/Intermediates.noindex/Pods.build/DerivedSources
    export PROJECT_DIR\=/Users/runner/work/App/App/ios/Pods
    export PROJECT_FILE_PATH\=/Users/runner/work/App/App/ios/Pods/Pods.xcodeproj
    export PROJECT_GUID\=8699adb1dd336b26511df848a716bd42
    export PROJECT_NAME\=Pods
    export PROJECT_TEMP_DIR\=/Users/runner/work/App/App/build/Build/Intermediates.noindex/Pods.build
    export PROJECT_TEMP_ROOT\=/Users/runner/work/App/App/build/Build/Intermediates.noindex
    export REACT_NATIVE_PATH\=/Users/runner/work/App/App/ios/Pods/../../node_modules/react-native
    export RECOMMENDED_IPHONEOS_DEPLOYMENT_TARGET\=15.0
    export RECURSIVE_SEARCH_PATHS_FOLLOW_SYMLINKS\=YES
    export REMOVE_CVS_FROM_RESOURCES\=YES
    export REMOVE_GIT_FROM_RESOURCES\=YES
    export REMOVE_HEADERS_FROM_EMBEDDED_BUNDLES\=YES
    export REMOVE_HG_FROM_RESOURCES\=YES
    export REMOVE_STATIC_EXECUTABLES_FROM_EMBEDDED_BUNDLES\=YES
    export REMOVE_SVN_FROM_RESOURCES\=YES
    export RESCHEDULE_INDEPENDENT_HEADERS_PHASES\=YES
    export REZ_COLLECTOR_DIR\=/Users/runner/work/App/App/build/Build/Intermediates.noindex/Pods.build/Release-iphoneos/React-Core-prebuilt.build/ResourceManagerResources
    export REZ_OBJECTS_DIR\=/Users/runner/work/App/App/build/Build/Intermediates.noindex/Pods.build/Release-iphoneos/React-Core-prebuilt.build/ResourceManagerResources/Objects
    export RUNTIME_EXCEPTION_ALLOW_DYLD_ENVIRONMENT_VARIABLES\=NO
    export RUNTIME_EXCEPTION_ALLOW_JIT\=NO
    export RUNTIME_EXCEPTION_ALLOW_UNSIGNED_EXECUTABLE_MEMORY\=NO
    export RUNTIME_EXCEPTION_DEBUGGING_TOOL\=NO
    export RUNTIME_EXCEPTION_DISABLE_EXECUTABLE_PAGE_PROTECTION\=NO
    export RUNTIME_EXCEPTION_DISABLE_LIBRARY_VALIDATION\=NO
    export SCAN_ALL_SOURCE_FILES_FOR_INCLUDES\=NO
    export SCRIPT_INPUT_FILE_COUNT\=0
    export SCRIPT_INPUT_FILE_LIST_COUNT\=0
    export SCRIPT_OUTPUT_FILE_COUNT\=0
    export SCRIPT_OUTPUT_FILE_LIST_COUNT\=0
    export SDKROOT\=/Applications/Xcode_26.3.app/Contents/Developer/Platforms/iPhoneOS.platform/Developer/SDKs/iPhoneOS26.2.sdk
    export SDK_DIR\=/Applications/Xcode_26.3.app/Contents/Developer/Platforms/iPhoneOS.platform/Developer/SDKs/iPhoneOS26.2.sdk
    export SDK_DIR_iphoneos\=/Applications/Xcode_26.3.app/Contents/Developer/Platforms/iPhoneOS.platform/Developer/SDKs/iPhoneOS26.2.sdk
    export SDK_DIR_iphoneos26_2\=/Applications/Xcode_26.3.app/Contents/Developer/Platforms/iPhoneOS.platform/Developer/SDKs/iPhoneOS26.2.sdk
    export SDK_NAME\=iphoneos26.2
    export SDK_NAMES\=iphoneos26.2
    export SDK_PRODUCT_BUILD_VERSION\=23C57
    export SDK_STAT_CACHE_DIR\=/Users/runner/work/App/App/build
    export SDK_STAT_CACHE_ENABLE\=YES
    export SDK_STAT_CACHE_PATH\=/Users/runner/work/App/App/build/SDKStatCaches.noindex/iphoneos26.2-23C57-dc75598d0054f22ec865fa860f139d722dd23b4ebda140f7210d155ff1243552.sdkstatcache
    export SDK_VERSION\=26.2
    export SDK_VERSION_ACTUAL\=260200
    export SDK_VERSION_MAJOR\=260000
    export SDK_VERSION_MINOR\=260200
    export SED\=/usr/bin/sed
    export SEPARATE_STRIP\=NO
    export SEPARATE_SYMBOL_EDIT\=NO
    export SET_DIR_MODE_OWNER_GROUP\=YES
    export SET_FILE_MODE_OWNER_GROUP\=NO
    export SHALLOW_BUNDLE\=NO
    export SHARED_DERIVED_FILE_DIR\=/Users/runner/work/App/App/build/Build/Products/Release-iphoneos/React-Core-prebuilt/DerivedSources
    export SHARED_PRECOMPS_DIR\=/Users/runner/work/App/App/build/Build/Intermediates.noindex/PrecompiledHeaders
    export SKIP_INSTALL\=YES
    export SOURCE_ROOT\=/Users/runner/work/App/App/ios/Pods
    export SRCROOT\=/Users/runner/work/App/App/ios/Pods
    export STRINGSDATA_DIR\=/Users/runner/work/App/App/build/Build/Intermediates.noindex/Pods.build/Release-iphoneos/React-Core-prebuilt.build/Objects-normal/undefined_arch
    export STRINGSDATA_ROOT\=/Users/runner/work/App/App/build/Build/Intermediates.noindex/Pods.build/Release-iphoneos/React-Core-prebuilt.build
    export STRINGS_FILE_INFOPLIST_RENAME\=YES
    export STRINGS_FILE_OUTPUT_ENCODING\=binary
    export STRING_CATALOG_GENERATE_SYMBOLS\=NO
    export STRIP_BITCODE_FROM_COPIED_FILES\=YES
    export STRIP_INSTALLED_PRODUCT\=NO
    export STRIP_STYLE\=all
    export STRIP_SWIFT_SYMBOLS\=YES
    export SUPPORTED_DEVICE_FAMILIES\=1,2
    export SUPPORTED_PLATFORMS\=iphoneos\ iphonesimulator
    export SUPPORTS_MACCATALYST\=YES
    export SUPPORTS_MAC_DESIGNED_FOR_IPHONE_IPAD\=YES
    export SUPPORTS_TEXT_BASED_API\=NO
    export SUPPORTS_XR_DESIGNED_FOR_IPHONE_IPAD\=YES
    export SUPPRESS_WARNINGS\=NO
    export SWIFT_COMPILATION_MODE\=wholemodule
    export SWIFT_EMIT_CONST_VALUE_PROTOCOLS\=AppIntent\ EntityQuery\ AppEntity\ TransientEntity\ AppEnum\ AppShortcutProviding\ AppShortcutsProvider\ AnyResolverProviding\ AppIntentsPackage\ DynamicOptionsProvider\ _IntentValueRepresentable\ _AssistantIntentsProvider\ _GenerativeFunctionExtractable\ IntentValueQuery\ Resolver\ AppExtension\ ExtensionPointDefining
    export SWIFT_EMIT_LOC_STRINGS\=NO
    export SWIFT_EMIT_MODULE_INTERFACE\=NO
    export SWIFT_ENABLE_EXPLICIT_MODULES\=NO
    export SWIFT_OPTIMIZATION_LEVEL\=-O
    export SWIFT_PLATFORM_TARGET_PREFIX\=ios
    export SWIFT_RESPONSE_FILE_PATH_normal_arm64\=/Users/runner/work/App/App/build/Build/Intermediates.noindex/Pods.build/Release-iphoneos/React-Core-prebuilt.build/Objects-normal/arm64/React-Core-prebuilt.SwiftFileList
    export SWIFT_VERSION\=5.0
    export SYMROOT\=/Users/runner/work/App/App/build/Build/Products
    export SYSTEM_ADMIN_APPS_DIR\=/Applications/Utilities
    export SYSTEM_APPS_DIR\=/Applications
    export SYSTEM_CORE_SERVICES_DIR\=/System/Library/CoreServices
    export SYSTEM_DEMOS_DIR\=/Applications/Extras
    export SYSTEM_DEVELOPER_APPS_DIR\=/Applications/Xcode_26.3.app/Contents/Developer/Applications
    export SYSTEM_DEVELOPER_BIN_DIR\=/Applications/Xcode_26.3.app/Contents/Developer/usr/bin
    export SYSTEM_DEVELOPER_DEMOS_DIR\=/Applications/Xcode_26.3.app/Contents/Developer/Applications/Utilities/Built\ Examples
    export SYSTEM_DEVELOPER_DIR\=/Applications/Xcode_26.3.app/Contents/Developer
    export SYSTEM_DEVELOPER_DOC_DIR\=/Applications/Xcode_26.3.app/Contents/Developer/ADC\ Reference\ Library
    export SYSTEM_DEVELOPER_GRAPHICS_TOOLS_DIR\=/Applications/Xcode_26.3.app/Contents/Developer/Applications/Graphics\ Tools
    export SYSTEM_DEVELOPER_JAVA_TOOLS_DIR\=/Applications/Xcode_26.3.app/Contents/Developer/Applications/Java\ Tools
    export SYSTEM_DEVELOPER_PERFORMANCE_TOOLS_DIR\=/Applications/Xcode_26.3.app/Contents/Developer/Applications/Performance\ Tools
    export SYSTEM_DEVELOPER_RELEASENOTES_DIR\=/Applications/Xcode_26.3.app/Contents/Developer/ADC\ Reference\ Library/releasenotes
    export SYSTEM_DEVELOPER_TOOLS\=/Applications/Xcode_26.3.app/Contents/Developer/Tools
    export SYSTEM_DEVELOPER_TOOLS_DOC_DIR\=/Applications/Xcode_26.3.app/Contents/Developer/ADC\ Reference\ Library/documentation/DeveloperTools
    export SYSTEM_DEVELOPER_TOOLS_RELEASENOTES_DIR\=/Applications/Xcode_26.3.app/Contents/Developer/ADC\ Reference\ Library/releasenotes/DeveloperTools
    export SYSTEM_DEVELOPER_USR_DIR\=/Applications/Xcode_26.3.app/Contents/Developer/usr
    export SYSTEM_DEVELOPER_UTILITIES_DIR\=/Applications/Xcode_26.3.app/Contents/Developer/Applications/Utilities
    export SYSTEM_DEXT_INSTALL_PATH\=/System/Library/DriverExtensions
    export SYSTEM_DOCUMENTATION_DIR\=/Library/Documentation
    export SYSTEM_KEXT_INSTALL_PATH\=/System/Library/Extensions
    export SYSTEM_LIBRARY_DIR\=/System/Library
    export TAPI_DEMANGLE\=YES
    export TAPI_ENABLE_PROJECT_HEADERS\=NO
    export TAPI_LANGUAGE\=objective-c
    export TAPI_LANGUAGE_STANDARD\=compiler-default
    export TAPI_USE_SRCROOT\=YES
    export TAPI_VERIFY_MODE\=Pedantic
    export TARGETED_DEVICE_FAMILY\=1,2
    export TARGETNAME\=React-Core-prebuilt
    export TARGET_BUILD_DIR\=/Users/runner/work/App/App/build/Build/Products/Release-iphoneos/React-Core-prebuilt
    export TARGET_NAME\=React-Core-prebuilt
    export TARGET_TEMP_DIR\=/Users/runner/work/App/App/build/Build/Intermediates.noindex/Pods.build/Release-iphoneos/React-Core-prebuilt.build
    export TEMP_DIR\=/Users/runner/work/App/App/build/Build/Intermediates.noindex/Pods.build/Release-iphoneos/React-Core-prebuilt.build
    export TEMP_FILES_DIR\=/Users/runner/work/App/App/build/Build/Intermediates.noindex/Pods.build/Release-iphoneos/React-Core-prebuilt.build
    export TEMP_FILE_DIR\=/Users/runner/work/App/App/build/Build/Intermediates.noindex/Pods.build/Release-iphoneos/React-Core-prebuilt.build
    export TEMP_ROOT\=/Users/runner/work/App/App/build/Build/Intermediates.noindex
    export TEMP_SANDBOX_DIR\=/Users/runner/work/App/App/build/Build/Intermediates.noindex/TemporaryTaskSandboxes
    export TEST_FRAMEWORK_SEARCH_PATHS\=\ /Applications/Xcode_26.3.app/Contents/Developer/Platforms/iPhoneOS.platform/Developer/Library/Frameworks\ /Applications/Xcode_26.3.app/Contents/Developer/Platforms/iPhoneOS.platform/Developer/SDKs/iPhoneOS26.2.sdk/Developer/Library/Frameworks
    export TEST_LIBRARY_SEARCH_PATHS\=\ /Applications/Xcode_26.3.app/Contents/Developer/Platforms/iPhoneOS.platform/Developer/usr/lib
    export TOOLCHAINS\=com.apple.dt.toolchain.Metal.32023.864\ com.apple.dt.toolchain.XcodeDefault
    export TOOLCHAIN_DIR\=/var/run/com.apple.security.cryptexd/mnt/com.apple.MobileAsset.MetalToolchain-v17.3.7003.10.HWIt4u/Metal.xctoolchain
    export TOOLCHAIN_VERSION\=32023.864
    export TREAT_MISSING_BASELINES_AS_TEST_FAILURES\=NO
    export TREAT_MISSING_SCRIPT_PHASE_OUTPUTS_AS_ERRORS\=NO
    export UID\=501
    export UNINSTALLED_PRODUCTS_DIR\=/Users/runner/work/App/App/build/Build/Intermediates.noindex/UninstalledProducts
    export UNSTRIPPED_PRODUCT\=NO
    export USER\=runner
    export USER_APPS_DIR\=/Users/runner/Applications
    export USER_LIBRARY_DIR\=/Users/runner/Library
    export USE_DYNAMIC_NO_PIC\=YES
    export USE_HEADERMAP\=YES
    export USE_HEADER_SYMLINKS\=NO
    export USE_HERMES\=true
    export USE_RECURSIVE_SCRIPT_INPUTS_IN_SCRIPT_PHASES\=YES
    export VALIDATE_DEVELOPMENT_ASSET_PATHS\=YES_ERROR
    export VALIDATE_PRODUCT\=YES
    export VALID_ARCHS\=arm64\ arm64e\ armv7\ armv7s
    export VERBOSE_PBXCP\=NO
    export VERSION_INFO_BUILDER\=runner
    export VERSION_INFO_FILE\=React-Core-prebuilt_vers.c
    export VERSION_INFO_STRING\=\"@\(\#\)PROGRAM:React-Core-prebuilt\ \ PROJECT:Pods-\"
    export WORKSPACE_DIR\=/Users/runner/work/App/App/ios
    export WRAP_ASSET_PACKS_IN_SEPARATE_DIRECTORIES\=NO
    export XCODE_APP_SUPPORT_DIR\=/Applications/Xcode_26.3.app/Contents/Developer/Library/Xcode
    export XCODE_PRODUCT_BUILD_VERSION\=17C529
    export XCODE_VERSION_ACTUAL\=2630
    export XCODE_VERSION_MAJOR\=2600
    export XCODE_VERSION_MINOR\=2630
    export XPCSERVICES_FOLDER_PATH\=/XPCServices
    export YACC\=yacc
    export _DISCOVER_COMMAND_LINE_LINKER_INPUTS\=YES
    export _DISCOVER_COMMAND_LINE_LINKER_INPUTS_INCLUDE_WL\=YES
    export _LD_MULTIARCH\=YES
    export __DIAGNOSE_DEPRECATED_ARCHS\=YES
    export arch\=undefined_arch
    export variant\=normal
    /bin/sh -c /Users/runner/work/App/App/build/Build/Intermediates.noindex/Pods.build/Release-iphoneos/React-Core-prebuilt.build/Script-46EB2E00016060.sh
Node found at: /Users/runner/hostedtoolcache/node/20.20.2/arm64/bin/node
Extracting the tarball to temp dir /Users/runner/work/App/App/ios/Pods/ReactNativeCore-artifacts/reactnative-core-0.86.3-release.tar.gz
Removing directory React-Core-prebuilt/React.xcframework
Updating React-Core-prebuilt/.last_build_configuration with Release
Done replacing React Native prebuilt

PhaseScriptExecution [CP]\ Copy\ XCFrameworks /Users/runner/work/App/App/build/Build/Intermediates.noindex/Pods.build/Release-iphoneos/React-Core-prebuilt.build/Script-46EB2E00016050.sh (in target 'React-Core-prebuilt' from project 'Pods')
    cd /Users/runner/work/App/App/ios/Pods
    /bin/sh -c /Users/runner/work/App/App/build/Build/Intermediates.noindex/Pods.build/Release-iphoneos/React-Core-prebuilt.build/Script-46EB2E00016050.sh
Selected xcframework slice ios-arm64
rsync --delete -av --filter P .*.?????? --links --filter "- CVS/" --filter "- .svn/" --filter "- .git/" --filter "- .hg/" "/Users/runner/work/App/App/ios/Pods/React-Core-prebuilt/React.xcframework/ios-arm64/*" "/Users/runner/work/App/App/build/Build/Products/Release-iphoneos/XCFrameworkIntermediates/React-Core-prebuilt"
Transfer starting: 1429 files
React.framework/
React.framework/Info.plist
React.framework/React
React.framework/Headers/
React.framework/Headers/FBLazyVector/
React.framework/Headers/FBLazyVector/FBLazyVector/
React.framework/Headers/FBLazyVector/FBLazyVector/FBLazyIterator.h
React.framework/Headers/FBLazyVector/FBLazyVector/FBLazyVector.h
React.framework/Headers/RCTDeprecation/
React.framework/Headers/RCTDeprecation/RCTDeprecation.h
React.framework/Headers/RCTRequired/
React.framework/Headers/RCTRequired/RCTRequired/
React.framework/Headers/RCTRequired/RCTRequired/RCTRequired.h
React.framework/Headers/RCTSwiftUIWrapper/
React.framework/Headers/RCTSwiftUIWrapper/RCTSwiftUIWrapper/
React.framework/Headers/RCTSwiftUIWrapper/RCTSwiftUIWrapper/RCTSwiftUIContainerViewWrapper.h
React.framework/Headers/RCTTypeSafety/
React.framework/Headers/RCTTypeSafety/RCTTypeSafety/
React.framework/Headers/RCTTypeSafety/RCTTypeSafety/RCTConvertHelpers.h
React.framework/Headers/RCTTypeSafety/RCTTypeSafety/RCTTypedModuleConstants.h
React.framework/Headers/ReactCommon/
React.framework/Headers/ReactCommon/ReactCommon/
React.framework/Headers/ReactCommon/ReactCommon/CxxTurboModuleUtils.h
React.framework/Headers/ReactCommon/ReactCommon/TurboModule.h
React.framework/Headers/ReactCommon/ReactCommon/TurboModuleBinding.h
React.framework/Headers/ReactCommon/ReactCommon/TurboModulePerfLogger.h
React.framework/Headers/ReactCommon/ReactCommon/TurboModuleUtils.h
React.framework/Headers/ReactCommon/ReactCommon/TurboModuleWithJSIBindings.h
React.framework/Headers/ReactCommon/react/
React.framework/Headers/ReactCommon/react/bridging/
React.framework/Headers/ReactCommon/react/bridging/AString.h
React.framework/Headers/ReactCommon/react/bridging/Array.h
React.framework/Headers/ReactCommon/react/bridging/Base.h
React.framework/Headers/ReactCommon/react/bridging/Bool.h
React.framework/Headers/ReactCommon/react/bridging/Bridging.h
React.framework/Headers/ReactCommon/react/bridging/CallbackWrapper.h
React.framework/Headers/ReactCommon/react/bridging/Class.h
React.framework/Headers/ReactCommon/react/bridging/Convert.h
React.framework/Headers/ReactCommon/react/bridging/Dynamic.h
React.framework/Headers/ReactCommon/react/bridging/Error.h
React.framework/Headers/ReactCommon/react/bridging/EventEmitter.h
React.framework/Headers/ReactCommon/react/bridging/Function.h
React.framework/Headers/ReactCommon/react/bridging/HighResTimeStamp.h
React.framework/Headers/ReactCommon/react/bridging/LongLivedObject.h
React.framework/Headers/ReactCommon/react/bridging/Number.h
React.framework/Headers/ReactCommon/react/bridging/Object.h
React.framework/Headers/ReactCommon/react/bridging/Promise.h
React.framework/Headers/ReactCommon/react/bridging/Value.h
React.framework/Headers/React_Core/
React.framework/Headers/React_Core/React_Core-umbrella.h
React.framework/Headers/React_Core/React/
React.framework/Headers/React_Core/React/CoreModulesPlugins.h
React.framework/Headers/React_Core/React/DispatchMessageQueueThread.h
React.framework/Headers/React_Core/React/FBXXHashUtils.h
React.framework/Headers/React_Core/React/NSDataBigString.h
React.framework/Headers/React_Core/React/NSTextStorage+FontScaling.h
React.framework/Headers/React_Core/React/RCTAccessibilityManager+Internal.h
React.framework/Headers/React_Core/React/RCTAccessibilityManager.h
React.framework/Headers/React_Core/React/RCTActionSheetManager.h
React.framework/Headers/React_Core/React/RCTActivityIndicatorView.h
React.framework/Headers/React_Core/React/RCTActivityIndicatorViewManager.h
React.framework/Headers/React_Core/React/RCTAdditionAnimatedNode.h
React.framework/Headers/React_Core/React/RCTAlertController.h
React.framework/Headers/React_Core/React/RCTAlertManager.h
React.framework/Headers/React_Core/React/RCTAnimatedImage.h
React.framework/Headers/React_Core/React/RCTAnimatedNode.h
React.framework/Headers/React_Core/React/RCTAnimationDriver.h
React.framework/Headers/React_Core/React/RCTAnimationPlugins.h
React.framework/Headers/React_Core/React/RCTAnimationType.h
React.framework/Headers/React_Core/React/RCTAnimationUtils.h
React.framework/Headers/React_Core/React/RCTAppState.h
React.framework/Headers/React_Core/React/RCTAppearance.h
React.framework/Headers/React_Core/React/RCTAssert.h
React.framework/Headers/React_Core/React/RCTAutoInsetsProtocol.h
React.framework/Headers/React_Core/React/RCTBackedTextInputDelegate.h
React.framework/Headers/React_Core/React/RCTBackedTextInputDelegateAdapter.h
React.framework/Headers/React_Core/React/RCTBackedTextInputViewProtocol.h
React.framework/Headers/React_Core/React/RCTBaseTextInputShadowView.h
React.framework/Headers/React_Core/React/RCTBaseTextInputView.h
React.framework/Headers/React_Core/React/RCTBaseTextInputViewManager.h
React.framework/Headers/React_Core/React/RCTBaseTextShadowView.h
React.framework/Headers/React_Core/React/RCTBaseTextViewManager.h
React.framework/Headers/React_Core/React/RCTBlobManager.h
React.framework/Headers/React_Core/React/RCTBorderCurve.h
React.framework/Headers/React_Core/React/RCTBorderDrawing.h
React.framework/Headers/React_Core/React/RCTBorderStyle.h
React.framework/Headers/React_Core/React/RCTBridge+Inspector.h
React.framework/Headers/React_Core/React/RCTBridge+Private.h
React.framework/Headers/React_Core/React/RCTBridge.h
React.framework/Headers/React_Core/React/RCTBridgeConstants.h
React.framework/Headers/React_Core/React/RCTBridgeDelegate.h
React.framework/Headers/React_Core/React/RCTBridgeMethod.h
React.framework/Headers/React_Core/React/RCTBridgeModule.h
React.framework/Headers/React_Core/React/RCTBridgeModuleDecorator.h
React.framework/Headers/React_Core/React/RCTBridgeProxy+Cxx.h
React.framework/Headers/React_Core/React/RCTBridgeProxy.h
React.framework/Headers/React_Core/React/RCTBundleAssetImageLoader.h
React.framework/Headers/React_Core/React/RCTBundleManager.h
React.framework/Headers/React_Core/React/RCTBundleURLProvider.h
React.framework/Headers/React_Core/React/RCTCallInvoker.h
React.framework/Headers/React_Core/React/RCTCallInvokerModule.h
React.framework/Headers/React_Core/React/RCTClipboard.h
React.framework/Headers/React_Core/React/RCTColorAnimatedNode.h
React.framework/Headers/React_Core/React/RCTComponent.h
React.framework/Headers/React_Core/React/RCTComponentData.h
React.framework/Headers/React_Core/React/RCTComponentEvent.h
React.framework/Headers/React_Core/React/RCTConstants.h
React.framework/Headers/React_Core/React/RCTConvert+CoreLocation.h
React.framework/Headers/React_Core/React/RCTConvert+Text.h
React.framework/Headers/React_Core/React/RCTConvert+Transform.h
React.framework/Headers/React_Core/React/RCTConvert.h
React.framework/Headers/React_Core/React/RCTCursor.h
React.framework/Headers/React_Core/React/RCTCxxBridgeDelegate.h
React.framework/Headers/React_Core/React/RCTCxxConvert.h
React.framework/Headers/React_Core/React/RCTCxxInspectorPackagerConnection.h
React.framework/Headers/React_Core/React/RCTCxxInspectorPackagerConnectionDelegate.h
React.framework/Headers/React_Core/React/RCTCxxInspectorWebSocketAdapter.h
React.framework/Headers/React_Core/React/RCTCxxMethod.h
React.framework/Headers/React_Core/React/RCTCxxUtils.h
React.framework/Headers/React_Core/React/RCTDataRequestHandler.h
React.framework/Headers/React_Core/React/RCTDebuggingOverlay.h
React.framework/Headers/React_Core/React/RCTDebuggingOverlayManager.h
React.framework/Headers/React_Core/React/RCTDecayAnimation.h
React.framework/Headers/React_Core/React/RCTDefaultCxxLogFunction.h
React.framework/Headers/React_Core/React/RCTDefines.h
React.framework/Headers/React_Core/React/RCTDevLoadingView.h
React.framework/Headers/React_Core/React/RCTDevLoadingViewProtocol.h
React.framework/Headers/React_Core/React/RCTDevLoadingViewSetEnabled.h
React.framework/Headers/React_Core/React/RCTDevMenu.h
React.framework/Headers/React_Core/React/RCTDevMenuConfigurationDecorator.h
React.framework/Headers/React_Core/React/RCTDevSettings.h
React.framework/Headers/React_Core/React/RCTDevSupportHttpHeaders.h
React.framework/Headers/React_Core/React/RCTDevToolsRuntimeSettingsModule.h
React.framework/Headers/React_Core/React/RCTDeviceInfo.h
React.framework/Headers/React_Core/React/RCTDiffClampAnimatedNode.h
React.framework/Headers/React_Core/React/RCTDisplayLink.h
React.framework/Headers/React_Core/React/RCTDisplayWeakRefreshable.h
React.framework/Headers/React_Core/React/RCTDivisionAnimatedNode.h
React.framework/Headers/React_Core/React/RCTDynamicTypeRamp.h
React.framework/Headers/React_Core/React/RCTErrorCustomizer.h
React.framework/Headers/React_Core/React/RCTErrorInfo.h
React.framework/Headers/React_Core/React/RCTEventAnimation.h
React.framework/Headers/React_Core/React/RCTEventDispatcher.h
React.framework/Headers/React_Core/React/RCTEventDispatcherProtocol.h
React.framework/Headers/React_Core/React/RCTEventEmitter.h
React.framework/Headers/React_Core/React/RCTExceptionsManager.h
React.framework/Headers/React_Core/React/RCTFPSGraph.h
React.framework/Headers/React_Core/React/RCTFileReaderModule.h
React.framework/Headers/React_Core/React/RCTFileRequestHandler.h
React.framework/Headers/React_Core/React/RCTFollyConvert.h
React.framework/Headers/React_Core/React/RCTFont+Private.h
React.framework/Headers/React_Core/React/RCTFont.h
React.framework/Headers/React_Core/React/RCTFrameAnimation.h
React.framework/Headers/React_Core/React/RCTFrameTimingsObserver.h
React.framework/Headers/React_Core/React/RCTFrameUpdate.h
React.framework/Headers/React_Core/React/RCTGIFImageDecoder.h
React.framework/Headers/React_Core/React/RCTHTTPRequestHandler.h
React.framework/Headers/React_Core/React/RCTI18nManager.h
React.framework/Headers/React_Core/React/RCTI18nUtil.h
React.framework/Headers/React_Core/React/RCTImageBlurUtils.h
React.framework/Headers/React_Core/React/RCTImageCache.h
React.framework/Headers/React_Core/React/RCTImageDataDecoder.h
React.framework/Headers/React_Core/React/RCTImageEditingManager.h
React.framework/Headers/React_Core/React/RCTImageLoader.h
React.framework/Headers/React_Core/React/RCTImageLoaderLoggable.h
React.framework/Headers/React_Core/React/RCTImageLoaderProtocol.h
React.framework/Headers/React_Core/React/RCTImageLoaderWithAttributionProtocol.h
React.framework/Headers/React_Core/React/RCTImagePlugins.h
React.framework/Headers/React_Core/React/RCTImageShadowView.h
React.framework/Headers/React_Core/React/RCTImageSource.h
React.framework/Headers/React_Core/React/RCTImageStoreManager.h
React.framework/Headers/React_Core/React/RCTImageURLLoader.h
React.framework/Headers/React_Core/React/RCTImageURLLoaderWithAttribution.h
React.framework/Headers/React_Core/React/RCTImageUtils.h
React.framework/Headers/React_Core/React/RCTImageView.h
React.framework/Headers/React_Core/React/RCTImageViewManager.h
React.framework/Headers/React_Core/React/RCTInitializing.h
React.framework/Headers/React_Core/React/RCTInputAccessoryShadowView.h
React.framework/Headers/React_Core/React/RCTInputAccessoryView.h
React.framework/Headers/React_Core/React/RCTInputAccessoryViewContent.h
React.framework/Headers/React_Core/React/RCTInputAccessoryViewManager.h
React.framework/Headers/React_Core/React/RCTInspector.h
React.framework/Headers/React_Core/React/RCTInspectorDevServerHelper.h
React.framework/Headers/React_Core/React/RCTInspectorNetworkHelper.h
React.framework/Headers/React_Core/React/RCTInspectorNetworkReporter.h
React.framework/Headers/React_Core/React/RCTInspectorPackagerConnection.h
React.framework/Headers/React_Core/React/RCTInspectorUtils.h
React.framework/Headers/React_Core/React/RCTInterpolationAnimatedNode.h
React.framework/Headers/React_Core/React/RCTInvalidating.h
React.framework/Headers/React_Core/React/RCTJSIExecutorRuntimeInstaller.h
React.framework/Headers/React_Core/React/RCTJSStackFrame.h
React.framework/Headers/React_Core/React/RCTJSThread.h
React.framework/Headers/React_Core/React/RCTJavaScriptExecutor.h
React.framework/Headers/React_Core/React/RCTJavaScriptLoader.h
React.framework/Headers/React_Core/React/RCTJscSafeUrl+Internal.h
React.framework/Headers/React_Core/React/RCTKeyCommands.h
React.framework/Headers/React_Core/React/RCTKeyboardObserver.h
React.framework/Headers/React_Core/React/RCTLayout.h
React.framework/Headers/React_Core/React/RCTLayoutAnimation.h
React.framework/Headers/React_Core/React/RCTLayoutAnimationGroup.h
React.framework/Headers/React_Core/React/RCTLinkingManager.h
React.framework/Headers/React_Core/React/RCTLinkingPlugins.h
React.framework/Headers/React_Core/React/RCTLocalAssetImageLoader.h
React.framework/Headers/React_Core/React/RCTLocalizedString.h
React.framework/Headers/React_Core/React/RCTLog.h
React.framework/Headers/React_Core/React/RCTLogBox.h
React.framework/Headers/React_Core/React/RCTLogBoxView.h
React.framework/Headers/React_Core/React/RCTMacros.h
React.framework/Headers/React_Core/React/RCTManagedPointer.h
React.framework/Headers/React_Core/React/RCTMessageThread.h
React.framework/Headers/React_Core/React/RCTMockDef.h
React.framework/Headers/React_Core/React/RCTModalHostView.h
React.framework/Headers/React_Core/React/RCTModalHostViewController.h
React.framework/Headers/React_Core/React/RCTModalHostViewManager.h
React.framework/Headers/React_Core/React/RCTModalManager.h
React.framework/Headers/React_Core/React/RCTModuleData.h
React.framework/Headers/React_Core/React/RCTModuleMethod.h
React.framework/Headers/React_Core/React/RCTModuloAnimatedNode.h
React.framework/Headers/React_Core/React/RCTMultilineTextInputView.h
React.framework/Headers/React_Core/React/RCTMultilineTextInputViewManager.h
React.framework/Headers/React_Core/React/RCTMultipartDataTask.h
React.framework/Headers/React_Core/React/RCTMultipartStreamReader.h
React.framework/Headers/React_Core/React/RCTMultiplicationAnimatedNode.h
React.framework/Headers/React_Core/React/RCTNativeAnimatedModule.h
React.framework/Headers/React_Core/React/RCTNativeAnimatedNodesManager.h
React.framework/Headers/React_Core/React/RCTNativeAnimatedTurboModule.h
React.framework/Headers/React_Core/React/RCTNativeModule.h
React.framework/Headers/React_Core/React/RCTNetworkConversions.h
React.framework/Headers/React_Core/React/RCTNetworkPlugins.h
React.framework/Headers/React_Core/React/RCTNetworkTask.h
React.framework/Headers/React_Core/React/RCTNetworking+Internal.h
React.framework/Headers/React_Core/React/RCTNetworking.h
React.framework/Headers/React_Core/React/RCTNullability.h
React.framework/Headers/React_Core/React/RCTObjcExecutor.h
React.framework/Headers/React_Core/React/RCTObjectAnimatedNode.h
React.framework/Headers/React_Core/React/RCTPLTag.h
React.framework/Headers/React_Core/React/RCTPackagerClient.h
React.framework/Headers/React_Core/React/RCTPackagerConnection.h
React.framework/Headers/React_Core/React/RCTParserUtils.h
React.framework/Headers/React_Core/React/RCTPausedInDebuggerOverlayController.h
React.framework/Headers/React_Core/React/RCTPerformanceLogger.h
React.framework/Headers/React_Core/React/RCTPerformanceLoggerLabels.h
React.framework/Headers/React_Core/React/RCTPlatform.h
React.framework/Headers/React_Core/React/RCTPointerEvents.h
React.framework/Headers/React_Core/React/RCTProfile.h
React.framework/Headers/React_Core/React/RCTPropsAnimatedNode.h
React.framework/Headers/React_Core/React/RCTPushNotificationManager.h
React.framework/Headers/React_Core/React/RCTPushNotificationPlugins.h
React.framework/Headers/React_Core/React/RCTRawTextShadowView.h
React.framework/Headers/React_Core/React/RCTRawTextViewManager.h
React.framework/Headers/React_Core/React/RCTReconnectingWebSocket.h
React.framework/Headers/React_Core/React/RCTRedBox+Internal.h
React.framework/Headers/React_Core/React/RCTRedBox.h
React.framework/Headers/React_Core/React/RCTRedBox2AnsiParser+Internal.h
React.framework/Headers/React_Core/React/RCTRedBox2Controller+Internal.h
React.framework/Headers/React_Core/React/RCTRedBox2ErrorParser+Internal.h
React.framework/Headers/React_Core/React/RCTRedBoxController+Internal.h
React.framework/Headers/React_Core/React/RCTRedBoxExtraDataViewController.h
React.framework/Headers/React_Core/React/RCTRedBoxHMRClient+Internal.h
React.framework/Headers/React_Core/React/RCTRedBoxSetEnabled.h
React.framework/Headers/React_Core/React/RCTRefreshControl.h
React.framework/Headers/React_Core/React/RCTRefreshControlManager.h
React.framework/Headers/React_Core/React/RCTRefreshableProtocol.h
React.framework/Headers/React_Core/React/RCTReloadCommand.h
React.framework/Headers/React_Core/React/RCTResizeMode.h
React.framework/Headers/React_Core/React/RCTRootContentView.h
React.framework/Headers/React_Core/React/RCTRootShadowView.h
React.framework/Headers/React_Core/React/RCTRootView.h
React.framework/Headers/React_Core/React/RCTRootViewDelegate.h
React.framework/Headers/React_Core/React/RCTRootViewInternal.h
React.framework/Headers/React_Core/React/RCTSafeAreaShadowView.h
React.framework/Headers/React_Core/React/RCTSafeAreaView.h
React.framework/Headers/React_Core/React/RCTSafeAreaViewLocalData.h
React.framework/Headers/React_Core/React/RCTSafeAreaViewManager.h
React.framework/Headers/React_Core/React/RCTScrollContentShadowView.h
React.framework/Headers/React_Core/React/RCTScrollContentView.h
React.framework/Headers/React_Core/React/RCTScrollContentViewManager.h
React.framework/Headers/React_Core/React/RCTScrollEvent.h
React.framework/Headers/React_Core/React/RCTScrollView.h
React.framework/Headers/React_Core/React/RCTScrollViewManager.h
React.framework/Headers/React_Core/React/RCTScrollableProtocol.h
React.framework/Headers/React_Core/React/RCTSettingsManager.h
React.framework/Headers/React_Core/React/RCTSettingsPlugins.h
React.framework/Headers/React_Core/React/RCTShadowView+Internal.h
React.framework/Headers/React_Core/React/RCTShadowView+Layout.h
React.framework/Headers/React_Core/React/RCTShadowView.h
React.framework/Headers/React_Core/React/RCTSinglelineTextInputView.h
React.framework/Headers/React_Core/React/RCTSinglelineTextInputViewManager.h
React.framework/Headers/React_Core/React/RCTSourceCode.h
React.framework/Headers/React_Core/React/RCTSpringAnimation.h
React.framework/Headers/React_Core/React/RCTStatusBarManager.h
React.framework/Headers/React_Core/React/RCTStyleAnimatedNode.h
React.framework/Headers/React_Core/React/RCTSubtractionAnimatedNode.h
React.framework/Headers/React_Core/React/RCTSurface.h
React.framework/Headers/React_Core/React/RCTSurfaceDelegate.h
React.framework/Headers/React_Core/React/RCTSurfaceHostingProxyRootView.h
React.framework/Headers/React_Core/React/RCTSurfaceHostingView.h
React.framework/Headers/React_Core/React/RCTSurfacePresenterStub.h
React.framework/Headers/React_Core/React/RCTSurfaceProtocol.h
React.framework/Headers/React_Core/React/RCTSurfaceRootShadowView.h
React.framework/Headers/React_Core/React/RCTSurfaceRootShadowViewDelegate.h
React.framework/Headers/React_Core/React/RCTSurfaceRootView.h
React.framework/Headers/React_Core/React/RCTSurfaceSizeMeasureMode.h
React.framework/Headers/React_Core/React/RCTSurfaceStage.h
React.framework/Headers/React_Core/React/RCTSurfaceView+Internal.h
React.framework/Headers/React_Core/React/RCTSurfaceView.h
React.framework/Headers/React_Core/React/RCTSwitch.h
React.framework/Headers/React_Core/React/RCTSwitchManager.h
React.framework/Headers/React_Core/React/RCTTextAttributes.h
React.framework/Headers/React_Core/React/RCTTextDecorationLineType.h
React.framework/Headers/React_Core/React/RCTTextSelection.h
React.framework/Headers/React_Core/React/RCTTextShadowView.h
React.framework/Headers/React_Core/React/RCTTextTransform.h
React.framework/Headers/React_Core/React/RCTTextView.h
React.framework/Headers/React_Core/React/RCTTextViewManager.h
React.framework/Headers/React_Core/React/RCTTiming.h
React.framework/Headers/React_Core/React/RCTTouchEvent.h
React.framework/Headers/React_Core/React/RCTTouchHandler.h
React.framework/Headers/React_Core/React/RCTTrackingAnimatedNode.h
React.framework/Headers/React_Core/React/RCTTransformAnimatedNode.h
React.framework/Headers/React_Core/React/RCTTurboModuleRegistry.h
React.framework/Headers/React_Core/React/RCTUIImageViewAnimated.h
React.framework/Headers/React_Core/React/RCTUIManager.h
React.framework/Headers/React_Core/React/RCTUIManagerObserverCoordinator.h
React.framework/Headers/React_Core/React/RCTUIManagerUtils.h
React.framework/Headers/React_Core/React/RCTUITextField.h
React.framework/Headers/React_Core/React/RCTUITextView.h
React.framework/Headers/React_Core/React/RCTURLRequestDelegate.h
React.framework/Headers/React_Core/React/RCTURLRequestHandler.h
React.framework/Headers/React_Core/React/RCTUtils.h
React.framework/Headers/React_Core/React/RCTUtilsUIOverride.h
React.framework/Headers/React_Core/React/RCTValueAnimatedNode.h
React.framework/Headers/React_Core/React/RCTVersion.h
React.framework/Headers/React_Core/React/RCTVibration.h
React.framework/Headers/React_Core/React/RCTVibrationPlugins.h
React.framework/Headers/React_Core/React/RCTView.h
React.framework/Headers/React_Core/React/RCTViewManager.h
React.framework/Headers/React_Core/React/RCTViewUtils.h
React.framework/Headers/React_Core/React/RCTVirtualTextShadowView.h
React.framework/Headers/React_Core/React/RCTVirtualTextView.h
React.framework/Headers/React_Core/React/RCTVirtualTextViewManager.h
React.framework/Headers/React_Core/React/RCTWebSocketModule.h
React.framework/Headers/React_Core/React/RCTWrapperViewController.h
React.framework/Headers/React_Core/React/UIView+Private.h
React.framework/Headers/React_Core/React/UIView+React.h
React.framework/Headers/React_CoreModules/
React.framework/Headers/React_CoreModules/CoreModules/
React.framework/Headers/React_CoreModules/CoreModules/CoreModulesPlugins.h
React.framework/Headers/React_CoreModules/CoreModules/RCTAccessibilityManager+Internal.h
React.framework/Headers/React_CoreModules/CoreModules/RCTAccessibilityManager.h
React.framework/Headers/React_CoreModules/CoreModules/RCTActionSheetManager.h
React.framework/Headers/React_CoreModules/CoreModules/RCTAlertController.h
React.framework/Headers/React_CoreModules/CoreModules/RCTAlertManager.h
React.framework/Headers/React_CoreModules/CoreModules/RCTAppState.h
React.framework/Headers/React_CoreModules/CoreModules/RCTAppearance.h
React.framework/Headers/React_CoreModules/CoreModules/RCTClipboard.h
React.framework/Headers/React_CoreModules/CoreModules/RCTDevLoadingView.h
React.framework/Headers/React_CoreModules/CoreModules/RCTDevMenu.h
React.framework/Headers/React_CoreModules/CoreModules/RCTDevMenuConfigurationDecorator.h
React.framework/Headers/React_CoreModules/CoreModules/RCTDevSettings.h
React.framework/Headers/React_CoreModules/CoreModules/RCTDevToolsRuntimeSettingsModule.h
React.framework/Headers/React_CoreModules/CoreModules/RCTDeviceInfo.h
React.framework/Headers/React_CoreModules/CoreModules/RCTEventDispatcher.h
React.framework/Headers/React_CoreModules/CoreModules/RCTExceptionsManager.h
React.framework/Headers/React_CoreModules/CoreModules/RCTFPSGraph.h
React.framework/Headers/React_CoreModules/CoreModules/RCTI18nManager.h
React.framework/Headers/React_CoreModules/CoreModules/RCTJscSafeUrl+Internal.h
React.framework/Headers/React_CoreModules/CoreModules/RCTKeyboardObserver.h
React.framework/Headers/React_CoreModules/CoreModules/RCTLogBox.h
React.framework/Headers/React_CoreModules/CoreModules/RCTLogBoxView.h
React.framework/Headers/React_CoreModules/CoreModules/RCTPlatform.h
React.framework/Headers/React_CoreModules/CoreModules/RCTRedBox+Internal.h
React.framework/Headers/React_CoreModules/CoreModules/RCTRedBox.h
React.framework/Headers/React_CoreModules/CoreModules/RCTRedBox2AnsiParser+Internal.h
React.framework/Headers/React_CoreModules/CoreModules/RCTRedBox2Controller+Internal.h
React.framework/Headers/React_CoreModules/CoreModules/RCTRedBox2ErrorParser+Internal.h
React.framework/Headers/React_CoreModules/CoreModules/RCTRedBoxController+Internal.h
React.framework/Headers/React_CoreModules/CoreModules/RCTRedBoxHMRClient+Internal.h
React.framework/Headers/React_CoreModules/CoreModules/RCTSourceCode.h
React.framework/Headers/React_CoreModules/CoreModules/RCTStatusBarManager.h
React.framework/Headers/React_CoreModules/CoreModules/RCTTiming.h
React.framework/Headers/React_CoreModules/CoreModules/RCTWebSocketModule.h
React.framework/Headers/React_Fabric/
React.framework/Headers/React_Fabric/react/
React.framework/Headers/React_Fabric/react/renderer/
React.framework/Headers/React_Fabric/react/renderer/animated/
React.framework/Headers/React_Fabric/react/renderer/animated/AdditionAnimatedNode.h
React.framework/Headers/React_Fabric/react/renderer/animated/AnimatedModule.h
React.framework/Headers/React_Fabric/react/renderer/animated/AnimatedMountingOverrideDelegate.h
React.framework/Headers/React_Fabric/react/renderer/animated/AnimatedNode.h
React.framework/Headers/React_Fabric/react/renderer/animated/AnimationDriver.h
React.framework/Headers/React_Fabric/react/renderer/animated/AnimationDriverUtils.h
React.framework/Headers/React_Fabric/react/renderer/animated/ColorAnimatedNode.h
React.framework/Headers/React_Fabric/react/renderer/animated/DecayAnimationDriver.h
React.framework/Headers/React_Fabric/react/renderer/animated/DiffClampAnimatedNode.h
React.framework/Headers/React_Fabric/react/renderer/animated/DivisionAnimatedNode.h
React.framework/Headers/React_Fabric/react/renderer/animated/EventAnimationDriver.h
React.framework/Headers/React_Fabric/react/renderer/animated/EventEmitterListener.h
React.framework/Headers/React_Fabric/react/renderer/animated/FrameAnimationDriver.h
React.framework/Headers/React_Fabric/react/renderer/animated/InterpolationAnimatedNode.h
React.framework/Headers/React_Fabric/react/renderer/animated/MergedValueDispatcher.h
React.framework/Headers/React_Fabric/react/renderer/animated/ModulusAnimatedNode.h
React.framework/Headers/React_Fabric/react/renderer/animated/MultiplicationAnimatedNode.h
React.framework/Headers/React_Fabric/react/renderer/animated/NativeAnimatedAllowlist.h
React.framework/Headers/React_Fabric/react/renderer/animated/NativeAnimatedNodesManager.h
React.framework/Headers/React_Fabric/react/renderer/animated/NativeAnimatedNodesManagerProvider.h
React.framework/Headers/React_Fabric/react/renderer/animated/ObjectAnimatedNode.h
React.framework/Headers/React_Fabric/react/renderer/animated/PropsAnimatedNode.h
React.framework/Headers/React_Fabric/react/renderer/animated/RoundAnimatedNode.h
React.framework/Headers/React_Fabric/react/renderer/animated/SpringAnimationDriver.h
React.framework/Headers/React_Fabric/react/renderer/animated/StyleAnimatedNode.h
React.framework/Headers/React_Fabric/react/renderer/animated/SubtractionAnimatedNode.h
React.framework/Headers/React_Fabric/react/renderer/animated/TrackingAnimatedNode.h
React.framework/Headers/React_Fabric/react/renderer/animated/TransformAnimatedNode.h
React.framework/Headers/React_Fabric/react/renderer/animated/ValueAnimatedNode.h
React.framework/Headers/React_Fabric/react/renderer/animated/primitives.h
React.framework/Headers/React_Fabric/react/renderer/animationbackend/
React.framework/Headers/React_Fabric/react/renderer/animationbackend/AnimatedProps.h
React.framework/Headers/React_Fabric/react/renderer/animationbackend/AnimatedPropsBuilder.h
React.framework/Headers/React_Fabric/react/renderer/animationbackend/AnimatedPropsRegistry.h
React.framework/Headers/React_Fabric/react/renderer/animationbackend/AnimatedPropsSerializer.h
React.framework/Headers/React_Fabric/react/renderer/animationbackend/AnimationBackend.h
React.framework/Headers/React_Fabric/react/renderer/animationbackend/AnimationBackendCommitHook.h
React.framework/Headers/React_Fabric/react/renderer/animationbackend/AnimationChoreographer.h
React.framework/Headers/React_Fabric/react/renderer/animations/
React.framework/Headers/React_Fabric/react/renderer/animations/LayoutAnimationCallbackWrapper.h
React.framework/Headers/React_Fabric/react/renderer/animations/LayoutAnimationDriver.h
React.framework/Headers/React_Fabric/react/renderer/animations/LayoutAnimationKeyFrameManager.h
React.framework/Headers/React_Fabric/react/renderer/animations/conversions.h
React.framework/Headers/React_Fabric/react/renderer/animations/primitives.h
React.framework/Headers/React_Fabric/react/renderer/animations/utils.h
React.framework/Headers/React_Fabric/react/renderer/attributedstring/
React.framework/Headers/React_Fabric/react/renderer/attributedstring/AttributedString.h
React.framework/Headers/React_Fabric/react/renderer/attributedstring/AttributedStringBox.h
React.framework/Headers/React_Fabric/react/renderer/attributedstring/ParagraphAttributes.h
React.framework/Headers/React_Fabric/react/renderer/attributedstring/PlaceholderAttributedString.h
React.framework/Headers/React_Fabric/react/renderer/attributedstring/TextAttributes.h
React.framework/Headers/React_Fabric/react/renderer/attributedstring/conversions.h
React.framework/Headers/React_Fabric/react/renderer/attributedstring/primitives.h
React.framework/Headers/React_Fabric/react/renderer/bridging/
React.framework/Headers/React_Fabric/react/renderer/bridging/bridging.h
React.framework/Headers/React_Fabric/react/renderer/componentregistry/
React.framework/Headers/React_Fabric/react/renderer/componentregistry/ComponentDescriptorFactory.h
React.framework/Headers/React_Fabric/react/renderer/componentregistry/ComponentDescriptorProvider.h
React.framework/Headers/React_Fabric/react/renderer/componentregistry/ComponentDescriptorProviderRegistry.h
React.framework/Headers/React_Fabric/react/renderer/componentregistry/ComponentDescriptorRegistry.h
React.framework/Headers/React_Fabric/react/renderer/componentregistry/componentNameByReactViewName.h
React.framework/Headers/React_Fabric/react/renderer/componentregistry/native/
React.framework/Headers/React_Fabric/react/renderer/componentregistry/native/NativeComponentRegistryBinding.h
React.framework/Headers/React_Fabric/react/renderer/components/
React.framework/Headers/React_Fabric/react/renderer/components/legacyviewmanagerinterop/
React.framework/Headers/React_Fabric/react/renderer/components/legacyviewmanagerinterop/LegacyViewManagerInteropComponentDescriptor.h
React.framework/Headers/React_Fabric/react/renderer/components/legacyviewmanagerinterop/LegacyViewManagerInteropShadowNode.h
React.framework/Headers/React_Fabric/react/renderer/components/legacyviewmanagerinterop/LegacyViewManagerInteropState.h
React.framework/Headers/React_Fabric/react/renderer/components/legacyviewmanagerinterop/LegacyViewManagerInteropViewProps.h
React.framework/Headers/React_Fabric/react/renderer/components/legacyviewmanagerinterop/RCTLegacyViewManagerInteropCoordinator.h
React.framework/Headers/React_Fabric/react/renderer/components/legacyviewmanagerinterop/UnstableLegacyViewManagerAutomaticComponentDescriptor.h
React.framework/Headers/React_Fabric/react/renderer/components/legacyviewmanagerinterop/UnstableLegacyViewManagerAutomaticShadowNode.h
React.framework/Headers/React_Fabric/react/renderer/components/legacyviewmanagerinterop/UnstableLegacyViewManagerInteropComponentDescriptor.h
React.framework/Headers/React_Fabric/react/renderer/components/root/
React.framework/Headers/React_Fabric/react/renderer/components/root/RootComponentDescriptor.h
React.framework/Headers/React_Fabric/react/renderer/components/root/RootProps.h
React.framework/Headers/React_Fabric/react/renderer/components/root/RootShadowNode.h
React.framework/Headers/React_Fabric/react/renderer/components/scrollview/
React.framework/Headers/React_Fabric/react/renderer/components/scrollview/BaseScrollViewProps.h
React.framework/Headers/React_Fabric/react/renderer/components/scrollview/HostPlatformScrollViewProps.h
React.framework/Headers/React_Fabric/react/renderer/components/scrollview/RCTComponentViewHelpers.h
React.framework/Headers/React_Fabric/react/renderer/components/scrollview/ScrollEvent.h
React.framework/Headers/React_Fabric/react/renderer/components/scrollview/ScrollViewComponentDescriptor.h
React.framework/Headers/React_Fabric/react/renderer/components/scrollview/ScrollViewEventEmitter.h
React.framework/Headers/React_Fabric/react/renderer/components/scrollview/ScrollViewProps.h
React.framework/Headers/React_Fabric/react/renderer/components/scrollview/ScrollViewShadowNode.h
React.framework/Headers/React_Fabric/react/renderer/components/scrollview/ScrollViewState.h
React.framework/Headers/React_Fabric/react/renderer/components/scrollview/conversions.h
React.framework/Headers/React_Fabric/react/renderer/components/scrollview/primitives.h
React.framework/Headers/React_Fabric/react/renderer/components/view/
React.framework/Headers/React_Fabric/react/renderer/components/view/AccessibilityPrimitives.h
React.framework/Headers/React_Fabric/react/renderer/components/view/AccessibilityProps.h
React.framework/Headers/React_Fabric/react/renderer/components/view/BackgroundImagePropsConversions.h
React.framework/Headers/React_Fabric/react/renderer/components/view/BaseTouch.h
React.framework/Headers/React_Fabric/react/renderer/components/view/BaseViewEventEmitter.h
React.framework/Headers/React_Fabric/react/renderer/components/view/BaseViewProps.h
React.framework/Headers/React_Fabric/react/renderer/components/view/BoxShadowPropsConversions.h
React.framework/Headers/React_Fabric/react/renderer/components/view/CSSConversions.h
React.framework/Headers/React_Fabric/react/renderer/components/view/ConcreteViewShadowNode.h
React.framework/Headers/React_Fabric/react/renderer/components/view/FilterPropsConversions.h
React.framework/Headers/React_Fabric/react/renderer/components/view/HostPlatformTouch.h
React.framework/Headers/React_Fabric/react/renderer/components/view/HostPlatformViewEventEmitter.h
React.framework/Headers/React_Fabric/react/renderer/components/view/HostPlatformViewProps.h
React.framework/Headers/React_Fabric/react/renderer/components/view/HostPlatformViewTraitsInitializer.h
React.framework/Headers/React_Fabric/react/renderer/components/view/LayoutConformanceComponentDescriptor.h
React.framework/Headers/React_Fabric/react/renderer/components/view/LayoutConformanceProps.h
React.framework/Headers/React_Fabric/react/renderer/components/view/LayoutConformanceShadowNode.h
React.framework/Headers/React_Fabric/react/renderer/components/view/PointerEvent.h
React.framework/Headers/React_Fabric/react/renderer/components/view/Touch.h
React.framework/Headers/React_Fabric/react/renderer/components/view/TouchEvent.h
React.framework/Headers/React_Fabric/react/renderer/components/view/TouchEventEmitter.h
React.framework/Headers/React_Fabric/react/renderer/components/view/ViewComponentDescriptor.h
React.framework/Headers/React_Fabric/react/renderer/components/view/ViewEventEmitter.h
React.framework/Headers/React_Fabric/react/renderer/components/view/ViewProps.h
React.framework/Headers/React_Fabric/react/renderer/components/view/ViewPropsInterpolation.h
React.framework/Headers/React_Fabric/react/renderer/components/view/ViewShadowNode.h
React.framework/Headers/React_Fabric/react/renderer/components/view/YogaLayoutableShadowNode.h
React.framework/Headers/React_Fabric/react/renderer/components/view/YogaStylableProps.h
React.framework/Headers/React_Fabric/react/renderer/components/view/accessibilityPropsConversions.h
React.framework/Headers/React_Fabric/react/renderer/components/view/conversions.h
React.framework/Headers/React_Fabric/react/renderer/components/view/primitives.h
React.framework/Headers/React_Fabric/react/renderer/components/view/propsConversions.h
React.framework/Headers/React_Fabric/react/renderer/consistency/
React.framework/Headers/React_Fabric/react/renderer/consistency/ScopedShadowTreeRevisionLock.h
React.framework/Headers/React_Fabric/react/renderer/consistency/ShadowTreeRevisionConsistencyManager.h
React.framework/Headers/React_Fabric/react/renderer/core/
React.framework/Headers/React_Fabric/react/renderer/core/ComponentDescriptor.h
React.framework/Headers/React_Fabric/react/renderer/core/ConcreteComponentDescriptor.h
React.framework/Headers/React_Fabric/react/renderer/core/ConcreteShadowNode.h
React.framework/Headers/React_Fabric/react/renderer/core/ConcreteState.h
React.framework/Headers/React_Fabric/react/renderer/core/DynamicEventPayload.h
React.framework/Headers/React_Fabric/react/renderer/core/DynamicPointerEvent.h
React.framework/Headers/React_Fabric/react/renderer/core/DynamicPropsUtilities.h
React.framework/Headers/React_Fabric/react/renderer/core/EventBeat.h
React.framework/Headers/React_Fabric/react/renderer/core/EventDispatcher.h
React.framework/Headers/React_Fabric/react/renderer/core/EventEmitter.h
React.framework/Headers/React_Fabric/react/renderer/core/EventListener.h
React.framework/Headers/React_Fabric/react/renderer/core/EventLogger.h
React.framework/Headers/React_Fabric/react/renderer/core/EventPayload.h
React.framework/Headers/React_Fabric/react/renderer/core/EventPayloadType.h
React.framework/Headers/React_Fabric/react/renderer/core/EventPipe.h
React.framework/Headers/React_Fabric/react/renderer/core/EventQueue.h
React.framework/Headers/React_Fabric/react/renderer/core/EventQueueProcessor.h
React.framework/Headers/React_Fabric/react/renderer/core/EventTarget.h
React.framework/Headers/React_Fabric/react/renderer/core/InstanceHandle.h
React.framework/Headers/React_Fabric/react/renderer/core/LayoutConstraints.h
React.framework/Headers/React_Fabric/react/renderer/core/LayoutContext.h
React.framework/Headers/React_Fabric/react/renderer/core/LayoutMetrics.h
React.framework/Headers/React_Fabric/react/renderer/core/LayoutPrimitives.h
React.framework/Headers/React_Fabric/react/renderer/core/LayoutableShadowNode.h
React.framework/Headers/React_Fabric/react/renderer/core/Props.h
React.framework/Headers/React_Fabric/react/renderer/core/PropsMacros.h
React.framework/Headers/React_Fabric/react/renderer/core/PropsParserContext.h
React.framework/Headers/React_Fabric/react/renderer/core/RawEvent.h
React.framework/Headers/React_Fabric/react/renderer/core/RawProps.h
React.framework/Headers/React_Fabric/react/renderer/core/RawPropsKey.h
React.framework/Headers/React_Fabric/react/renderer/core/RawPropsKeyMap.h
React.framework/Headers/React_Fabric/react/renderer/core/RawPropsParser.h
React.framework/Headers/React_Fabric/react/renderer/core/RawPropsPrimitives.h
React.framework/Headers/React_Fabric/react/renderer/core/RawValue.h
React.framework/Headers/React_Fabric/react/renderer/core/ReactEventPriority.h
React.framework/Headers/React_Fabric/react/renderer/core/ReactPrimitives.h
React.framework/Headers/React_Fabric/react/renderer/core/ReactRootViewTagGenerator.h
React.framework/Headers/React_Fabric/react/renderer/core/Sealable.h
React.framework/Headers/React_Fabric/react/renderer/core/ShadowNode.h
React.framework/Headers/React_Fabric/react/renderer/core/ShadowNodeFamily.h
React.framework/Headers/React_Fabric/react/renderer/core/ShadowNodeFragment.h
React.framework/Headers/React_Fabric/react/renderer/core/ShadowNodeTraits.h
React.framework/Headers/React_Fabric/react/renderer/core/State.h
React.framework/Headers/React_Fabric/react/renderer/core/StateData.h
React.framework/Headers/React_Fabric/react/renderer/core/StatePipe.h
React.framework/Headers/React_Fabric/react/renderer/core/StateUpdate.h
React.framework/Headers/React_Fabric/react/renderer/core/ValueFactory.h
React.framework/Headers/React_Fabric/react/renderer/core/ValueFactoryEventPayload.h
React.framework/Headers/React_Fabric/react/renderer/core/conversions.h
React.framework/Headers/React_Fabric/react/renderer/core/graphicsConversions.h
React.framework/Headers/React_Fabric/react/renderer/core/propsConversions.h
React.framework/Headers/React_Fabric/react/renderer/dom/
React.framework/Headers/React_Fabric/react/renderer/dom/DOM.h
React.framework/Headers/React_Fabric/react/renderer/imagemanager/
React.framework/Headers/React_Fabric/react/renderer/imagemanager/ImageManager.h
React.framework/Headers/React_Fabric/react/renderer/imagemanager/ImageRequest.h
React.framework/Headers/React_Fabric/react/renderer/imagemanager/ImageResponse.h
React.framework/Headers/React_Fabric/react/renderer/imagemanager/ImageResponseObserver.h
React.framework/Headers/React_Fabric/react/renderer/imagemanager/ImageResponseObserverCoordinator.h
React.framework/Headers/React_Fabric/react/renderer/imagemanager/ImageTelemetry.h
React.framework/Headers/React_Fabric/react/renderer/imagemanager/primitives.h
React.framework/Headers/React_Fabric/react/renderer/leakchecker/
React.framework/Headers/React_Fabric/react/renderer/leakchecker/LeakChecker.h
React.framework/Headers/React_Fabric/react/renderer/leakchecker/WeakFamilyRegistry.h
React.framework/Headers/React_Fabric/react/renderer/mounting/
React.framework/Headers/React_Fabric/react/renderer/mounting/CullingContext.h
React.framework/Headers/React_Fabric/react/renderer/mounting/DiffMap.h
React.framework/Headers/React_Fabric/react/renderer/mounting/Differentiator.h
React.framework/Headers/React_Fabric/react/renderer/mounting/LongestIncreasingSubsequence.h
React.framework/Headers/React_Fabric/react/renderer/mounting/MountingCoordinator.h
React.framework/Headers/React_Fabric/react/renderer/mounting/MountingOverrideDelegate.h
React.framework/Headers/React_Fabric/react/renderer/mounting/MountingTransaction.h
React.framework/Headers/React_Fabric/react/renderer/mounting/ShadowTree.h
React.framework/Headers/React_Fabric/react/renderer/mounting/ShadowTreeDelegate.h
React.framework/Headers/React_Fabric/react/renderer/mounting/ShadowTreeRegistry.h
React.framework/Headers/React_Fabric/react/renderer/mounting/ShadowTreeRevision.h
React.framework/Headers/React_Fabric/react/renderer/mounting/ShadowView.h
React.framework/Headers/React_Fabric/react/renderer/mounting/ShadowViewMutation.h
React.framework/Headers/React_Fabric/react/renderer/mounting/ShadowViewNodePair.h
React.framework/Headers/React_Fabric/react/renderer/mounting/StubView.h
React.framework/Headers/React_Fabric/react/renderer/mounting/StubViewTree.h
React.framework/Headers/React_Fabric/react/renderer/mounting/TelemetryController.h
React.framework/Headers/React_Fabric/react/renderer/mounting/TinyMap.h
React.framework/Headers/React_Fabric/react/renderer/mounting/sliceChildShadowNodeViewPairs.h
React.framework/Headers/React_Fabric/react/renderer/mounting/stubs.h
React.framework/Headers/React_Fabric/react/renderer/mounting/updateMountedFlag.h
React.framework/Headers/React_Fabric/react/renderer/observers/
React.framework/Headers/React_Fabric/react/renderer/observers/events/
React.framework/Headers/React_Fabric/react/renderer/observers/events/EventPerformanceLogger.h
React.framework/Headers/React_Fabric/react/renderer/scheduler/
React.framework/Headers/React_Fabric/react/renderer/scheduler/InspectorData.h
React.framework/Headers/React_Fabric/react/renderer/scheduler/Scheduler.h
React.framework/Headers/React_Fabric/react/renderer/scheduler/SchedulerDelegate.h
React.framework/Headers/React_Fabric/react/renderer/scheduler/SchedulerToolbox.h
React.framework/Headers/React_Fabric/react/renderer/scheduler/SurfaceHandler.h
React.framework/Headers/React_Fabric/react/renderer/scheduler/SurfaceManager.h
React.framework/Headers/React_Fabric/react/renderer/telemetry/
React.framework/Headers/React_Fabric/react/renderer/telemetry/SurfaceTelemetry.h
React.framework/Headers/React_Fabric/react/renderer/telemetry/TransactionTelemetry.h
React.framework/Headers/React_Fabric/react/renderer/uimanager/
React.framework/Headers/React_Fabric/react/renderer/uimanager/AppRegistryBinding.h
React.framework/Headers/React_Fabric/react/renderer/uimanager/LayoutAnimationStatusDelegate.h
React.framework/Headers/React_Fabric/react/renderer/uimanager/PointerEventsProcessor.h
React.framework/Headers/React_Fabric/react/renderer/uimanager/PointerHoverTracker.h
React.framework/Headers/React_Fabric/react/renderer/uimanager/SurfaceRegistryBinding.h
React.framework/Headers/React_Fabric/react/renderer/uimanager/UIManager.h
React.framework/Headers/React_Fabric/react/renderer/uimanager/UIManagerAnimationBackend.h
React.framework/Headers/React_Fabric/react/renderer/uimanager/UIManagerAnimationDelegate.h
React.framework/Headers/React_Fabric/react/renderer/uimanager/UIManagerBinding.h
React.framework/Headers/React_Fabric/react/renderer/uimanager/UIManagerCommitHook.h
React.framework/Headers/React_Fabric/react/renderer/uimanager/UIManagerDelegate.h
React.framework/Headers/React_Fabric/react/renderer/uimanager/UIManagerMountHook.h
React.framework/Headers/React_Fabric/react/renderer/uimanager/UIManagerNativeAnimatedDelegate.h
React.framework/Headers/React_Fabric/react/renderer/uimanager/UIManagerViewTransitionDelegate.h
React.framework/Headers/React_Fabric/react/renderer/uimanager/primitives.h
React.framework/Headers/React_Fabric/react/renderer/uimanager/consistency/
React.framework/Headers/React_Fabric/react/renderer/uimanager/consistency/LazyShadowTreeRevisionConsistencyManager.h
React.framework/Headers/React_Fabric/react/renderer/uimanager/consistency/ShadowTreeRevisionProvider.h
React.framework/Headers/React_Fabric/react/renderer/viewtransition/
React.framework/Headers/React_Fabric/react/renderer/viewtransition/ViewTransitionModule.h
React.framework/Headers/React_FabricComponents/
React.framework/Headers/React_FabricComponents/react/
React.framework/Headers/React_FabricComponents/react/renderer/
React.framework/Headers/React_FabricComponents/react/renderer/components/
React.framework/Headers/React_FabricComponents/react/renderer/components/inputaccessory/
React.framework/Headers/React_FabricComponents/react/renderer/components/inputaccessory/InputAccessoryComponentDescriptor.h
React.framework/Headers/React_FabricComponents/react/renderer/components/inputaccessory/InputAccessoryShadowNode.h
React.framework/Headers/React_FabricComponents/react/renderer/components/inputaccessory/InputAccessoryState.h
React.framework/Headers/React_FabricComponents/react/renderer/components/iostextinput/
React.framework/Headers/React_FabricComponents/react/renderer/components/iostextinput/BaseTextInputProps.h
React.framework/Headers/React_FabricComponents/react/renderer/components/iostextinput/BaseTextInputShadowNode.h
React.framework/Headers/React_FabricComponents/react/renderer/components/iostextinput/TextInputComponentDescriptor.h
React.framework/Headers/React_FabricComponents/react/renderer/components/iostextinput/TextInputEventEmitter.h
React.framework/Headers/React_FabricComponents/react/renderer/components/iostextinput/TextInputProps.h
React.framework/Headers/React_FabricComponents/react/renderer/components/iostextinput/TextInputShadowNode.h
React.framework/Headers/React_FabricComponents/react/renderer/components/iostextinput/TextInputState.h
React.framework/Headers/React_FabricComponents/react/renderer/components/iostextinput/baseConversions.h
React.framework/Headers/React_FabricComponents/react/renderer/components/iostextinput/basePrimitives.h
React.framework/Headers/React_FabricComponents/react/renderer/components/iostextinput/conversions.h
React.framework/Headers/React_FabricComponents/react/renderer/components/iostextinput/primitives.h
React.framework/Headers/React_FabricComponents/react/renderer/components/iostextinput/propsConversions.h
React.framework/Headers/React_FabricComponents/react/renderer/components/modal/
React.framework/Headers/React_FabricComponents/react/renderer/components/modal/ModalHostViewComponentDescriptor.h
React.framework/Headers/React_FabricComponents/react/renderer/components/modal/ModalHostViewShadowNode.h
React.framework/Headers/React_FabricComponents/react/renderer/components/modal/ModalHostViewState.h
React.framework/Headers/React_FabricComponents/react/renderer/components/modal/ModalHostViewUtils.h
React.framework/Headers/React_FabricComponents/react/renderer/components/rncore/
React.framework/Headers/React_FabricComponents/react/renderer/components/rncore/ComponentDescriptors.h
React.framework/Headers/React_FabricComponents/react/renderer/components/rncore/EventEmitters.h
React.framework/Headers/React_FabricComponents/react/renderer/components/rncore/Props.h
React.framework/Headers/React_FabricComponents/react/renderer/components/rncore/ShadowNodes.h
React.framework/Headers/React_FabricComponents/react/renderer/components/rncore/States.h
React.framework/Headers/React_FabricComponents/react/renderer/components/safeareaview/
React.framework/Headers/React_FabricComponents/react/renderer/components/safeareaview/SafeAreaViewComponentDescriptor.h
React.framework/Headers/React_FabricComponents/react/renderer/components/safeareaview/SafeAreaViewShadowNode.h
React.framework/Headers/React_FabricComponents/react/renderer/components/safeareaview/SafeAreaViewState.h
React.framework/Headers/React_FabricComponents/react/renderer/components/scrollview/
React.framework/Headers/React_FabricComponents/react/renderer/components/scrollview/BaseScrollViewProps.h
React.framework/Headers/React_FabricComponents/react/renderer/components/scrollview/HostPlatformScrollViewProps.h
React.framework/Headers/React_FabricComponents/react/renderer/components/scrollview/ScrollEvent.h
React.framework/Headers/React_FabricComponents/react/renderer/components/scrollview/ScrollViewComponentDescriptor.h
React.framework/Headers/React_FabricComponents/react/renderer/components/scrollview/ScrollViewEventEmitter.h
React.framework/Headers/React_FabricComponents/react/renderer/components/scrollview/ScrollViewProps.h
React.framework/Headers/React_FabricComponents/react/renderer/components/scrollview/ScrollViewShadowNode.h
React.framework/Headers/React_FabricComponents/react/renderer/components/scrollview/ScrollViewState.h
React.framework/Headers/React_FabricComponents/react/renderer/components/scrollview/conversions.h
React.framework/Headers/React_FabricComponents/react/renderer/components/scrollview/primitives.h
React.framework/Headers/React_FabricComponents/react/renderer/components/switch/
React.framework/Headers/React_FabricComponents/react/renderer/components/switch/AppleSwitchComponentDescriptor.h
React.framework/Headers/React_FabricComponents/react/renderer/components/switch/AppleSwitchShadowNode.h
React.framework/Headers/React_FabricComponents/react/renderer/components/text/
React.framework/Headers/React_FabricComponents/react/renderer/components/text/BaseParagraphComponentDescriptor.h
React.framework/Headers/React_FabricComponents/react/renderer/components/text/BaseParagraphProps.h
React.framework/Headers/React_FabricComponents/react/renderer/components/text/BaseTextProps.h
React.framework/Headers/React_FabricComponents/react/renderer/components/text/BaseTextShadowNode.h
React.framework/Headers/React_FabricComponents/react/renderer/components/text/HostPlatformParagraphProps.h
React.framework/Headers/React_FabricComponents/react/renderer/components/text/ParagraphComponentDescriptor.h
React.framework/Headers/React_FabricComponents/react/renderer/components/text/ParagraphEventEmitter.h
React.framework/Headers/React_FabricComponents/react/renderer/components/text/ParagraphProps.h
React.framework/Headers/React_FabricComponents/react/renderer/components/text/ParagraphShadowNode.h
React.framework/Headers/React_FabricComponents/react/renderer/components/text/ParagraphState.h
React.framework/Headers/React_FabricComponents/react/renderer/components/text/RawTextComponentDescriptor.h
React.framework/Headers/React_FabricComponents/react/renderer/components/text/RawTextProps.h
React.framework/Headers/React_FabricComponents/react/renderer/components/text/RawTextShadowNode.h
React.framework/Headers/React_FabricComponents/react/renderer/components/text/SelectableParagraphComponentDescriptor.h
React.framework/Headers/React_FabricComponents/react/renderer/components/text/SelectableParagraphShadowNode.h
React.framework/Headers/React_FabricComponents/react/renderer/components/text/TextComponentDescriptor.h
React.framework/Headers/React_FabricComponents/react/renderer/components/text/TextProps.h
React.framework/Headers/React_FabricComponents/react/renderer/components/text/TextShadowNode.h
React.framework/Headers/React_FabricComponents/react/renderer/components/text/stateConversions.h
React.framework/Headers/React_FabricComponents/react/renderer/components/textinput/
React.framework/Headers/React_FabricComponents/react/renderer/components/textinput/AndroidTextInputComponentDescriptor.h
React.framework/Headers/React_FabricComponents/react/renderer/components/textinput/AndroidTextInputEventEmitter.h
React.framework/Headers/React_FabricComponents/react/renderer/components/textinput/AndroidTextInputProps.h
React.framework/Headers/React_FabricComponents/react/renderer/components/textinput/AndroidTextInputShadowNode.h
React.framework/Headers/React_FabricComponents/react/renderer/components/textinput/AndroidTextInputState.h
React.framework/Headers/React_FabricComponents/react/renderer/components/textinput/BaseTextInputProps.h
React.framework/Headers/React_FabricComponents/react/renderer/components/textinput/BaseTextInputShadowNode.h
React.framework/Headers/React_FabricComponents/react/renderer/components/textinput/TextInputComponentDescriptor.h
React.framework/Headers/React_FabricComponents/react/renderer/components/textinput/TextInputEventEmitter.h
React.framework/Headers/React_FabricComponents/react/renderer/components/textinput/TextInputProps.h
React.framework/Headers/React_FabricComponents/react/renderer/components/textinput/TextInputShadowNode.h
React.framework/Headers/React_FabricComponents/react/renderer/components/textinput/TextInputState.h
React.framework/Headers/React_FabricComponents/react/renderer/components/textinput/baseConversions.h
React.framework/Headers/React_FabricComponents/react/renderer/components/textinput/basePrimitives.h
React.framework/Headers/React_FabricComponents/react/renderer/components/textinput/conversions.h
React.framework/Headers/React_FabricComponents/react/renderer/components/textinput/primitives.h
React.framework/Headers/React_FabricComponents/react/renderer/components/textinput/propsConversions.h
React.framework/Headers/React_FabricComponents/react/renderer/components/unimplementedview/
React.framework/Headers/React_FabricComponents/react/renderer/components/unimplementedview/UnimplementedViewComponentDescriptor.h
React.framework/Headers/React_FabricComponents/react/renderer/components/unimplementedview/UnimplementedViewProps.h
React.framework/Headers/React_FabricComponents/react/renderer/components/unimplementedview/UnimplementedViewShadowNode.h
React.framework/Headers/React_FabricComponents/react/renderer/components/virtualview/
React.framework/Headers/React_FabricComponents/react/renderer/components/virtualview/VirtualViewComponentDescriptor.h
React.framework/Headers/React_FabricComponents/react/renderer/components/virtualview/VirtualViewShadowNode.h
React.framework/Headers/React_FabricComponents/react/renderer/textlayoutmanager/
React.framework/Headers/React_FabricComponents/react/renderer/textlayoutmanager/RCTAttributedTextUtils.h
React.framework/Headers/React_FabricComponents/react/renderer/textlayoutmanager/RCTFontProperties.h
React.framework/Headers/React_FabricComponents/react/renderer/textlayoutmanager/RCTFontUtils.h
React.framework/Headers/React_FabricComponents/react/renderer/textlayoutmanager/RCTTextLayoutManager.h
React.framework/Headers/React_FabricComponents/react/renderer/textlayoutmanager/RCTTextPrimitivesConversions.h
React.framework/Headers/React_FabricComponents/react/renderer/textlayoutmanager/TextLayoutContext.h
React.framework/Headers/React_FabricComponents/react/renderer/textlayoutmanager/TextLayoutManager.h
React.framework/Headers/React_FabricComponents/react/renderer/textlayoutmanager/TextLayoutManagerExtended.h
React.framework/Headers/React_FabricComponents/react/renderer/textlayoutmanager/TextMeasureCache.h
React.framework/Headers/React_FabricImage/
React.framework/Headers/React_FabricImage/react/
React.framework/Headers/React_FabricImage/react/renderer/
React.framework/Headers/React_FabricImage/react/renderer/components/
React.framework/Headers/React_FabricImage/react/renderer/components/image/
React.framework/Headers/React_FabricImage/react/renderer/components/image/ImageComponentDescriptor.h
React.framework/Headers/React_FabricImage/react/renderer/components/image/ImageEventEmitter.h
React.framework/Headers/React_FabricImage/react/renderer/components/image/ImageProps.h
React.framework/Headers/React_FabricImage/react/renderer/components/image/ImageShadowNode.h
React.framework/Headers/React_FabricImage/react/renderer/components/image/ImageState.h
React.framework/Headers/React_FabricImage/react/renderer/components/image/conversions.h
React.framework/Headers/React_ImageManager/
React.framework/Headers/React_ImageManager/react/
React.framework/Headers/React_ImageManager/react/renderer/
React.framework/Headers/React_ImageManager/react/renderer/imagemanager/
React.framework/Headers/React_ImageManager/react/renderer/imagemanager/ImageRequestParams.h
React.framework/Headers/React_ImageManager/react/renderer/imagemanager/RCTImageManager.h
React.framework/Headers/React_ImageManager/react/renderer/imagemanager/RCTImageManagerProtocol.h
React.framework/Headers/React_ImageManager/react/renderer/imagemanager/RCTImagePrimitivesConversions.h
React.framework/Headers/React_ImageManager/react/renderer/imagemanager/RCTSyncImageManager.h
React.framework/Headers/React_Mapbuffer/
React.framework/Headers/React_Mapbuffer/react/
React.framework/Headers/React_Mapbuffer/react/renderer/
React.framework/Headers/React_Mapbuffer/react/renderer/mapbuffer/
React.framework/Headers/React_Mapbuffer/react/renderer/mapbuffer/MapBuffer.h
React.framework/Headers/React_Mapbuffer/react/renderer/mapbuffer/MapBufferBuilder.h
React.framework/Headers/React_NativeModulesApple/
React.framework/Headers/React_NativeModulesApple/ReactCommon/
React.framework/Headers/React_NativeModulesApple/ReactCommon/RCTInteropTurboModule.h
React.framework/Headers/React_NativeModulesApple/ReactCommon/RCTTurboModule.h
React.framework/Headers/React_NativeModulesApple/ReactCommon/RCTTurboModuleManager.h
React.framework/Headers/React_NativeModulesApple/ReactCommon/RCTTurboModuleWithJSIBindings.h
React.framework/Headers/React_RCTAnimation/
React.framework/Headers/React_RCTAnimation/RCTAnimation/
React.framework/Headers/React_RCTAnimation/RCTAnimation/RCTAdditionAnimatedNode.h
React.framework/Headers/React_RCTAnimation/RCTAnimation/RCTAnimatedNode.h
React.framework/Headers/React_RCTAnimation/RCTAnimation/RCTAnimationDriver.h
React.framework/Headers/React_RCTAnimation/RCTAnimation/RCTAnimationPlugins.h
React.framework/Headers/React_RCTAnimation/RCTAnimation/RCTAnimationUtils.h
React.framework/Headers/React_RCTAnimation/RCTAnimation/RCTColorAnimatedNode.h
React.framework/Headers/React_RCTAnimation/RCTAnimation/RCTDecayAnimation.h
React.framework/Headers/React_RCTAnimation/RCTAnimation/RCTDiffClampAnimatedNode.h
React.framework/Headers/React_RCTAnimation/RCTAnimation/RCTDivisionAnimatedNode.h
React.framework/Headers/React_RCTAnimation/RCTAnimation/RCTEventAnimation.h
React.framework/Headers/React_RCTAnimation/RCTAnimation/RCTFrameAnimation.h
React.framework/Headers/React_RCTAnimation/RCTAnimation/RCTInterpolationAnimatedNode.h
React.framework/Headers/React_RCTAnimation/RCTAnimation/RCTModuloAnimatedNode.h
React.framework/Headers/React_RCTAnimation/RCTAnimation/RCTMultiplicationAnimatedNode.h
React.framework/Headers/React_RCTAnimation/RCTAnimation/RCTNativeAnimatedModule.h
React.framework/Headers/React_RCTAnimation/RCTAnimation/RCTNativeAnimatedNodesManager.h
React.framework/Headers/React_RCTAnimation/RCTAnimation/RCTNativeAnimatedTurboModule.h
React.framework/Headers/React_RCTAnimation/RCTAnimation/RCTObjectAnimatedNode.h
React.framework/Headers/React_RCTAnimation/RCTAnimation/RCTPropsAnimatedNode.h
React.framework/Headers/React_RCTAnimation/RCTAnimation/RCTSpringAnimation.h
React.framework/Headers/React_RCTAnimation/RCTAnimation/RCTStyleAnimatedNode.h
React.framework/Headers/React_RCTAnimation/RCTAnimation/RCTSubtractionAnimatedNode.h
React.framework/Headers/React_RCTAnimation/RCTAnimation/RCTTrackingAnimatedNode.h
React.framework/Headers/React_RCTAnimation/RCTAnimation/RCTTransformAnimatedNode.h
React.framework/Headers/React_RCTAnimation/RCTAnimation/RCTValueAnimatedNode.h
React.framework/Headers/React_RCTAppDelegate/
React.framework/Headers/React_RCTAppDelegate/RCTAppDelegate.h
React.framework/Headers/React_RCTAppDelegate/RCTAppSetupUtils.h
React.framework/Headers/React_RCTAppDelegate/RCTArchConfiguratorProtocol.h
React.framework/Headers/React_RCTAppDelegate/RCTDefaultReactNativeFactoryDelegate.h
React.framework/Headers/React_RCTAppDelegate/RCTDependencyProvider.h
React.framework/Headers/React_RCTAppDelegate/RCTJSRuntimeConfiguratorProtocol.h
React.framework/Headers/React_RCTAppDelegate/RCTReactNativeFactory.h
React.framework/Headers/React_RCTAppDelegate/RCTRootViewFactory.h
React.framework/Headers/React_RCTAppDelegate/RCTUIConfiguratorProtocol.h
React.framework/Headers/React_RCTAppDelegate/React_RCTAppDelegate-umbrella.h
React.framework/Headers/React_RCTBlob/
React.framework/Headers/React_RCTBlob/RCTBlob/
React.framework/Headers/React_RCTBlob/RCTBlob/RCTBlobCollector.h
React.framework/Headers/React_RCTBlob/RCTBlob/RCTBlobManager.h
React.framework/Headers/React_RCTBlob/RCTBlob/RCTBlobPlugins.h
React.framework/Headers/React_RCTBlob/RCTBlob/RCTFileReaderModule.h
React.framework/Headers/React_RCTFBReactNativeSpec/
React.framework/Headers/React_RCTFBReactNativeSpec/FBReactNativeSpec/
React.framework/Headers/React_RCTFBReactNativeSpec/FBReactNativeSpec/FBReactNativeSpec.h
React.framework/Headers/React_RCTFBReactNativeSpec/FBReactNativeSpec/FBReactNativeSpecJSI.h
React.framework/Headers/React_RCTFBReactNativeSpec/react/
React.framework/Headers/React_RCTFBReactNativeSpec/react/renderer/
React.framework/Headers/React_RCTFBReactNativeSpec/react/renderer/components/
React.framework/Headers/React_RCTFBReactNativeSpec/react/renderer/components/FBReactNativeSpec/
React.framework/Headers/React_RCTFBReactNativeSpec/react/renderer/components/FBReactNativeSpec/ComponentDescriptors.h
React.framework/Headers/React_RCTFBReactNativeSpec/react/renderer/components/FBReactNativeSpec/EventEmitters.h
React.framework/Headers/React_RCTFBReactNativeSpec/react/renderer/components/FBReactNativeSpec/Props.h
React.framework/Headers/React_RCTFBReactNativeSpec/react/renderer/components/FBReactNativeSpec/RCTComponentViewHelpers.h
React.framework/Headers/React_RCTFBReactNativeSpec/react/renderer/components/FBReactNativeSpec/ShadowNodes.h
React.framework/Headers/React_RCTFBReactNativeSpec/react/renderer/components/FBReactNativeSpec/States.h
React.framework/Headers/React_RCTFabric/
React.framework/Headers/React_RCTFabric/React/
React.framework/Headers/React_RCTFabric/React/AppleEventBeat.h
React.framework/Headers/React_RCTFabric/React/PlatformRunLoopObserver.h
React.framework/Headers/React_RCTFabric/React/RCTAccessibilityElement.h
React.framework/Headers/React_RCTFabric/React/RCTActivityIndicatorViewComponentView.h
React.framework/Headers/React_RCTFabric/React/RCTBackgroundImageUtils.h
React.framework/Headers/React_RCTFabric/React/RCTBoxShadow.h
React.framework/Headers/React_RCTFabric/React/RCTColorSpaceUtils.h
React.framework/Headers/React_RCTFabric/React/RCTComponentViewClassDescriptor.h
React.framework/Headers/React_RCTFabric/React/RCTComponentViewDescriptor.h
React.framework/Headers/React_RCTFabric/React/RCTComponentViewFactory.h
React.framework/Headers/React_RCTFabric/React/RCTComponentViewProtocol.h
React.framework/Headers/React_RCTFabric/React/RCTComponentViewRegistry.h
React.framework/Headers/React_RCTFabric/React/RCTConversions.h
React.framework/Headers/React_RCTFabric/React/RCTCustomPullToRefreshViewProtocol.h
React.framework/Headers/React_RCTFabric/React/RCTDebuggingOverlayComponentView.h
React.framework/Headers/React_RCTFabric/React/RCTEnhancedScrollView.h
React.framework/Headers/React_RCTFabric/React/RCTFabricComponentsPlugins.h
React.framework/Headers/React_RCTFabric/React/RCTFabricModalHostViewController.h
React.framework/Headers/React_RCTFabric/React/RCTFabricSurface.h
React.framework/Headers/React_RCTFabric/React/RCTGenericDelegateSplitter.h
React.framework/Headers/React_RCTFabric/React/RCTGradientUtils.h
React.framework/Headers/React_RCTFabric/React/RCTIdentifierPool.h
React.framework/Headers/React_RCTFabric/React/RCTImageComponentView.h
React.framework/Headers/React_RCTFabric/React/RCTImageResponseDelegate.h
React.framework/Headers/React_RCTFabric/React/RCTImageResponseObserverProxy.h
React.framework/Headers/React_RCTFabric/React/RCTInputAccessoryComponentView.h
React.framework/Headers/React_RCTFabric/React/RCTInputAccessoryContentView.h
React.framework/Headers/React_RCTFabric/React/RCTLegacyViewManagerInteropComponentView.h
React.framework/Headers/React_RCTFabric/React/RCTLegacyViewManagerInteropCoordinatorAdapter.h
React.framework/Headers/React_RCTFabric/React/RCTLinearGradient.h
React.framework/Headers/React_RCTFabric/React/RCTLocalizationProvider.h
React.framework/Headers/React_RCTFabric/React/RCTModalHostViewComponentView.h
React.framework/Headers/React_RCTFabric/React/RCTMountingManager.h
React.framework/Headers/React_RCTFabric/React/RCTMountingManagerDelegate.h
React.framework/Headers/React_RCTFabric/React/RCTMountingTransactionObserverCoordinator.h
React.framework/Headers/React_RCTFabric/React/RCTMountingTransactionObserving.h
React.framework/Headers/React_RCTFabric/React/RCTParagraphComponentAccessibilityProvider.h
React.framework/Headers/React_RCTFabric/React/RCTParagraphComponentView.h
React.framework/Headers/React_RCTFabric/React/RCTPrimitives.h
React.framework/Headers/React_RCTFabric/React/RCTPullToRefreshViewComponentView.h
React.framework/Headers/React_RCTFabric/React/RCTRadialGradient.h
React.framework/Headers/React_RCTFabric/React/RCTReactTaggedView.h
React.framework/Headers/React_RCTFabric/React/RCTRootComponentView.h
React.framework/Headers/React_RCTFabric/React/RCTSafeAreaViewComponentView.h
React.framework/Headers/React_RCTFabric/React/RCTScheduler.h
React.framework/Headers/React_RCTFabric/React/RCTScrollViewComponentView.h
React.framework/Headers/React_RCTFabric/React/RCTSurfacePointerHandler.h
React.framework/Headers/React_RCTFabric/React/RCTSurfacePresenter.h
React.framework/Headers/React_RCTFabric/React/RCTSurfacePresenterBridgeAdapter.h
React.framework/Headers/React_RCTFabric/React/RCTSurfaceRegistry.h
React.framework/Headers/React_RCTFabric/React/RCTSurfaceTouchHandler.h
React.framework/Headers/React_RCTFabric/React/RCTSwitchComponentView.h
React.framework/Headers/React_RCTFabric/React/RCTTextInputComponentView.h
React.framework/Headers/React_RCTFabric/React/RCTTextInputNativeCommands.h
React.framework/Headers/React_RCTFabric/React/RCTTextInputUtils.h
React.framework/Headers/React_RCTFabric/React/RCTTouchableComponentViewProtocol.h
React.framework/Headers/React_RCTFabric/React/RCTUnimplementedNativeComponentView.h
React.framework/Headers/React_RCTFabric/React/RCTUnimplementedViewComponentView.h
React.framework/Headers/React_RCTFabric/React/RCTViewComponentView.h
React.framework/Headers/React_RCTFabric/React/RCTVirtualViewComponentView.h
React.framework/Headers/React_RCTFabric/React/RCTVirtualViewContainerProtocol.h
React.framework/Headers/React_RCTFabric/React/RCTVirtualViewContainerState.h
React.framework/Headers/React_RCTFabric/React/RCTVirtualViewMode.h
React.framework/Headers/React_RCTFabric/React/RCTVirtualViewProtocol.h
React.framework/Headers/React_RCTFabric/React/RCTVirtualViewRenderState.h
React.framework/Headers/React_RCTFabric/React/UIView+ComponentViewProtocol.h
React.framework/Headers/React_RCTImage/
React.framework/Headers/React_RCTImage/RCTImage/
React.framework/Headers/React_RCTImage/RCTImage/RCTAnimatedImage.h
React.framework/Headers/React_RCTImage/RCTImage/RCTBundleAssetImageLoader.h
React.framework/Headers/React_RCTImage/RCTImage/RCTDisplayWeakRefreshable.h
React.framework/Headers/React_RCTImage/RCTImage/RCTGIFImageDecoder.h
React.framework/Headers/React_RCTImage/RCTImage/RCTImageBlurUtils.h
React.framework/Headers/React_RCTImage/RCTImage/RCTImageCache.h
React.framework/Headers/React_RCTImage/RCTImage/RCTImageDataDecoder.h
React.framework/Headers/React_RCTImage/RCTImage/RCTImageEditingManager.h
React.framework/Headers/React_RCTImage/RCTImage/RCTImageLoader.h
React.framework/Headers/React_RCTImage/RCTImage/RCTImageLoaderLoggable.h
React.framework/Headers/React_RCTImage/RCTImage/RCTImageLoaderProtocol.h
React.framework/Headers/React_RCTImage/RCTImage/RCTImageLoaderWithAttributionProtocol.h
React.framework/Headers/React_RCTImage/RCTImage/RCTImagePlugins.h
React.framework/Headers/React_RCTImage/RCTImage/RCTImageShadowView.h
React.framework/Headers/React_RCTImage/RCTImage/RCTImageStoreManager.h
React.framework/Headers/React_RCTImage/RCTImage/RCTImageURLLoader.h
React.framework/Headers/React_RCTImage/RCTImage/RCTImageURLLoaderWithAttribution.h
React.framework/Headers/React_RCTImage/RCTImage/RCTImageUtils.h
React.framework/Headers/React_RCTImage/RCTImage/RCTImageView.h
React.framework/Headers/React_RCTImage/RCTImage/RCTImageViewManager.h
React.framework/Headers/React_RCTImage/RCTImage/RCTLocalAssetImageLoader.h
React.framework/Headers/React_RCTImage/RCTImage/RCTResizeMode.h
React.framework/Headers/React_RCTImage/RCTImage/RCTUIImageViewAnimated.h
React.framework/Headers/React_RCTRuntime/
React.framework/Headers/React_RCTRuntime/React/
React.framework/Headers/React_RCTRuntime/React/RCTHermesInstanceFactory.h
React.framework/Headers/React_RCTSettings/
React.framework/Headers/React_RCTSettings/RCTSettings/
React.framework/Headers/React_RCTSettings/RCTSettings/RCTSettingsManager.h
React.framework/Headers/React_RCTSettings/RCTSettings/RCTSettingsPlugins.h
React.framework/Headers/React_RCTText/
React.framework/Headers/React_RCTText/RCTText/
React.framework/Headers/React_RCTText/RCTText/NSTextStorage+FontScaling.h
React.framework/Headers/React_RCTText/RCTText/RCTBackedTextInputDelegate.h
React.framework/Headers/React_RCTText/RCTText/RCTBackedTextInputDelegateAdapter.h
React.framework/Headers/React_RCTText/RCTText/RCTBackedTextInputViewProtocol.h
React.framework/Headers/React_RCTText/RCTText/RCTBaseTextInputShadowView.h
React.framework/Headers/React_RCTText/RCTText/RCTBaseTextInputView.h
React.framework/Headers/React_RCTText/RCTText/RCTBaseTextInputViewManager.h
React.framework/Headers/React_RCTText/RCTText/RCTBaseTextShadowView.h
React.framework/Headers/React_RCTText/RCTText/RCTBaseTextViewManager.h
React.framework/Headers/React_RCTText/RCTText/RCTConvert+Text.h
React.framework/Headers/React_RCTText/RCTText/RCTDynamicTypeRamp.h
React.framework/Headers/React_RCTText/RCTText/RCTInputAccessoryShadowView.h
React.framework/Headers/React_RCTText/RCTText/RCTInputAccessoryView.h
React.framework/Headers/React_RCTText/RCTText/RCTInputAccessoryViewContent.h
React.framework/Headers/React_RCTText/RCTText/RCTInputAccessoryViewManager.h
React.framework/Headers/React_RCTText/RCTText/RCTMultilineTextInputView.h
React.framework/Headers/React_RCTText/RCTText/RCTMultilineTextInputViewManager.h
React.framework/Headers/React_RCTText/RCTText/RCTRawTextShadowView.h
React.framework/Headers/React_RCTText/RCTText/RCTRawTextViewManager.h
React.framework/Headers/React_RCTText/RCTText/RCTSinglelineTextInputView.h
React.framework/Headers/React_RCTText/RCTText/RCTSinglelineTextInputViewManager.h
React.framework/Headers/React_RCTText/RCTText/RCTTextAttributes.h
React.framework/Headers/React_RCTText/RCTText/RCTTextSelection.h
React.framework/Headers/React_RCTText/RCTText/RCTTextShadowView.h
React.framework/Headers/React_RCTText/RCTText/RCTTextTransform.h
React.framework/Headers/React_RCTText/RCTText/RCTTextView.h
React.framework/Headers/React_RCTText/RCTText/RCTTextViewManager.h
React.framework/Headers/React_RCTText/RCTText/RCTUITextField.h
React.framework/Headers/React_RCTText/RCTText/RCTUITextView.h
React.framework/Headers/React_RCTText/RCTText/RCTVirtualTextShadowView.h
React.framework/Headers/React_RCTText/RCTText/RCTVirtualTextView.h
React.framework/Headers/React_RCTText/RCTText/RCTVirtualTextViewManager.h
React.framework/Headers/React_RCTVibration/
React.framework/Headers/React_RCTVibration/RCTVibration/
React.framework/Headers/React_RCTVibration/RCTVibration/RCTVibration.h
React.framework/Headers/React_RCTVibration/RCTVibration/RCTVibrationPlugins.h
React.framework/Headers/React_RuntimeApple/
React.framework/Headers/React_RuntimeApple/ReactCommon/
React.framework/Headers/React_RuntimeApple/ReactCommon/ObjCTimerRegistry.h
React.framework/Headers/React_RuntimeApple/ReactCommon/RCTContextContainerHandling.h
React.framework/Headers/React_RuntimeApple/ReactCommon/RCTHermesInstance.h
React.framework/Headers/React_RuntimeApple/ReactCommon/RCTHost+Internal.h
React.framework/Headers/React_RuntimeApple/ReactCommon/RCTHost.h
React.framework/Headers/React_RuntimeApple/ReactCommon/RCTInstance.h
React.framework/Headers/React_RuntimeApple/ReactCommon/RCTJSThreadManager.h
React.framework/Headers/React_RuntimeApple/ReactCommon/RCTLegacyUIManagerConstantsProvider.h
React.framework/Headers/React_RuntimeApple/ReactCommon/RCTPerformanceLoggerUtils.h
React.framework/Headers/React_RuntimeCore/
React.framework/Headers/React_RuntimeCore/react/
React.framework/Headers/React_RuntimeCore/react/runtime/
React.framework/Headers/React_RuntimeCore/react/runtime/BindingsInstaller.h
React.framework/Headers/React_RuntimeCore/react/runtime/BridgelessNativeMethodCallInvoker.h
React.framework/Headers/React_RuntimeCore/react/runtime/BufferedRuntimeExecutor.h
React.framework/Headers/React_RuntimeCore/react/runtime/LegacyUIManagerConstantsProviderBinding.h
React.framework/Headers/React_RuntimeCore/react/runtime/PlatformTimerRegistry.h
React.framework/Headers/React_RuntimeCore/react/runtime/ReactInstance.h
React.framework/Headers/React_RuntimeCore/react/runtime/TimerManager.h
React.framework/Headers/React_RuntimeHermes/
React.framework/Headers/React_RuntimeHermes/react/
React.framework/Headers/React_RuntimeHermes/react/runtime/
React.framework/Headers/React_RuntimeHermes/react/runtime/hermes/
React.framework/Headers/React_RuntimeHermes/react/runtime/hermes/HermesInstance.h
React.framework/Headers/React_callinvoker/
React.framework/Headers/React_callinvoker/ReactCommon/
React.framework/Headers/React_callinvoker/ReactCommon/CallInvoker.h
React.framework/Headers/React_callinvoker/ReactCommon/SchedulerPriority.h
React.framework/Headers/React_callinvoker/ReactCommon/TestCallInvoker.h
React.framework/Headers/React_cxxreact/
React.framework/Headers/React_cxxreact/cxxreact/
React.framework/Headers/React_cxxreact/cxxreact/CxxModule.h
React.framework/Headers/React_cxxreact/cxxreact/CxxNativeModule.h
React.framework/Headers/React_cxxreact/cxxreact/ErrorUtils.h
React.framework/Headers/React_cxxreact/cxxreact/Instance.h
React.framework/Headers/React_cxxreact/cxxreact/JSBigString.h
React.framework/Headers/React_cxxreact/cxxreact/JSBundleType.h
React.framework/Headers/React_cxxreact/cxxreact/JSExecutor.h
React.framework/Headers/React_cxxreact/cxxreact/JSIndexedRAMBundle.h
React.framework/Headers/React_cxxreact/cxxreact/JSModulesUnbundle.h
React.framework/Headers/React_cxxreact/cxxreact/JsArgumentHelpers-inl.h
React.framework/Headers/React_cxxreact/cxxreact/JsArgumentHelpers.h
React.framework/Headers/React_cxxreact/cxxreact/MessageQueueThread.h
React.framework/Headers/React_cxxreact/cxxreact/MethodCall.h
React.framework/Headers/React_cxxreact/cxxreact/ModuleRegistry.h
React.framework/Headers/React_cxxreact/cxxreact/MoveWrapper.h
React.framework/Headers/React_cxxreact/cxxreact/NativeModule.h
React.framework/Headers/React_cxxreact/cxxreact/NativeToJsBridge.h
React.framework/Headers/React_cxxreact/cxxreact/RAMBundleRegistry.h
React.framework/Headers/React_cxxreact/cxxreact/ReactMarker.h
React.framework/Headers/React_cxxreact/cxxreact/ReactNativeVersion.h
React.framework/Headers/React_cxxreact/cxxreact/RecoverableError.h
React.framework/Headers/React_cxxreact/cxxreact/SystraceSection.h
React.framework/Headers/React_cxxreact/cxxreact/TraceSection.h
React.framework/Headers/React_debug/
React.framework/Headers/React_debug/react/
React.framework/Headers/React_debug/react/debug/
React.framework/Headers/React_debug/react/debug/AnsiParser.h
React.framework/Headers/React_debug/react/debug/JscSafeUrl.h
React.framework/Headers/React_debug/react/debug/RedBoxErrorParser.h
React.framework/Headers/React_debug/react/debug/flags.h
React.framework/Headers/React_debug/react/debug/react_native_assert.h
React.framework/Headers/React_debug/react/debug/react_native_expect.h
React.framework/Headers/React_defaultsnativemodule/
React.framework/Headers/React_defaultsnativemodule/react/
React.framework/Headers/React_defaultsnativemodule/react/nativemodule/
React.framework/Headers/React_defaultsnativemodule/react/nativemodule/defaults/
React.framework/Headers/React_defaultsnativemodule/react/nativemodule/defaults/DefaultTurboModules.h
React.framework/Headers/React_domnativemodule/
React.framework/Headers/React_domnativemodule/react/
React.framework/Headers/React_domnativemodule/react/nativemodule/
React.framework/Headers/React_domnativemodule/react/nativemodule/dom/
React.framework/Headers/React_domnativemodule/react/nativemodule/dom/NativeDOM.h
React.framework/Headers/React_featureflags/
React.framework/Headers/React_featureflags/react/
React.framework/Headers/React_featureflags/react/featureflags/
React.framework/Headers/React_featureflags/react/featureflags/ReactNativeFeatureFlags.h
React.framework/Headers/React_featureflags/react/featureflags/ReactNativeFeatureFlagsAccessor.h
React.framework/Headers/React_featureflags/react/featureflags/ReactNativeFeatureFlagsDefaults.h
React.framework/Headers/React_featureflags/react/featureflags/ReactNativeFeatureFlagsDynamicProvider.h
React.framework/Headers/React_featureflags/react/featureflags/ReactNativeFeatureFlagsOverridesOSSCanary.h
React.framework/Headers/React_featureflags/react/featureflags/ReactNativeFeatureFlagsOverridesOSSExperimental.h
React.framework/Headers/React_featureflags/react/featureflags/ReactNativeFeatureFlagsOverridesOSSStable.h
React.framework/Headers/React_featureflags/react/featureflags/ReactNativeFeatureFlagsProvider.h
React.framework/Headers/React_featureflagsnativemodule/
React.framework/Headers/React_featureflagsnativemodule/react/
React.framework/Headers/React_featureflagsnativemodule/react/nativemodule/
React.framework/Headers/React_featureflagsnativemodule/react/nativemodule/featureflags/
React.framework/Headers/React_featureflagsnativemodule/react/nativemodule/featureflags/NativeReactNativeFeatureFlags.h
React.framework/Headers/React_graphics/
React.framework/Headers/React_graphics/react/
React.framework/Headers/React_graphics/react/renderer/
React.framework/Headers/React_graphics/react/renderer/graphics/
React.framework/Headers/React_graphics/react/renderer/graphics/BackgroundImage.h
React.framework/Headers/React_graphics/react/renderer/graphics/BackgroundPosition.h
React.framework/Headers/React_graphics/react/renderer/graphics/BackgroundRepeat.h
React.framework/Headers/React_graphics/react/renderer/graphics/BackgroundSize.h
React.framework/Headers/React_graphics/react/renderer/graphics/BlendMode.h
React.framework/Headers/React_graphics/react/renderer/graphics/BoxShadow.h
React.framework/Headers/React_graphics/react/renderer/graphics/Color.h
React.framework/Headers/React_graphics/react/renderer/graphics/ColorComponents.h
React.framework/Headers/React_graphics/react/renderer/graphics/ColorStop.h
React.framework/Headers/React_graphics/react/renderer/graphics/Filter.h
React.framework/Headers/React_graphics/react/renderer/graphics/Float.h
React.framework/Headers/React_graphics/react/renderer/graphics/Geometry.h
React.framework/Headers/React_graphics/react/renderer/graphics/HostPlatformColor.h
React.framework/Headers/React_graphics/react/renderer/graphics/Isolation.h
React.framework/Headers/React_graphics/react/renderer/graphics/LinearGradient.h
React.framework/Headers/React_graphics/react/renderer/graphics/PlatformColorParser.h
React.framework/Headers/React_graphics/react/renderer/graphics/Point.h
React.framework/Headers/React_graphics/react/renderer/graphics/RCTPlatformColorUtils.h
React.framework/Headers/React_graphics/react/renderer/graphics/RadialGradient.h
React.framework/Headers/React_graphics/react/renderer/graphics/Rect.h
React.framework/Headers/React_graphics/react/renderer/graphics/RectangleCorners.h
React.framework/Headers/React_graphics/react/renderer/graphics/RectangleEdges.h
React.framework/Headers/React_graphics/react/renderer/graphics/Size.h
React.framework/Headers/React_graphics/react/renderer/graphics/Transform.h
React.framework/Headers/React_graphics/react/renderer/graphics/TransformUtils.h
React.framework/Headers/React_graphics/react/renderer/graphics/ValueUnit.h
React.framework/Headers/React_graphics/react/renderer/graphics/Vector.h
React.framework/Headers/React_graphics/react/renderer/graphics/conversions.h
React.framework/Headers/React_graphics/react/renderer/graphics/fromRawValueShared.h
React.framework/Headers/React_graphics/react/renderer/graphics/rounding.h
React.framework/Headers/React_hermes/
React.framework/Headers/React_hermes/reacthermes/
React.framework/Headers/React_hermes/reacthermes/ConnectionDemux.h
React.framework/Headers/React_hermes/reacthermes/HermesExecutorFactory.h
React.framework/Headers/React_hermes/reacthermes/HermesRuntimeAgentDelegate.h
React.framework/Headers/React_hermes/reacthermes/HermesRuntimeSamplingProfileSerializer.h
React.framework/Headers/React_hermes/reacthermes/HermesRuntimeTargetDelegate.h
React.framework/Headers/React_hermes/reacthermes/Registration.h
React.framework/Headers/React_idlecallbacksnativemodule/
React.framework/Headers/React_idlecallbacksnativemodule/react/
React.framework/Headers/React_idlecallbacksnativemodule/react/nativemodule/
React.framework/Headers/React_idlecallbacksnativemodule/react/nativemodule/idlecallbacks/
React.framework/Headers/React_idlecallbacksnativemodule/react/nativemodule/idlecallbacks/NativeIdleCallbacks.h
React.framework/Headers/React_intersectionobservernativemodule/
React.framework/Headers/React_intersectionobservernativemodule/react/
React.framework/Headers/React_intersectionobservernativemodule/react/nativemodule/
React.framework/Headers/React_intersectionobservernativemodule/react/nativemodule/intersectionobserver/
React.framework/Headers/React_intersectionobservernativemodule/react/nativemodule/intersectionobserver/NativeIntersectionObserver.h
React.framework/Headers/React_jserrorhandler/
React.framework/Headers/React_jserrorhandler/jserrorhandler/
React.framework/Headers/React_jserrorhandler/jserrorhandler/JsErrorHandler.h
React.framework/Headers/React_jserrorhandler/jserrorhandler/StackTraceParser.h
React.framework/Headers/React_jsi/
React.framework/Headers/React_jsi/jsi/
React.framework/Headers/React_jsi/jsi/JSIDynamic.h
React.framework/Headers/React_jsi/jsi/decorator.h
React.framework/Headers/React_jsi/jsi/hermes-interfaces.h
React.framework/Headers/React_jsi/jsi/instrumentation.h
React.framework/Headers/React_jsi/jsi/jsi-inl.h
React.framework/Headers/React_jsi/jsi/jsi.h
React.framework/Headers/React_jsi/jsi/jsilib.h
React.framework/Headers/React_jsi/jsi/threadsafe.h
React.framework/Headers/React_jsiexecutor/
React.framework/Headers/React_jsiexecutor/jsireact/
React.framework/Headers/React_jsiexecutor/jsireact/JSIExecutor.h
React.framework/Headers/React_jsiexecutor/jsireact/JSINativeModules.h
React.framework/Headers/React_jsinspector/
React.framework/Headers/React_jsinspector/jsinspector-modern/
React.framework/Headers/React_jsinspector/jsinspector-modern/ConsoleMessage.h
React.framework/Headers/React_jsinspector/jsinspector-modern/ConsoleTask.h
React.framework/Headers/React_jsinspector/jsinspector-modern/ConsoleTaskContext.h
React.framework/Headers/React_jsinspector/jsinspector-modern/ConsoleTaskOrchestrator.h
React.framework/Headers/React_jsinspector/jsinspector-modern/EmulationAgent.h
React.framework/Headers/React_jsinspector/jsinspector-modern/EnumArray.h
React.framework/Headers/React_jsinspector/jsinspector-modern/ExecutionContext.h
React.framework/Headers/React_jsinspector/jsinspector-modern/ExecutionContextManager.h
React.framework/Headers/React_jsinspector/jsinspector-modern/FallbackRuntimeAgentDelegate.h
React.framework/Headers/React_jsinspector/jsinspector-modern/FallbackRuntimeTargetDelegate.h
React.framework/Headers/React_jsinspector/jsinspector-modern/HostAgent.h
React.framework/Headers/React_jsinspector/jsinspector-modern/HostCommand.h
React.framework/Headers/React_jsinspector/jsinspector-modern/HostTarget.h
React.framework/Headers/React_jsinspector/jsinspector-modern/HostTargetTraceRecording.h
React.framework/Headers/React_jsinspector/jsinspector-modern/HostTargetTracing.h
React.framework/Headers/React_jsinspector/jsinspector-modern/InspectorFlags.h
React.framework/Headers/React_jsinspector/jsinspector-modern/InspectorInterfaces.h
React.framework/Headers/React_jsinspector/jsinspector-modern/InspectorPackagerConnection.h
React.framework/Headers/React_jsinspector/jsinspector-modern/InspectorPackagerConnectionImpl.h
React.framework/Headers/React_jsinspector/jsinspector-modern/InspectorUtilities.h
React.framework/Headers/React_jsinspector/jsinspector-modern/InstanceAgent.h
React.framework/Headers/React_jsinspector/jsinspector-modern/InstanceTarget.h
React.framework/Headers/React_jsinspector/jsinspector-modern/NetworkIOAgent.h
React.framework/Headers/React_jsinspector/jsinspector-modern/PerfMonitorV2.h
React.framework/Headers/React_jsinspector/jsinspector-modern/ReactCdp.h
React.framework/Headers/React_jsinspector/jsinspector-modern/RuntimeAgent.h
React.framework/Headers/React_jsinspector/jsinspector-modern/RuntimeAgentDelegate.h
React.framework/Headers/React_jsinspector/jsinspector-modern/RuntimeTarget.h
React.framework/Headers/React_jsinspector/jsinspector-modern/RuntimeTargetGlobalStateObserver.h
React.framework/Headers/React_jsinspector/jsinspector-modern/RuntimeTargetTracingStateObserver.h
React.framework/Headers/React_jsinspector/jsinspector-modern/ScopedExecutor.h
React.framework/Headers/React_jsinspector/jsinspector-modern/SessionState.h
React.framework/Headers/React_jsinspector/jsinspector-modern/StackTrace.h
React.framework/Headers/React_jsinspector/jsinspector-modern/TracingAgent.h
React.framework/Headers/React_jsinspector/jsinspector-modern/UniqueMonostate.h
React.framework/Headers/React_jsinspector/jsinspector-modern/Utf8.h
React.framework/Headers/React_jsinspector/jsinspector-modern/WeakList.h
React.framework/Headers/React_jsinspector/jsinspector-modern/WebSocketInterfaces.h
React.framework/Headers/React_jsinspectorcdp/
React.framework/Headers/React_jsinspectorcdp/jsinspector-modern/
React.framework/Headers/React_jsinspectorcdp/jsinspector-modern/cdp/
React.framework/Headers/React_jsinspectorcdp/jsinspector-modern/cdp/CdpJson.h
React.framework/Headers/React_jsinspectornetwork/
React.framework/Headers/React_jsinspectornetwork/jsinspector-modern/
React.framework/Headers/React_jsinspectornetwork/jsinspector-modern/network/
React.framework/Headers/React_jsinspectornetwork/jsinspector-modern/network/BoundedRequestBuffer.h
React.framework/Headers/React_jsinspectornetwork/jsinspector-modern/network/CdpNetwork.h
React.framework/Headers/React_jsinspectornetwork/jsinspector-modern/network/HttpUtils.h
React.framework/Headers/React_jsinspectornetwork/jsinspector-modern/network/NetworkHandler.h
React.framework/Headers/React_jsinspectortracing/
React.framework/Headers/React_jsinspectortracing/jsinspector-modern/
React.framework/Headers/React_jsinspectortracing/jsinspector-modern/tracing/
React.framework/Headers/React_jsinspectortracing/jsinspector-modern/tracing/ConsoleTimeStamp.h
React.framework/Headers/React_jsinspectortracing/jsinspector-modern/tracing/EventLoopReporter.h
React.framework/Headers/React_jsinspectortracing/jsinspector-modern/tracing/FrameTimingSequence.h
React.framework/Headers/React_jsinspectortracing/jsinspector-modern/tracing/HostTracingProfile.h
React.framework/Headers/React_jsinspectortracing/jsinspector-modern/tracing/HostTracingProfileSerializer.h
React.framework/Headers/React_jsinspectortracing/jsinspector-modern/tracing/InstanceTracingProfile.h
React.framework/Headers/React_jsinspectortracing/jsinspector-modern/tracing/PerformanceTracer.h
React.framework/Headers/React_jsinspectortracing/jsinspector-modern/tracing/PerformanceTracerSection.h
React.framework/Headers/React_jsinspectortracing/jsinspector-modern/tracing/ProfileTreeNode.h
React.framework/Headers/React_jsinspectortracing/jsinspector-modern/tracing/RuntimeSamplingProfile.h
React.framework/Headers/React_jsinspectortracing/jsinspector-modern/tracing/RuntimeSamplingProfileTraceEventSerializer.h
React.framework/Headers/React_jsinspectortracing/jsinspector-modern/tracing/TargetTracingAgent.h
React.framework/Headers/React_jsinspectortracing/jsinspector-modern/tracing/TimeWindowedBuffer.h
React.framework/Headers/React_jsinspectortracing/jsinspector-modern/tracing/Timing.h
React.framework/Headers/React_jsinspectortracing/jsinspector-modern/tracing/TraceEvent.h
React.framework/Headers/React_jsinspectortracing/jsinspector-modern/tracing/TraceEventGenerator.h
React.framework/Headers/React_jsinspectortracing/jsinspector-modern/tracing/TraceEventProfile.h
React.framework/Headers/React_jsinspectortracing/jsinspector-modern/tracing/TraceEventSerializer.h
React.framework/Headers/React_jsinspectortracing/jsinspector-modern/tracing/TraceRecordingState.h
React.framework/Headers/React_jsinspectortracing/jsinspector-modern/tracing/TracingCategory.h
React.framework/Headers/React_jsinspectortracing/jsinspector-modern/tracing/TracingMode.h
React.framework/Headers/React_jsitooling/
React.framework/Headers/React_jsitooling/react/
React.framework/Headers/React_jsitooling/react/runtime/
React.framework/Headers/React_jsitooling/react/runtime/JSRuntimeBindings.h
React.framework/Headers/React_jsitooling/react/runtime/JSRuntimeFactory.h
React.framework/Headers/React_jsitooling/react/runtime/JSRuntimeFactoryCAPI.h
React.framework/Headers/React_logger/
React.framework/Headers/React_logger/logger/
React.framework/Headers/React_logger/logger/react_native_log.h
React.framework/Headers/React_microtasksnativemodule/
React.framework/Headers/React_microtasksnativemodule/react/
React.framework/Headers/React_microtasksnativemodule/react/nativemodule/
React.framework/Headers/React_microtasksnativemodule/react/nativemodule/microtasks/
React.framework/Headers/React_microtasksnativemodule/react/nativemodule/microtasks/NativeMicrotasks.h
React.framework/Headers/React_mutationobservernativemodule/
React.framework/Headers/React_mutationobservernativemodule/react/
React.framework/Headers/React_mutationobservernativemodule/react/nativemodule/
React.framework/Headers/React_mutationobservernativemodule/react/nativemodule/mutationobserver/
React.framework/Headers/React_mutationobservernativemodule/react/nativemodule/mutationobserver/NativeMutationObserver.h
React.framework/Headers/React_networking/
React.framework/Headers/React_networking/react/
React.framework/Headers/React_networking/react/networking/
React.framework/Headers/React_networking/react/networking/NetworkReporter.h
React.framework/Headers/React_networking/react/networking/NetworkTypes.h
React.framework/Headers/React_oscompat/
React.framework/Headers/React_oscompat/oscompat/
React.framework/Headers/React_oscompat/oscompat/OSCompat.h
React.framework/Headers/React_perflogger/
React.framework/Headers/React_perflogger/reactperflogger/
React.framework/Headers/React_perflogger/reactperflogger/BridgeNativeModulePerfLogger.h
React.framework/Headers/React_perflogger/reactperflogger/FuseboxPerfettoDataSource.h
React.framework/Headers/React_perflogger/reactperflogger/FuseboxTracer.h
React.framework/Headers/React_perflogger/reactperflogger/HermesPerfettoDataSource.h
React.framework/Headers/React_perflogger/reactperflogger/NativeModulePerfLogger.h
React.framework/Headers/React_perflogger/reactperflogger/ReactPerfetto.h
React.framework/Headers/React_perflogger/reactperflogger/ReactPerfettoCategories.h
React.framework/Headers/React_perflogger/reactperflogger/ReactPerfettoLogger.h
React.framework/Headers/React_performancecdpmetrics/
React.framework/Headers/React_performancecdpmetrics/react/
React.framework/Headers/React_performancecdpmetrics/react/performance/
React.framework/Headers/React_performancecdpmetrics/react/performance/cdpmetrics/
React.framework/Headers/React_performancecdpmetrics/react/performance/cdpmetrics/CdpInteractionTypes.h
React.framework/Headers/React_performancecdpmetrics/react/performance/cdpmetrics/CdpMetricsReporter.h
React.framework/Headers/React_performancecdpmetrics/react/performance/cdpmetrics/CdpPerfIssuesReporter.h
React.framework/Headers/React_performancetimeline/
React.framework/Headers/React_performancetimeline/react/
React.framework/Headers/React_performancetimeline/react/performance/
React.framework/Headers/React_performancetimeline/react/performance/timeline/
React.framework/Headers/React_performancetimeline/react/performance/timeline/CircularBuffer.h
React.framework/Headers/React_performancetimeline/react/performance/timeline/PerformanceEntry.h
React.framework/Headers/React_performancetimeline/react/performance/timeline/PerformanceEntryBuffer.h
React.framework/Headers/React_performancetimeline/react/performance/timeline/PerformanceEntryCircularBuffer.h
React.framework/Headers/React_performancetimeline/react/performance/timeline/PerformanceEntryKeyedBuffer.h
React.framework/Headers/React_performancetimeline/react/performance/timeline/PerformanceEntryReporter.h
React.framework/Headers/React_performancetimeline/react/performance/timeline/PerformanceEntryReporterListeners.h
React.framework/Headers/React_performancetimeline/react/performance/timeline/PerformanceObserver.h
React.framework/Headers/React_performancetimeline/react/performance/timeline/PerformanceObserverRegistry.h
React.framework/Headers/React_rendererconsistency/
React.framework/Headers/React_rendererconsistency/react/
React.framework/Headers/React_rendererconsistency/react/renderer/
React.framework/Headers/React_rendererconsistency/react/renderer/consistency/
React.framework/Headers/React_rendererconsistency/react/renderer/consistency/ScopedShadowTreeRevisionLock.h
React.framework/Headers/React_rendererconsistency/react/renderer/consistency/ShadowTreeRevisionConsistencyManager.h
React.framework/Headers/React_renderercss/
React.framework/Headers/React_renderercss/react/
React.framework/Headers/React_renderercss/react/renderer/
React.framework/Headers/React_renderercss/react/renderer/css/
React.framework/Headers/React_renderercss/react/renderer/css/CSSAngle.h
React.framework/Headers/React_renderercss/react/renderer/css/CSSAngleUnit.h
React.framework/Headers/React_renderercss/react/renderer/css/CSSBackgroundImage.h
React.framework/Headers/React_renderercss/react/renderer/css/CSSColor.h
React.framework/Headers/React_renderercss/react/renderer/css/CSSColorFunction.h
React.framework/Headers/React_renderercss/react/renderer/css/CSSCompoundDataType.h
React.framework/Headers/React_renderercss/react/renderer/css/CSSDataType.h
React.framework/Headers/React_renderercss/react/renderer/css/CSSFilter.h
React.framework/Headers/React_renderercss/react/renderer/css/CSSFontVariant.h
React.framework/Headers/React_renderercss/react/renderer/css/CSSHexColor.h
React.framework/Headers/React_renderercss/react/renderer/css/CSSKeyword.h
React.framework/Headers/React_renderercss/react/renderer/css/CSSLength.h
React.framework/Headers/React_renderercss/react/renderer/css/CSSLengthPercentage.h
React.framework/Headers/React_renderercss/react/renderer/css/CSSLengthUnit.h
React.framework/Headers/React_renderercss/react/renderer/css/CSSList.h
React.framework/Headers/React_renderercss/react/renderer/css/CSSNamedColor.h
React.framework/Headers/React_renderercss/react/renderer/css/CSSNumber.h
React.framework/Headers/React_renderercss/react/renderer/css/CSSPercentage.h
React.framework/Headers/React_renderercss/react/renderer/css/CSSRatio.h
React.framework/Headers/React_renderercss/react/renderer/css/CSSShadow.h
React.framework/Headers/React_renderercss/react/renderer/css/CSSSyntaxParser.h
React.framework/Headers/React_renderercss/react/renderer/css/CSSToken.h
React.framework/Headers/React_renderercss/react/renderer/css/CSSTokenizer.h
React.framework/Headers/React_renderercss/react/renderer/css/CSSTransform.h
React.framework/Headers/React_renderercss/react/renderer/css/CSSTransformOrigin.h
React.framework/Headers/React_renderercss/react/renderer/css/CSSValueParser.h
React.framework/Headers/React_renderercss/react/renderer/css/CSSZero.h
React.framework/Headers/React_rendererdebug/
React.framework/Headers/React_rendererdebug/react/
React.framework/Headers/React_rendererdebug/react/renderer/
React.framework/Headers/React_rendererdebug/react/renderer/debug/
React.framework/Headers/React_rendererdebug/react/renderer/debug/DebugStringConvertible.h
React.framework/Headers/React_rendererdebug/react/renderer/debug/DebugStringConvertibleItem.h
React.framework/Headers/React_rendererdebug/react/renderer/debug/debugStringConvertibleUtils.h
React.framework/Headers/React_rendererdebug/react/renderer/debug/flags.h
React.framework/Headers/React_runtimeexecutor/
React.framework/Headers/React_runtimeexecutor/ReactCommon/
React.framework/Headers/React_runtimeexecutor/ReactCommon/RuntimeExecutor.h
React.framework/Headers/React_runtimeexecutor/ReactCommon/RuntimeExecutorSyncUIThreadUtils.h
React.framework/Headers/React_runtimescheduler/
React.framework/Headers/React_runtimescheduler/react/
React.framework/Headers/React_runtimescheduler/react/renderer/
React.framework/Headers/React_runtimescheduler/react/renderer/runtimescheduler/
React.framework/Headers/React_runtimescheduler/react/renderer/runtimescheduler/RuntimeScheduler.h
React.framework/Headers/React_runtimescheduler/react/renderer/runtimescheduler/RuntimeSchedulerBinding.h
React.framework/Headers/React_runtimescheduler/react/renderer/runtimescheduler/RuntimeSchedulerCallInvoker.h
React.framework/Headers/React_runtimescheduler/react/renderer/runtimescheduler/RuntimeSchedulerEventTimingDelegate.h
React.framework/Headers/React_runtimescheduler/react/renderer/runtimescheduler/RuntimeSchedulerIntersectionObserverDelegate.h
React.framework/Headers/React_runtimescheduler/react/renderer/runtimescheduler/RuntimeScheduler_Legacy.h
React.framework/Headers/React_runtimescheduler/react/renderer/runtimescheduler/RuntimeScheduler_Modern.h
React.framework/Headers/React_runtimescheduler/react/renderer/runtimescheduler/SchedulerPriorityUtils.h
React.framework/Headers/React_runtimescheduler/react/renderer/runtimescheduler/Task.h
React.framework/Headers/React_runtimescheduler/react/renderer/runtimescheduler/primitives.h
React.framework/Headers/React_timing/
React.framework/Headers/React_timing/react/
React.framework/Headers/React_timing/react/timing/
React.framework/Headers/React_timing/react/timing/primitives.h
React.framework/Headers/React_utils/
React.framework/Headers/React_utils/react/
React.framework/Headers/React_utils/react/utils/
React.framework/Headers/React_utils/react/utils/Base64.h
React.framework/Headers/React_utils/react/utils/ContextContainer.h
React.framework/Headers/React_utils/react/utils/FloatComparison.h
React.framework/Headers/React_utils/react/utils/FollyConvert.h
React.framework/Headers/React_utils/react/utils/LowPriorityExecutor.h
React.framework/Headers/React_utils/react/utils/ManagedObjectWrapper.h
React.framework/Headers/React_utils/react/utils/OnScopeExit.h
React.framework/Headers/React_utils/react/utils/PackTraits.h
React.framework/Headers/React_utils/react/utils/RunLoopObserver.h
React.framework/Headers/React_utils/react/utils/SharedFunction.h
React.framework/Headers/React_utils/react/utils/SimpleThreadSafeCache.h
React.framework/Headers/React_utils/react/utils/Telemetry.h
React.framework/Headers/React_utils/react/utils/TemplateStringLiteral.h
React.framework/Headers/React_utils/react/utils/Uuid.h
React.framework/Headers/React_utils/react/utils/fnv1a.h
React.framework/Headers/React_utils/react/utils/hash_combine.h
React.framework/Headers/React_utils/react/utils/iequals.h
React.framework/Headers/React_utils/react/utils/jsi-utils.h
React.framework/Headers/React_utils/react/utils/toLower.h
React.framework/Headers/React_utils/react/utils/to_underlying.h
React.framework/Headers/React_viewtransitionnativemodule/
React.framework/Headers/React_viewtransitionnativemodule/react/
React.framework/Headers/React_viewtransitionnativemodule/react/nativemodule/
React.framework/Headers/React_viewtransitionnativemodule/react/nativemodule/viewtransition/
React.framework/Headers/React_viewtransitionnativemodule/react/nativemodule/viewtransition/NativeViewTransition.h
React.framework/Headers/React_webperformancenativemodule/
React.framework/Headers/React_webperformancenativemodule/react/
React.framework/Headers/React_webperformancenativemodule/react/nativemodule/
React.framework/Headers/React_webperformancenativemodule/react/nativemodule/webperformance/
React.framework/Headers/React_webperformancenativemodule/react/nativemodule/webperformance/NativePerformance.h
React.framework/Headers/Yoga/
React.framework/Headers/Yoga/yoga/
React.framework/Headers/Yoga/yoga/YGConfig.h
React.framework/Headers/Yoga/yoga/YGEnums.h
React.framework/Headers/Yoga/yoga/YGMacros.h
React.framework/Headers/Yoga/yoga/YGNode.h
React.framework/Headers/Yoga/yoga/YGNodeLayout.h
React.framework/Headers/Yoga/yoga/YGNodeStyle.h
React.framework/Headers/Yoga/yoga/YGPixelGrid.h
React.framework/Headers/Yoga/yoga/YGValue.h
React.framework/Headers/Yoga/yoga/Yoga.h
React.framework/Headers/Yoga/yoga/algorithm/
React.framework/Headers/Yoga/yoga/algorithm/AbsoluteLayout.h
React.framework/Headers/Yoga/yoga/algorithm/Align.h
React.framework/Headers/Yoga/yoga/algorithm/Baseline.h
React.framework/Headers/Yoga/yoga/algorithm/BoundAxis.h
React.framework/Headers/Yoga/yoga/algorithm/Cache.h
React.framework/Headers/Yoga/yoga/algorithm/CalculateLayout.h
React.framework/Headers/Yoga/yoga/algorithm/FlexDirection.h
React.framework/Headers/Yoga/yoga/algorithm/FlexLine.h
React.framework/Headers/Yoga/yoga/algorithm/PixelGrid.h
React.framework/Headers/Yoga/yoga/algorithm/SizingMode.h
React.framework/Headers/Yoga/yoga/algorithm/TrailingPosition.h
React.framework/Headers/Yoga/yoga/config/
React.framework/Headers/Yoga/yoga/config/Config.h
React.framework/Headers/Yoga/yoga/debug/
React.framework/Headers/Yoga/yoga/debug/AssertFatal.h
React.framework/Headers/Yoga/yoga/debug/Log.h
React.framework/Headers/Yoga/yoga/enums/
React.framework/Headers/Yoga/yoga/enums/Align.h
React.framework/Headers/Yoga/yoga/enums/BoxSizing.h
React.framework/Headers/Yoga/yoga/enums/Dimension.h
React.framework/Headers/Yoga/yoga/enums/Direction.h
React.framework/Headers/Yoga/yoga/enums/Display.h
React.framework/Headers/Yoga/yoga/enums/Edge.h
React.framework/Headers/Yoga/yoga/enums/Errata.h
React.framework/Headers/Yoga/yoga/enums/ExperimentalFeature.h
React.framework/Headers/Yoga/yoga/enums/FlexDirection.h
React.framework/Headers/Yoga/yoga/enums/GridTrackType.h
React.framework/Headers/Yoga/yoga/enums/Gutter.h
React.framework/Headers/Yoga/yoga/enums/Justify.h
React.framework/Headers/Yoga/yoga/enums/LogLevel.h
React.framework/Headers/Yoga/yoga/enums/MeasureMode.h
React.framework/Headers/Yoga/yoga/enums/NodeType.h
React.framework/Headers/Yoga/yoga/enums/Overflow.h
React.framework/Headers/Yoga/yoga/enums/PhysicalEdge.h
React.framework/Headers/Yoga/yoga/enums/PositionType.h
React.framework/Headers/Yoga/yoga/enums/Unit.h
React.framework/Headers/Yoga/yoga/enums/Wrap.h
React.framework/Headers/Yoga/yoga/enums/YogaEnums.h
React.framework/Headers/Yoga/yoga/event/
React.framework/Headers/Yoga/yoga/event/event.h
React.framework/Headers/Yoga/yoga/node/
React.framework/Headers/Yoga/yoga/node/CachedMeasurement.h
React.framework/Headers/Yoga/yoga/node/LayoutResults.h
React.framework/Headers/Yoga/yoga/node/LayoutableChildren.h
React.framework/Headers/Yoga/yoga/node/Node.h
React.framework/Headers/Yoga/yoga/numeric/
React.framework/Headers/Yoga/yoga/numeric/Comparison.h
React.framework/Headers/Yoga/yoga/numeric/FloatOptional.h
React.framework/Headers/Yoga/yoga/style/
React.framework/Headers/Yoga/yoga/style/GridLine.h
React.framework/Headers/Yoga/yoga/style/GridTrack.h
React.framework/Headers/Yoga/yoga/style/SmallValueBuffer.h
React.framework/Headers/Yoga/yoga/style/Style.h
React.framework/Headers/Yoga/yoga/style/StyleLength.h
React.framework/Headers/Yoga/yoga/style/StyleSizeLength.h
React.framework/Headers/Yoga/yoga/style/StyleValueHandle.h
React.framework/Headers/Yoga/yoga/style/StyleValuePool.h
React.framework/Modules/
React.framework/Modules/module.modulemap

sent 15475191 bytes  received 27714 bytes  16703916 bytes/sec
total size is 15278443  speedup is 0.99
Copied /Users/runner/work/App/App/ios/Pods/React-Core-prebuilt/React.xcframework/ios-arm64 to /Users/runner/work/App/App/build/Build/Products/Release-iphoneos/XCFrameworkIntermediates/React-Core-prebuilt

PhaseScriptExecution [CP-User]\ Build\ ExpoModulesJSI\ xcframework /Users/runner/work/App/App/build/Build/Intermediates.noindex/Pods.build/Release-iphoneos/ExpoModulesJSI.build/Script-46EB2E00016010.sh (in target 'ExpoModulesJSI' from project 'Pods')
    cd /Users/runner/work/App/App/ios/Pods
    export ACTION\=build
    export AD_HOC_CODE_SIGNING_ALLOWED\=NO
    export ALLOW_BUILD_REQUEST_OVERRIDES\=NO
    export ALLOW_TARGET_PLATFORM_SPECIALIZATION\=NO
    export ALTERNATE_GROUP\=staff
    export ALTERNATE_MODE\=u+w,go-w,a+rX
    export ALTERNATE_OWNER\=runner
    export ALTERNATIVE_DISTRIBUTION_WEB\=NO
    export ALWAYS_EMBED_SWIFT_STANDARD_LIBRARIES\=NO
    export ALWAYS_SEARCH_USER_PATHS\=NO
    export ALWAYS_USE_SEPARATE_HEADERMAPS\=NO
    export ANDROID_DEPLOYMENT_TARGET\=21.0
    export APPLICATION_EXTENSION_API_ONLY\=NO
    export APPLY_RULES_IN_COPY_FILES\=NO
    export APPLY_RULES_IN_COPY_HEADERS\=NO
    export APP_SHORTCUTS_ENABLE_FLEXIBLE_MATCHING\=YES
    export ARCHS\=arm64
    export ARCHS_STANDARD\=arm64
    export ARCHS_STANDARD_32_64_BIT\=armv7\ arm64
    export ARCHS_STANDARD_32_BIT\=armv7
    export ARCHS_STANDARD_64_BIT\=arm64
    export ARCHS_STANDARD_INCLUDING_64_BIT\=arm64
    export ARCHS_UNIVERSAL_IPHONE_OS\=armv7\ arm64
    export ASSETCATALOG_COMPILER_APPICON_NAME\=AppIcon
    export ASSETCATALOG_COMPILER_GLOBAL_ACCENT_COLOR_NAME\=AccentColor
    export AUTOMATICALLY_MERGE_DEPENDENCIES\=NO
    export AUTOMATION_APPLE_EVENTS\=NO
    export AVAILABLE_PLATFORMS\=android\ appletvos\ appletvsimulator\ driverkit\ iphoneos\ iphonesimulator\ macosx\ qnx\ watchos\ watchsimulator\ webassembly\ xros\ xrsimulator
    export BUILD_ACTIVE_RESOURCES_ONLY\=NO
    export BUILD_COMPONENTS\=headers\ build
    export BUILD_DIR\=/Users/runner/work/App/App/build/Build/Products
    export BUILD_LIBRARY_FOR_DISTRIBUTION\=NO
    export BUILD_ROOT\=/Users/runner/work/App/App/build/Build/Products
    export BUILD_STYLE\=
    export BUILD_VARIANTS\=normal
    export BUILT_PRODUCTS_DIR\=/Users/runner/work/App/App/build/Build/Products/Release-iphoneos/ExpoModulesJSI
    export BUNDLE_CONTENTS_FOLDER_PATH_deep\=Contents/
    export BUNDLE_EXECUTABLE_FOLDER_NAME_deep\=MacOS
    export BUNDLE_EXTENSIONS_FOLDER_PATH\=Extensions
    export BUNDLE_FORMAT\=shallow
    export BUNDLE_FRAMEWORKS_FOLDER_PATH\=Frameworks
    export BUNDLE_PLUGINS_FOLDER_PATH\=PlugIns
    export BUNDLE_PRIVATE_HEADERS_FOLDER_PATH\=PrivateHeaders
    export BUNDLE_PUBLIC_HEADERS_FOLDER_PATH\=Headers
    export CACHE_ROOT\=/var/folders/nj/vtw8zd2j31d1gdrtntc5y4600000gn/C/com.apple.DeveloperTools/26.3-17C529/Xcode
    export CCHROOT\=/var/folders/nj/vtw8zd2j31d1gdrtntc5y4600000gn/C/com.apple.DeveloperTools/26.3-17C529/Xcode
    export CHMOD\=/bin/chmod
    export CHOWN\=/usr/sbin/chown
    export CLANG_ANALYZER_LOCALIZABILITY_NONLOCALIZED\=YES
    export CLANG_ANALYZER_NONNULL\=YES
    export CLANG_ANALYZER_NUMBER_OBJECT_CONVERSION\=YES_AGGRESSIVE
    export CLANG_CACHE_FINE_GRAINED_OUTPUTS\=YES
    export CLANG_CXX_LANGUAGE_STANDARD\=c++20
    export CLANG_CXX_LIBRARY\=libc++
    export CLANG_ENABLE_EXPLICIT_MODULES\=YES
    export CLANG_ENABLE_MODULES\=YES
    export CLANG_ENABLE_OBJC_ARC\=YES
    export CLANG_ENABLE_OBJC_WEAK\=NO
    export CLANG_MODULES_BUILD_SESSION_FILE\=/Users/runner/work/App/App/build/ModuleCache.noindex/Session.modulevalidation
    export CLANG_WARN_BLOCK_CAPTURE_AUTORELEASING\=YES
    export CLANG_WARN_BOOL_CONVERSION\=YES
    export CLANG_WARN_COMMA\=YES
    export CLANG_WARN_CONSTANT_CONVERSION\=YES
    export CLANG_WARN_DEPRECATED_OBJC_IMPLEMENTATIONS\=YES
    export CLANG_WARN_DIRECT_OBJC_ISA_USAGE\=YES_ERROR
    export CLANG_WARN_DOCUMENTATION_COMMENTS\=YES
    export CLANG_WARN_EMPTY_BODY\=YES
    export CLANG_WARN_ENUM_CONVERSION\=YES
    export CLANG_WARN_INFINITE_RECURSION\=YES
    export CLANG_WARN_INT_CONVERSION\=YES
    export CLANG_WARN_NON_LITERAL_NULL_CONVERSION\=YES
    export CLANG_WARN_OBJC_IMPLICIT_RETAIN_SELF\=YES
    export CLANG_WARN_OBJC_LITERAL_CONVERSION\=YES
    export CLANG_WARN_OBJC_ROOT_CLASS\=YES_ERROR
    export CLANG_WARN_QUOTED_INCLUDE_IN_FRAMEWORK_HEADER\=NO
    export CLANG_WARN_RANGE_LOOP_ANALYSIS\=YES
    export CLANG_WARN_STRICT_PROTOTYPES\=YES
    export CLANG_WARN_SUSPICIOUS_MOVE\=YES
    export CLANG_WARN_UNGUARDED_AVAILABILITY\=YES_AGGRESSIVE
    export CLANG_WARN_UNREACHABLE_CODE\=YES
    export CLANG_WARN__DUPLICATE_METHOD_MATCH\=YES
    export CLASS_FILE_DIR\=/Users/runner/work/App/App/build/Build/Intermediates.noindex/Pods.build/Release-iphoneos/ExpoModulesJSI.build/JavaClasses
    export CLEAN_PRECOMPS\=YES
    export CLONE_HEADERS\=NO
    export CODESIGNING_FOLDER_PATH\=/Users/runner/work/App/App/build/Build/Products/Release-iphoneos/ExpoModulesJSI/
    export CODE_SIGNING_ALLOWED\=NO
    export CODE_SIGNING_REQUIRED\=NO
    export CODE_SIGN_CONTEXT_CLASS\=XCiPhoneOSCodeSignContext
    export CODE_SIGN_INJECT_BASE_ENTITLEMENTS\=YES
    export COLOR_DIAGNOSTICS\=NO
    export COMBINE_HIDPI_IMAGES\=NO
    export COMPILATION_CACHE_CAS_PATH\=/Users/runner/work/App/App/build/CompilationCache.noindex
    export COMPILATION_CACHE_KEEP_CAS_DIRECTORY\=YES
    export COMPILER_INDEX_STORE_ENABLE\=NO
    export COMPOSITE_SDK_DIRS\=/Users/runner/work/App/App/build/Build/Intermediates.noindex/CompositeSDKs
    export COMPRESS_PNG_FILES\=YES
    export CONFIGURATION\=Release
    export CONFIGURATION_BUILD_DIR\=/Users/runner/work/App/App/build/Build/Products/Release-iphoneos/ExpoModulesJSI
    export CONFIGURATION_TEMP_DIR\=/Users/runner/work/App/App/build/Build/Intermediates.noindex/Pods.build/Release-iphoneos
    export COPYING_PRESERVES_HFS_DATA\=NO
    export COPY_HEADERS_RUN_UNIFDEF\=NO
    export COPY_PHASE_STRIP\=NO
    export CORRESPONDING_SIMULATOR_PLATFORM_DIR\=/Applications/Xcode_26.3.app/Contents/Developer/Platforms/iPhoneSimulator.platform
    export CORRESPONDING_SIMULATOR_PLATFORM_NAME\=iphonesimulator
    export CORRESPONDING_SIMULATOR_SDK_DIR\=/Applications/Xcode_26.3.app/Contents/Developer/Platforms/iPhoneSimulator.platform/Developer/SDKs/iPhoneSimulator26.2.sdk
    export CORRESPONDING_SIMULATOR_SDK_NAME\=iphonesimulator26.2
    export CP\=/bin/cp
    export CREATE_INFOPLIST_SECTION_IN_BINARY\=NO
    export CURRENT_ARCH\=undefined_arch
    export CURRENT_VARIANT\=normal
    export DEAD_CODE_STRIPPING\=YES
    export DEBUGGING_SYMBOLS\=YES
    export DEBUG_INFORMATION_FORMAT\=dwarf-with-dsym
    export DEBUG_INFORMATION_VERSION\=compiler-default
    export DEFAULT_COMPILER\=com.apple.compilers.llvm.clang.1_0
    export DEFAULT_DEXT_INSTALL_PATH\=/System/Library/DriverExtensions
    export DEFAULT_KEXT_INSTALL_PATH\=/System/Library/Extensions
    export DEFINES_MODULE\=YES
    export DEPLOYMENT_LOCATION\=NO
    export DEPLOYMENT_POSTPROCESSING\=NO
    export DEPLOYMENT_TARGET_SETTING_NAME\=IPHONEOS_DEPLOYMENT_TARGET
    export DEPLOYMENT_TARGET_SUGGESTED_VALUES\=12.0\ 12.1\ 12.2\ 12.3\ 12.4\ 13.0\ 13.1\ 13.2\ 13.3\ 13.4\ 13.5\ 13.6\ 14.0\ 14.1\ 14.2\ 14.3\ 14.4\ 14.5\ 14.6\ 14.7\ 15.0\ 15.1\ 15.2\ 15.3\ 15.4\ 15.5\ 15.6\ 16.0\ 16.1\ 16.2\ 16.3\ 16.4\ 16.5\ 16.6\ 17.0\ 17.1\ 17.2\ 17.3\ 17.4\ 17.5\ 17.6\ 18.0\ 18.1\ 18.2\ 18.3\ 18.4\ 18.5\ 18.6\ 26.0\ 26.1\ 26.2
    export DERIVED_FILES_DIR\=/Users/runner/work/App/App/build/Build/Intermediates.noindex/Pods.build/Release-iphoneos/ExpoModulesJSI.build/DerivedSources
    export DERIVED_FILE_DIR\=/Users/runner/work/App/App/build/Build/Intermediates.noindex/Pods.build/Release-iphoneos/ExpoModulesJSI.build/DerivedSources
    export DERIVED_SOURCES_DIR\=/Users/runner/work/App/App/build/Build/Intermediates.noindex/Pods.build/Release-iphoneos/ExpoModulesJSI.build/DerivedSources
    export DERIVE_MACCATALYST_PRODUCT_BUNDLE_IDENTIFIER\=NO
    export DEVELOPER_APPLICATIONS_DIR\=/Applications/Xcode_26.3.app/Contents/Developer/Applications
    export DEVELOPER_BIN_DIR\=/Applications/Xcode_26.3.app/Contents/Developer/usr/bin
    export DEVELOPER_DIR\=/Applications/Xcode_26.3.app/Contents/Developer
    export DEVELOPER_FRAMEWORKS_DIR\=/Applications/Xcode_26.3.app/Contents/Developer/Library/Frameworks
    export DEVELOPER_FRAMEWORKS_DIR_QUOTED\=/Applications/Xcode_26.3.app/Contents/Developer/Library/Frameworks
    export DEVELOPER_LIBRARY_DIR\=/Applications/Xcode_26.3.app/Contents/Developer/Library
    export DEVELOPER_SDK_DIR\=/Applications/Xcode_26.3.app/Contents/Developer/Platforms/MacOSX.platform/Developer/SDKs
    export DEVELOPER_TOOLS_DIR\=/Applications/Xcode_26.3.app/Contents/Developer/Tools
    export DEVELOPER_USR_DIR\=/Applications/Xcode_26.3.app/Contents/Developer/usr
    export DEVELOPMENT_LANGUAGE\=en
    export DIAGNOSE_MISSING_TARGET_DEPENDENCIES\=YES
    export DIFF\=/usr/bin/diff
    export DONT_GENERATE_INFOPLIST_FILE\=NO
    export DSTROOT\=/tmp/Pods.dst
    export DT_TOOLCHAIN_DIR\=/Applications/Xcode_26.3.app/Contents/Developer/Toolchains/XcodeDefault.xctoolchain
    export DWARF_DSYM_FILE_NAME\=.dSYM
    export DWARF_DSYM_FILE_SHOULD_ACCOMPANY_PRODUCT\=NO
    export DWARF_DSYM_FOLDER_PATH\=/Users/runner/work/App/App/build/Build/Products/Release-iphoneos/ExpoModulesJSI
    export DYNAMIC_LIBRARY_EXTENSION\=dylib
    export EAGER_COMPILATION_ALLOW_SCRIPTS\=NO
    export EAGER_LINKING\=NO
    export EFFECTIVE_PLATFORM_NAME\=-iphoneos
    export EMBEDDED_CONTENT_CONTAINS_SWIFT\=NO
    export EMBEDDED_PROFILE_NAME\=embedded.mobileprovision
    export EMBED_ASSET_PACKS_IN_PRODUCT_BUNDLE\=NO
    export ENABLE_APP_SANDBOX\=NO
    export ENABLE_CODE_COVERAGE\=YES
    export ENABLE_CPLUSPLUS_BOUNDS_SAFE_BUFFERS\=NO
    export ENABLE_C_BOUNDS_SAFETY\=NO
    export ENABLE_DEBUG_DYLIB\=NO
    export ENABLE_DEFAULT_HEADER_SEARCH_PATHS\=YES
    export ENABLE_DEFAULT_SEARCH_PATHS\=YES
    export ENABLE_ENHANCED_SECURITY\=NO
    export ENABLE_HARDENED_RUNTIME\=NO
    export ENABLE_HEADER_DEPENDENCIES\=YES
    export ENABLE_INCOMING_NETWORK_CONNECTIONS\=NO
    export ENABLE_NS_ASSERTIONS\=NO
    export ENABLE_ON_DEMAND_RESOURCES\=NO
    export ENABLE_OUTGOING_NETWORK_CONNECTIONS\=NO
    export ENABLE_POINTER_AUTHENTICATION\=NO
    export ENABLE_PREVIEWS\=NO
    export ENABLE_RESOURCE_ACCESS_AUDIO_INPUT\=NO
    export ENABLE_RESOURCE_ACCESS_BLUETOOTH\=NO
    export ENABLE_RESOURCE_ACCESS_CALENDARS\=NO
    export ENABLE_RESOURCE_ACCESS_CAMERA\=NO
    export ENABLE_RESOURCE_ACCESS_CONTACTS\=NO
    export ENABLE_RESOURCE_ACCESS_LOCATION\=NO
    export ENABLE_RESOURCE_ACCESS_PHOTO_LIBRARY\=NO
    export ENABLE_RESOURCE_ACCESS_PRINTING\=NO
    export ENABLE_RESOURCE_ACCESS_USB\=NO
    export ENABLE_SDK_IMPORTS\=NO
    export ENABLE_SECURITY_COMPILER_WARNINGS\=NO
    export ENABLE_STRICT_OBJC_MSGSEND\=YES
    export ENABLE_TESTABILITY\=NO
    export ENABLE_TESTING_SEARCH_PATHS\=NO
    export ENABLE_USER_SCRIPT_SANDBOXING\=NO
    export ENABLE_XOJIT_PREVIEWS\=NO
    export ENFORCE_VALID_ARCHS\=YES
    export ENTITLEMENTS_DESTINATION\=Signature
    export ENTITLEMENTS_REQUIRED\=YES
    export EXCLUDED_INSTALLSRC_SUBDIRECTORY_PATTERNS\=.DS_Store\ .svn\ .git\ .hg\ CVS
    export EXCLUDED_RECURSIVE_SEARCH_PATH_SUBDIRECTORIES\=\*.nib\ \*.lproj\ \*.framework\ \*.gch\ \*.xcode\*\ \*.xcassets\ \*.icon\ \(\*\)\ .DS_Store\ CVS\ .svn\ .git\ .hg\ \*.pbproj\ \*.pbxproj
    export FILE_LIST\=/Users/runner/work/App/App/build/Build/Intermediates.noindex/Pods.build/Release-iphoneos/ExpoModulesJSI.build/Objects/LinkFileList
    export FIXED_FILES_DIR\=/Users/runner/work/App/App/build/Build/Intermediates.noindex/Pods.build/Release-iphoneos/ExpoModulesJSI.build/FixedFiles
    export FRAMEWORK_SEARCH_PATHS\=\ \"/Users/runner/work/App/App/ios/Pods/../../node_modules/expo-modules-jsi/apple/Products\"\ \"/Users/runner/work/App/App/ios/Pods/React-Core-prebuilt\"\ \"/Users/runner/work/App/App/ios/Pods/ReactNativeDependencies/framework/packages/react-native\"\ \"/Users/runner/work/App/App/ios/Pods/hermes-engine/destroot/Library/Frameworks/universal\"\ \"/Users/runner/work/App/App/build/Build/Products/Release-iphoneos/XCFrameworkIntermediates/ExpoModulesJSI\"\ \"/Users/runner/work/App/App/build/Build/Products/Release-iphoneos/XCFrameworkIntermediates/React-Core-prebuilt\"\ \"/Users/runner/work/App/App/build/Build/Products/Release-iphoneos/XCFrameworkIntermediates/ReactNativeDependencies\"\ \"/Users/runner/work/App/App/build/Build/Products/Release-iphoneos/XCFrameworkIntermediates/hermes-engine/Pre-built\"\ \"/Users/runner/work/App/App/build/Build/Products/Release-iphoneos/XCFrameworkIntermediates/ExpoModulesJSI\"
    export FRAMEWORK_VERSION\=A
    export FUSE_BUILD_PHASES\=YES
    export FUSE_BUILD_SCRIPT_PHASES\=NO
    export GCC3_VERSION\=3.3
    export GCC_C_LANGUAGE_STANDARD\=gnu11
    export GCC_NO_COMMON_BLOCKS\=YES
    export GCC_PFE_FILE_C_DIALECTS\=c\ objective-c\ c++\ objective-c++
    export GCC_PREPROCESSOR_DEFINITIONS\=POD_CONFIGURATION_RELEASE\=1\ \ COCOAPODS\=1
    export GCC_THUMB_SUPPORT\=YES
    export GCC_TREAT_WARNINGS_AS_ERRORS\=NO
    export GCC_VERSION\=com.apple.compilers.llvm.clang.1_0
    export GCC_VERSION_IDENTIFIER\=com_apple_compilers_llvm_clang_1_0
    export GCC_WARN_64_TO_32_BIT_CONVERSION\=YES
    export GCC_WARN_ABOUT_RETURN_TYPE\=YES_ERROR
    export GCC_WARN_UNDECLARED_SELECTOR\=YES
    export GCC_WARN_UNINITIALIZED_AUTOS\=YES_AGGRESSIVE
    export GCC_WARN_UNUSED_FUNCTION\=YES
    export GCC_WARN_UNUSED_VARIABLE\=YES
    export GENERATED_MODULEMAP_DIR\=/Users/runner/work/App/App/build/Build/Intermediates.noindex/GeneratedModuleMaps-iphoneos
    export GENERATE_INFOPLIST_FILE\=NO
    export GENERATE_INTERMEDIATE_TEXT_BASED_STUBS\=YES
    export GENERATE_PKGINFO_FILE\=NO
    export GENERATE_PRELINK_OBJECT_FILE\=NO
    export GENERATE_PROFILING_CODE\=NO
    export GENERATE_TEXT_BASED_STUBS\=NO
    export GID\=20
    export GROUP\=staff
    export HEADERMAP_INCLUDES_FLAT_ENTRIES_FOR_TARGET_BEING_BUILT\=YES
    export HEADERMAP_INCLUDES_FRAMEWORK_ENTRIES_FOR_ALL_PRODUCT_TYPES\=YES
    export HEADERMAP_INCLUDES_FRAMEWORK_ENTRIES_FOR_TARGETS_NOT_BEING_BUILT\=YES
    export HEADERMAP_INCLUDES_NONPUBLIC_NONPRIVATE_HEADERS\=YES
    export HEADERMAP_INCLUDES_PROJECT_HEADERS\=YES
    export HEADERMAP_USES_FRAMEWORK_PREFIX_ENTRIES\=YES
    export HEADERMAP_USES_VFS\=YES
    export HEADER_SEARCH_PATHS\=\ \"/Users/runner/work/App/App/ios/Pods/Headers/Public\"\ \"/Users/runner/work/App/App/ios/Pods/Headers/Public/React-Core\"\ \"/Users/runner/work/App/App/ios/Pods/Headers/Public/React-Core-prebuilt\"\ \"/Users/runner/work/App/App/ios/Pods/Headers/Public/React-callinvoker\"\ \"/Users/runner/work/App/App/ios/Pods/Headers/Public/React-cxxreact\"\ \"/Users/runner/work/App/App/ios/Pods/Headers/Public/React-debug\"\ \"/Users/runner/work/App/App/ios/Pods/Headers/Public/React-featureflags\"\ \"/Users/runner/work/App/App/ios/Pods/Headers/Public/React-hermes\"\ \"/Users/runner/work/App/App/ios/Pods/Headers/Public/React-jserrorhandler\"\ \"/Users/runner/work/App/App/ios/Pods/Headers/Public/React-jsi\"\ \"/Users/runner/work/App/App/ios/Pods/Headers/Public/React-jsiexecutor\"\ \"/Users/runner/work/App/App/ios/Pods/Headers/Public/React-jsinspector\"\ \"/Users/runner/work/App/App/ios/Pods/Headers/Public/React-jsinspectorcdp\"\ \"/Users/runner/work/App/App/ios/Pods/Headers/Public/React-jsinspectornetwork\"\ \"/Users/runner/work/App/App/ios/Pods/Headers/Public/React-jsinspectortracing\"\ \"/Users/runner/work/App/App/ios/Pods/Headers/Public/React-jsitooling\"\ \"/Users/runner/work/App/App/ios/Pods/Headers/Public/React-logger\"\ \"/Users/runner/work/App/App/ios/Pods/Headers/Public/React-oscompat\"\ \"/Users/runner/work/App/App/ios/Pods/Headers/Public/React-perflogger\"\ \"/Users/runner/work/App/App/ios/Pods/Headers/Public/React-performancetimeline\"\ \"/Users/runner/work/App/App/ios/Pods/Headers/Public/React-rendererconsistency\"\ \"/Users/runner/work/App/App/ios/Pods/Headers/Public/React-rendererdebug\"\ \"/Users/runner/work/App/App/ios/Pods/Headers/Public/React-runtimeexecutor\"\ \"/Users/runner/work/App/App/ios/Pods/Headers/Public/React-runtimescheduler\"\ \"/Users/runner/work/App/App/ios/Pods/Headers/Public/React-timing\"\ \"/Users/runner/work/App/App/ios/Pods/Headers/Public/React-utils\"\ \"/Users/runner/work/App/App/ios/Pods/Headers/Public/ReactCommon\"\ \"/Users/runner/work/App/App/ios/Pods/Headers/Public/ReactNativeDependencies\"\ \"/Users/runner/work/App/App/ios/Pods/Headers/Public/Yoga\"\ \"/Users/runner/work/App/App/ios/Pods/Headers/Public/hermes-engine\"\ \"/Users/runner/work/App/App/ios/Pods/ExpoModulesCore/ExpoModulesCore.xcframework/ios-arm64_x86_64-simulator/ExpoModulesCore.framework/Headers\"\ \"/Users/runner/work/App/App/ios/Pods/ExpoModulesCore/ExpoModulesCore.xcframework/ios-arm64/ExpoModulesCore.framework/Headers\"\ \"/Users/runner/work/App/App/ios/Pods/ExpoModulesCore/ExpoModulesCore.xcframework/ios-arm64_x86_64-simulator/ExpoModulesCore.framework/Headers\"\ \"/Users/runner/work/App/App/ios/Pods/ExpoModulesCore/ExpoModulesCore.xcframework/ios-arm64/ExpoModulesCore.framework/Headers\"
    export HOME\=/Users/runner
    export HOST_ARCH\=arm64
    export HOST_PLATFORM\=macosx
    export ICONV\=/usr/bin/iconv
    export IMPLICIT_DEPENDENCY_DOMAIN\=default
    export INFOPLIST_ENABLE_CFBUNDLEICONS_MERGE\=YES
    export INFOPLIST_EXPAND_BUILD_SETTINGS\=YES
    export INFOPLIST_OUTPUT_FORMAT\=binary
    export INFOPLIST_PREPROCESS\=NO
    export INLINE_PRIVATE_FRAMEWORKS\=NO
    export INSTALLAPI_IGNORE_SKIP_INSTALL\=YES
    export INSTALLHDRS_COPY_PHASE\=NO
    export INSTALLHDRS_SCRIPT_PHASE\=NO
    export INSTALL_DIR\=/tmp/Pods.dst
    export INSTALL_GROUP\=staff
    export INSTALL_MODE_FLAG\=u+w,go-w,a+rX
    export INSTALL_OWNER\=runner
    export INSTALL_ROOT\=/tmp/Pods.dst
    export IPHONEOS_DEPLOYMENT_TARGET\=16.4
    export IS_UNOPTIMIZED_BUILD\=NO
    export JAVAC_DEFAULT_FLAGS\=-J-Xms64m\ -J-XX:NewSize\=4M\ -J-Dfile.encoding\=UTF8
    export JAVA_APP_STUB\=/System/Library/Frameworks/JavaVM.framework/Resources/MacOS/JavaApplicationStub
    export JAVA_ARCHIVE_CLASSES\=YES
    export JAVA_ARCHIVE_TYPE\=JAR
    export JAVA_COMPILER\=/usr/bin/javac
    export JAVA_FRAMEWORK_RESOURCES_DIRS\=Resources
    export JAVA_JAR_FLAGS\=cv
    export JAVA_SOURCE_SUBDIR\=.
    export JAVA_USE_DEPENDENCIES\=YES
    export JAVA_ZIP_FLAGS\=-urg
    export JIKES_DEFAULT_FLAGS\=+E\ +OLDCSO
    export KASAN_CFLAGS_CLASSIC\=-DKASAN\=1\ -DKASAN_CLASSIC\=1\ -fsanitize\=address\ -mllvm\ -asan-globals-live-support\ -mllvm\ -asan-force-dynamic-shadow
    export KASAN_CFLAGS_TBI\=-DKASAN\=1\ -DKASAN_TBI\=1\ -fsanitize\=kernel-hwaddress\ -mllvm\ -hwasan-recover\=0\ -mllvm\ -hwasan-instrument-atomics\=0\ -mllvm\ -hwasan-instrument-stack\=1\ -mllvm\ -hwasan-generate-tags-with-calls\=1\ -mllvm\ -hwasan-instrument-with-calls\=1\ -mllvm\ -hwasan-use-short-granules\=0\ -mllvm\ -hwasan-memory-access-callback-prefix\=__asan_
    export KASAN_DEFAULT_CFLAGS\=-DKASAN\=1\ -DKASAN_CLASSIC\=1\ -fsanitize\=address\ -mllvm\ -asan-globals-live-support\ -mllvm\ -asan-force-dynamic-shadow
    export KEEP_PRIVATE_EXTERNS\=NO
    export LD_DEPENDENCY_INFO_FILE\=/Users/runner/work/App/App/build/Build/Intermediates.noindex/Pods.build/Release-iphoneos/ExpoModulesJSI.build/Objects-normal/undefined_arch/ExpoModulesJSI_dependency_info.dat
    export LD_EXPORT_SYMBOLS\=YES
    export LD_GENERATE_MAP_FILE\=NO
    export LD_MAP_FILE_PATH\=/Users/runner/work/App/App/build/Build/Intermediates.noindex/Pods.build/Release-iphoneos/ExpoModulesJSI.build/ExpoModulesJSI-LinkMap-normal-undefined_arch.txt
    export LD_NO_PIE\=NO
    export LD_QUOTE_LINKER_ARGUMENTS_FOR_COMPILER_DRIVER\=YES
    export LD_RUNPATH_SEARCH_PATHS\=\ @executable_path/Frameworks
    export LD_SHARED_CACHE_ELIGIBLE\=Automatic
    export LD_WARN_DUPLICATE_LIBRARIES\=NO
    export LD_WARN_UNUSED_DYLIBS\=NO
    export LEGACY_DEVELOPER_DIR\=/Applications/Xcode_26.3.app/Contents/PlugIns/Xcode3Core.ideplugin/Contents/SharedSupport/Developer
    export LEX\=lex
    export LIBRARY_DEXT_INSTALL_PATH\=/Library/DriverExtensions
    export LIBRARY_FLAG_NOSPACE\=YES
    export LIBRARY_KEXT_INSTALL_PATH\=/Library/Extensions
    export LINKER_DISPLAYS_MANGLED_NAMES\=NO
    export LINK_FILE_LIST_normal_arm64\=/Users/runner/work/App/App/build/Build/Intermediates.noindex/Pods.build/Release-iphoneos/ExpoModulesJSI.build/Objects-normal/arm64/ExpoModulesJSI.LinkFileList
    export LINK_OBJC_RUNTIME\=YES
    export LINK_WITH_STANDARD_LIBRARIES\=YES
    export LLVM_TARGET_TRIPLE_OS_VERSION\=ios16.4
    export LLVM_TARGET_TRIPLE_VENDOR\=apple
    export LM_AUX_CONST_METADATA_LIST_PATH_normal_arm64\=/Users/runner/work/App/App/build/Build/Intermediates.noindex/Pods.build/Release-iphoneos/ExpoModulesJSI.build/Objects-normal/arm64/ExpoModulesJSI.SwiftConstValuesFileList
    export LOCALIZATION_EXPORT_SUPPORTED\=YES
    export LOCALIZATION_PREFERS_STRING_CATALOGS\=NO
    export LOCALIZED_STRING_MACRO_NAMES\=NSLocalizedString\ CFCopyLocalizedString
    export LOCALIZED_STRING_SWIFTUI_SUPPORT\=YES
    export LOCAL_ADMIN_APPS_DIR\=/Applications/Utilities
    export LOCAL_APPS_DIR\=/Applications
    export LOCAL_DEVELOPER_DIR\=/Library/Developer
    export LOCAL_LIBRARY_DIR\=/Library
    export LOCROOT\=/Users/runner/work/App/App/ios/Pods
    export LOCSYMROOT\=/Users/runner/work/App/App/ios/Pods
    export MAC_OS_X_PRODUCT_BUILD_VERSION\=24G830
    export MAC_OS_X_VERSION_ACTUAL\=150709
    export MAC_OS_X_VERSION_MAJOR\=150000
    export MAC_OS_X_VERSION_MINOR\=150700
    export MAKE_MERGEABLE\=NO
    export MERGEABLE_LIBRARY\=NO
    export MERGED_BINARY_TYPE\=none
    export MERGE_LINKED_LIBRARIES\=NO
    export METAL_LIBRARY_FILE_BASE\=default
    export METAL_LIBRARY_OUTPUT_DIR\=/Users/runner/work/App/App/build/Build/Products/Release-iphoneos/ExpoModulesJSI/
    export MODULE_CACHE_DIR\=/Users/runner/work/App/App/build/ModuleCache.noindex
    export MTL_ENABLE_DEBUG_INFO\=NO
    export MTL_FAST_MATH\=YES
    export NATIVE_ARCH\=arm64
    export NATIVE_ARCH_32_BIT\=arm
    export NATIVE_ARCH_64_BIT\=arm64
    export NATIVE_ARCH_ACTUAL\=arm64
    export NO_COMMON\=YES
    export OBJECT_FILE_DIR\=/Users/runner/work/App/App/build/Build/Intermediates.noindex/Pods.build/Release-iphoneos/ExpoModulesJSI.build/Objects
    export OBJECT_FILE_DIR_normal\=/Users/runner/work/App/App/build/Build/Intermediates.noindex/Pods.build/Release-iphoneos/ExpoModulesJSI.build/Objects-normal
    export OBJROOT\=/Users/runner/work/App/App/build/Build/Intermediates.noindex
    export ONLY_ACTIVE_ARCH\=NO
    export OS\=MACOS
    export OSAC\=/usr/bin/osacompile
    export OTHER_CFLAGS\=\ -DRCT_REMOVE_LEGACY_ARCH\=1\ -ivfsoverlay\ \"/Users/runner/work/App/App/ios/Pods/React-Core-prebuilt/React-VFS.yaml\"\ -DNDEBUG
    export OTHER_CPLUSPLUSFLAGS\=\ -DRCT_REMOVE_LEGACY_ARCH\=1\ -ivfsoverlay\ \"/Users/runner/work/App/App/ios/Pods/React-Core-prebuilt/React-VFS.yaml\"\ -DNDEBUG\ -DRCT_REMOVE_LEGACY_ARCH\=1\ -ivfsoverlay\ \"/Users/runner/work/App/App/ios/Pods/React-Core-prebuilt/React-VFS.yaml\"\ -DNDEBUG
    export OTHER_SWIFT_FLAGS\=\ -D\ COCOAPODS\ -import-underlying-module\ -Xcc\ -fmodule-map-file\=\"/Users/runner/work/App/App/ios/Pods/\"\ -Xcc\ -ivfsoverlay\ -Xcc\ \"/Users/runner/work/App/App/ios/Pods/React-Core-prebuilt/React-VFS.yaml\"\ -Xcc\ -Wno-incomplete-umbrella
    export PASCAL_STRINGS\=YES
    export PATH\=/Applications/Xcode_26.3.app/Contents/SharedFrameworks/SwiftBuild.framework/Versions/A/PlugIns/SWBBuildService.bundle/Contents/PlugIns/SWBUniversalPlatformPlugin.bundle/Contents/Frameworks/SWBUniversalPlatform.framework/Resources:/var/run/com.apple.security.cryptexd/mnt/com.apple.MobileAsset.MetalToolchain-v17.3.7003.10.HWIt4u/Metal.xctoolchain/usr/bin:/var/run/com.apple.security.cryptexd/mnt/com.apple.MobileAsset.MetalToolchain-v17.3.7003.10.HWIt4u/Metal.xctoolchain/usr/local/bin:/var/run/com.apple.security.cryptexd/mnt/com.apple.MobileAsset.MetalToolchain-v17.3.7003.10.HWIt4u/Metal.xctoolchain/usr/libexec:/Applications/Xcode_26.3.app/Contents/Developer/Toolchains/XcodeDefault.xctoolchain/usr/bin:/Applications/Xcode_26.3.app/Contents/Developer/Toolchains/XcodeDefault.xctoolchain/usr/local/bin:/Applications/Xcode_26.3.app/Contents/Developer/Toolchains/XcodeDefault.xctoolchain/usr/libexec:/Applications/Xcode_26.3.app/Contents/Developer/Platforms/iPhoneOS.platform/usr/bin:/Applications/Xcode_26.3.app/Contents/Developer/Platforms/iPhoneOS.platform/usr/local/bin:/Applications/Xcode_26.3.app/Contents/Developer/Platforms/iPhoneOS.platform/Developer/usr/bin:/Applications/Xcode_26.3.app/Contents/Developer/Platforms/iPhoneOS.platform/Developer/usr/local/bin:/Applications/Xcode_26.3.app/Contents/Developer/usr/bin:/Applications/Xcode_26.3.app/Contents/Developer/usr/local/bin:/Users/runner/hostedtoolcache/Ruby/3.3.12/arm64/bin:/Users/runner/hostedtoolcache/node/20.20.2/arm64/bin:/Users/runner/.local/bin:/opt/homebrew/bin:/opt/homebrew/sbin:/Users/runner/.cargo/bin:/usr/local/opt/curl/bin:/usr/local/bin:/usr/local/sbin:/Users/runner/bin:/Users/runner/.yarn/bin:/Users/runner/Library/Android/sdk/tools:/Users/runner/Library/Android/sdk/platform-tools:/Library/Frameworks/Python.framework/Versions/Current/bin:/Library/Frameworks/Mono.framework/Versions/Current/Commands:/usr/bin:/bin:/usr/sbin:/sbin:/Users/runner/.dotnet/tools
    export PATH_PREFIXES_EXCLUDED_FROM_HEADER_DEPENDENCIES\=/usr/include\ /usr/local/include\ /System/Library/Frameworks\ /System/Library/PrivateFrameworks\ /Applications/Xcode_26.3.app/Contents/Developer/Headers\ /Applications/Xcode_26.3.app/Contents/Developer/SDKs\ /Applications/Xcode_26.3.app/Contents/Developer/Platforms
    export PER_ARCH_MODULE_FILE_DIR\=/Users/runner/work/App/App/build/Build/Intermediates.noindex/Pods.build/Release-iphoneos/ExpoModulesJSI.build/Objects-normal/undefined_arch
    export PER_ARCH_OBJECT_FILE_DIR\=/Users/runner/work/App/App/build/Build/Intermediates.noindex/Pods.build/Release-iphoneos/ExpoModulesJSI.build/Objects-normal/undefined_arch
    export PER_VARIANT_OBJECT_FILE_DIR\=/Users/runner/work/App/App/build/Build/Intermediates.noindex/Pods.build/Release-iphoneos/ExpoModulesJSI.build/Objects-normal
    export PKGINFO_FILE_PATH\=/Users/runner/work/App/App/build/Build/Intermediates.noindex/Pods.build/Release-iphoneos/ExpoModulesJSI.build/PkgInfo
    export PLATFORM_DEVELOPER_APPLICATIONS_DIR\=/Applications/Xcode_26.3.app/Contents/Developer/Platforms/iPhoneOS.platform/Developer/Applications
    export PLATFORM_DEVELOPER_BIN_DIR\=/Applications/Xcode_26.3.app/Contents/Developer/Platforms/iPhoneOS.platform/Developer/usr/bin
    export PLATFORM_DEVELOPER_LIBRARY_DIR\=/Applications/Xcode_26.3.app/Contents/Developer/Platforms/iPhoneOS.platform/Developer/Library
    export PLATFORM_DEVELOPER_SDK_DIR\=/Applications/Xcode_26.3.app/Contents/Developer/Platforms/iPhoneOS.platform/Developer/SDKs
    export PLATFORM_DEVELOPER_TOOLS_DIR\=/Applications/Xcode_26.3.app/Contents/Developer/Platforms/iPhoneOS.platform/Developer/Tools
    export PLATFORM_DEVELOPER_USR_DIR\=/Applications/Xcode_26.3.app/Contents/Developer/Platforms/iPhoneOS.platform/Developer/usr
    export PLATFORM_DIR\=/Applications/Xcode_26.3.app/Contents/Developer/Platforms/iPhoneOS.platform
    export PLATFORM_DISPLAY_NAME\=iOS
    export PLATFORM_FAMILY_NAME\=iOS
    export PLATFORM_NAME\=iphoneos
    export PLATFORM_PREFERRED_ARCH\=arm64
    export PLATFORM_PRODUCT_BUILD_VERSION\=23C57
    export PLATFORM_REQUIRES_SWIFT_AUTOLINK_EXTRACT\=NO
    export PLATFORM_REQUIRES_SWIFT_MODULEWRAP\=NO
    export PLIST_FILE_OUTPUT_FORMAT\=binary
    export PODFILE_DIR\=/Users/runner/work/App/App/ios/Pods/..
    export PODS_BUILD_DIR\=/Users/runner/work/App/App/build/Build/Products
    export PODS_CONFIGURATION_BUILD_DIR\=/Users/runner/work/App/App/build/Build/Products/Release-iphoneos
    export PODS_DEVELOPMENT_LANGUAGE\=en
    export PODS_ROOT\=/Users/runner/work/App/App/ios/Pods
    export PODS_TARGET_SRCROOT\=/Users/runner/work/App/App/ios/Pods/../../node_modules/expo-modules-jsi/apple
    export PODS_XCFRAMEWORKS_BUILD_DIR\=/Users/runner/work/App/App/build/Build/Products/Release-iphoneos/XCFrameworkIntermediates
    export PRECOMPS_INCLUDE_HEADERS_FROM_BUILT_PRODUCTS_DIR\=YES
    export PRECOMP_DESTINATION_DIR\=/Users/runner/work/App/App/build/Build/Intermediates.noindex/Pods.build/Release-iphoneos/ExpoModulesJSI.build/PrefixHeaders
    export PROCESSED_INFOPLIST_PATH\=/Users/runner/work/App/App/build/Build/Intermediates.noindex/Pods.build/Release-iphoneos/ExpoModulesJSI.build/Objects-normal/undefined_arch/Processed-Info.plist
    export PRODUCT_BUNDLE_IDENTIFIER\=org.cocoapods.ExpoModulesJSI
    export PRODUCT_MODULE_NAME\=ExpoModulesJSI
    export PRODUCT_NAME\=ExpoModulesJSI
    export PRODUCT_SETTINGS_PATH\=
    export PROFILING_CODE\=NO
    export PROJECT\=Pods
    export PROJECT_DERIVED_FILE_DIR\=/Users/runner/work/App/App/build/Build/Intermediates.noindex/Pods.build/DerivedSources
    export PROJECT_DIR\=/Users/runner/work/App/App/ios/Pods
    export PROJECT_FILE_PATH\=/Users/runner/work/App/App/ios/Pods/Pods.xcodeproj
    export PROJECT_GUID\=8699adb1dd336b26511df848a716bd42
    export PROJECT_NAME\=Pods
    export PROJECT_TEMP_DIR\=/Users/runner/work/App/App/build/Build/Intermediates.noindex/Pods.build
    export PROJECT_TEMP_ROOT\=/Users/runner/work/App/App/build/Build/Intermediates.noindex
    export REACT_NATIVE_PATH\=/Users/runner/work/App/App/ios/Pods/../../node_modules/react-native
    export RECOMMENDED_IPHONEOS_DEPLOYMENT_TARGET\=15.0
    export RECURSIVE_SEARCH_PATHS_FOLLOW_SYMLINKS\=YES
    export REMOVE_CVS_FROM_RESOURCES\=YES
    export REMOVE_GIT_FROM_RESOURCES\=YES
    export REMOVE_HEADERS_FROM_EMBEDDED_BUNDLES\=YES
    export REMOVE_HG_FROM_RESOURCES\=YES
    export REMOVE_STATIC_EXECUTABLES_FROM_EMBEDDED_BUNDLES\=YES
    export REMOVE_SVN_FROM_RESOURCES\=YES
    export RESCHEDULE_INDEPENDENT_HEADERS_PHASES\=YES
    export REZ_COLLECTOR_DIR\=/Users/runner/work/App/App/build/Build/Intermediates.noindex/Pods.build/Release-iphoneos/ExpoModulesJSI.build/ResourceManagerResources
    export REZ_OBJECTS_DIR\=/Users/runner/work/App/App/build/Build/Intermediates.noindex/Pods.build/Release-iphoneos/ExpoModulesJSI.build/ResourceManagerResources/Objects
    export RUNTIME_EXCEPTION_ALLOW_DYLD_ENVIRONMENT_VARIABLES\=NO
    export RUNTIME_EXCEPTION_ALLOW_JIT\=NO
    export RUNTIME_EXCEPTION_ALLOW_UNSIGNED_EXECUTABLE_MEMORY\=NO
    export RUNTIME_EXCEPTION_DEBUGGING_TOOL\=NO
    export RUNTIME_EXCEPTION_DISABLE_EXECUTABLE_PAGE_PROTECTION\=NO
    export RUNTIME_EXCEPTION_DISABLE_LIBRARY_VALIDATION\=NO
    export SCAN_ALL_SOURCE_FILES_FOR_INCLUDES\=NO
    export SCRIPT_INPUT_FILE_COUNT\=0
    export SCRIPT_INPUT_FILE_LIST_COUNT\=0
    export SCRIPT_OUTPUT_FILE_COUNT\=0
    export SCRIPT_OUTPUT_FILE_LIST_COUNT\=0
    export SDKROOT\=/Applications/Xcode_26.3.app/Contents/Developer/Platforms/iPhoneOS.platform/Developer/SDKs/iPhoneOS26.2.sdk
    export SDK_DIR\=/Applications/Xcode_26.3.app/Contents/Developer/Platforms/iPhoneOS.platform/Developer/SDKs/iPhoneOS26.2.sdk
    export SDK_DIR_iphoneos\=/Applications/Xcode_26.3.app/Contents/Developer/Platforms/iPhoneOS.platform/Developer/SDKs/iPhoneOS26.2.sdk
    export SDK_DIR_iphoneos26_2\=/Applications/Xcode_26.3.app/Contents/Developer/Platforms/iPhoneOS.platform/Developer/SDKs/iPhoneOS26.2.sdk
    export SDK_NAME\=iphoneos26.2
    export SDK_NAMES\=iphoneos26.2
    export SDK_PRODUCT_BUILD_VERSION\=23C57
    export SDK_STAT_CACHE_DIR\=/Users/runner/work/App/App/build
    export SDK_STAT_CACHE_ENABLE\=YES
    export SDK_STAT_CACHE_PATH\=/Users/runner/work/App/App/build/SDKStatCaches.noindex/iphoneos26.2-23C57-dc75598d0054f22ec865fa860f139d722dd23b4ebda140f7210d155ff1243552.sdkstatcache
    export SDK_VERSION\=26.2
    export SDK_VERSION_ACTUAL\=260200
    export SDK_VERSION_MAJOR\=260000
    export SDK_VERSION_MINOR\=260200
    export SED\=/usr/bin/sed
    export SEPARATE_STRIP\=NO
    export SEPARATE_SYMBOL_EDIT\=NO
    export SET_DIR_MODE_OWNER_GROUP\=YES
    export SET_FILE_MODE_OWNER_GROUP\=NO
    export SHALLOW_BUNDLE\=NO
    export SHARED_DERIVED_FILE_DIR\=/Users/runner/work/App/App/build/Build/Products/Release-iphoneos/ExpoModulesJSI/DerivedSources
    export SHARED_PRECOMPS_DIR\=/Users/runner/work/App/App/build/Build/Intermediates.noindex/PrecompiledHeaders
    export SKIP_INSTALL\=YES
    export SOURCE_ROOT\=/Users/runner/work/App/App/ios/Pods
    export SRCROOT\=/Users/runner/work/App/App/ios/Pods
    export STRINGSDATA_DIR\=/Users/runner/work/App/App/build/Build/Intermediates.noindex/Pods.build/Release-iphoneos/ExpoModulesJSI.build/Objects-normal/undefined_arch
    export STRINGSDATA_ROOT\=/Users/runner/work/App/App/build/Build/Intermediates.noindex/Pods.build/Release-iphoneos/ExpoModulesJSI.build
    export STRINGS_FILE_INFOPLIST_RENAME\=YES
    export STRINGS_FILE_OUTPUT_ENCODING\=binary
    export STRING_CATALOG_GENERATE_SYMBOLS\=NO
    export STRIP_BITCODE_FROM_COPIED_FILES\=YES
    export STRIP_INSTALLED_PRODUCT\=NO
    export STRIP_STYLE\=all
    export STRIP_SWIFT_SYMBOLS\=YES
    export SUPPORTED_DEVICE_FAMILIES\=1,2
    export SUPPORTED_PLATFORMS\=iphoneos\ iphonesimulator
    export SUPPORTS_MACCATALYST\=YES
    export SUPPORTS_MAC_DESIGNED_FOR_IPHONE_IPAD\=YES
    export SUPPORTS_TEXT_BASED_API\=NO
    export SUPPORTS_XR_DESIGNED_FOR_IPHONE_IPAD\=YES
    export SUPPRESS_WARNINGS\=NO
    export SWIFT_COMPILATION_MODE\=wholemodule
    export SWIFT_EMIT_CONST_VALUE_PROTOCOLS\=AppIntent\ EntityQuery\ AppEntity\ TransientEntity\ AppEnum\ AppShortcutProviding\ AppShortcutsProvider\ AnyResolverProviding\ AppIntentsPackage\ DynamicOptionsProvider\ _IntentValueRepresentable\ _AssistantIntentsProvider\ _GenerativeFunctionExtractable\ IntentValueQuery\ Resolver\ AppExtension\ ExtensionPointDefining
    export SWIFT_EMIT_LOC_STRINGS\=NO
    export SWIFT_EMIT_MODULE_INTERFACE\=NO
    export SWIFT_ENABLE_EXPLICIT_MODULES\=NO
    export SWIFT_OPTIMIZATION_LEVEL\=-O
    export SWIFT_PLATFORM_TARGET_PREFIX\=ios
    export SWIFT_RESPONSE_FILE_PATH_normal_arm64\=/Users/runner/work/App/App/build/Build/Intermediates.noindex/Pods.build/Release-iphoneos/ExpoModulesJSI.build/Objects-normal/arm64/ExpoModulesJSI.SwiftFileList
    export SWIFT_VERSION\=5.0
    export SYMROOT\=/Users/runner/work/App/App/build/Build/Products
    export SYSTEM_ADMIN_APPS_DIR\=/Applications/Utilities
    export SYSTEM_APPS_DIR\=/Applications
    export SYSTEM_CORE_SERVICES_DIR\=/System/Library/CoreServices
    export SYSTEM_DEMOS_DIR\=/Applications/Extras
    export SYSTEM_DEVELOPER_APPS_DIR\=/Applications/Xcode_26.3.app/Contents/Developer/Applications
    export SYSTEM_DEVELOPER_BIN_DIR\=/Applications/Xcode_26.3.app/Contents/Developer/usr/bin
    export SYSTEM_DEVELOPER_DEMOS_DIR\=/Applications/Xcode_26.3.app/Contents/Developer/Applications/Utilities/Built\ Examples
    export SYSTEM_DEVELOPER_DIR\=/Applications/Xcode_26.3.app/Contents/Developer
    export SYSTEM_DEVELOPER_DOC_DIR\=/Applications/Xcode_26.3.app/Contents/Developer/ADC\ Reference\ Library
    export SYSTEM_DEVELOPER_GRAPHICS_TOOLS_DIR\=/Applications/Xcode_26.3.app/Contents/Developer/Applications/Graphics\ Tools
    export SYSTEM_DEVELOPER_JAVA_TOOLS_DIR\=/Applications/Xcode_26.3.app/Contents/Developer/Applications/Java\ Tools
    export SYSTEM_DEVELOPER_PERFORMANCE_TOOLS_DIR\=/Applications/Xcode_26.3.app/Contents/Developer/Applications/Performance\ Tools
    export SYSTEM_DEVELOPER_RELEASENOTES_DIR\=/Applications/Xcode_26.3.app/Contents/Developer/ADC\ Reference\ Library/releasenotes
    export SYSTEM_DEVELOPER_TOOLS\=/Applications/Xcode_26.3.app/Contents/Developer/Tools
    export SYSTEM_DEVELOPER_TOOLS_DOC_DIR\=/Applications/Xcode_26.3.app/Contents/Developer/ADC\ Reference\ Library/documentation/DeveloperTools
    export SYSTEM_DEVELOPER_TOOLS_RELEASENOTES_DIR\=/Applications/Xcode_26.3.app/Contents/Developer/ADC\ Reference\ Library/releasenotes/DeveloperTools
    export SYSTEM_DEVELOPER_USR_DIR\=/Applications/Xcode_26.3.app/Contents/Developer/usr
    export SYSTEM_DEVELOPER_UTILITIES_DIR\=/Applications/Xcode_26.3.app/Contents/Developer/Applications/Utilities
    export SYSTEM_DEXT_INSTALL_PATH\=/System/Library/DriverExtensions
    export SYSTEM_DOCUMENTATION_DIR\=/Library/Documentation
    export SYSTEM_KEXT_INSTALL_PATH\=/System/Library/Extensions
    export SYSTEM_LIBRARY_DIR\=/System/Library
    export TAPI_DEMANGLE\=YES
    export TAPI_ENABLE_PROJECT_HEADERS\=NO
    export TAPI_LANGUAGE\=objective-c
    export TAPI_LANGUAGE_STANDARD\=compiler-default
    export TAPI_USE_SRCROOT\=YES
    export TAPI_VERIFY_MODE\=Pedantic
    export TARGETED_DEVICE_FAMILY\=1,2
    export TARGETNAME\=ExpoModulesJSI
    export TARGET_BUILD_DIR\=/Users/runner/work/App/App/build/Build/Products/Release-iphoneos/ExpoModulesJSI
    export TARGET_NAME\=ExpoModulesJSI
    export TARGET_TEMP_DIR\=/Users/runner/work/App/App/build/Build/Intermediates.noindex/Pods.build/Release-iphoneos/ExpoModulesJSI.build
    export TEMP_DIR\=/Users/runner/work/App/App/build/Build/Intermediates.noindex/Pods.build/Release-iphoneos/ExpoModulesJSI.build
    export TEMP_FILES_DIR\=/Users/runner/work/App/App/build/Build/Intermediates.noindex/Pods.build/Release-iphoneos/ExpoModulesJSI.build
    export TEMP_FILE_DIR\=/Users/runner/work/App/App/build/Build/Intermediates.noindex/Pods.build/Release-iphoneos/ExpoModulesJSI.build
    export TEMP_ROOT\=/Users/runner/work/App/App/build/Build/Intermediates.noindex
    export TEMP_SANDBOX_DIR\=/Users/runner/work/App/App/build/Build/Intermediates.noindex/TemporaryTaskSandboxes
    export TEST_FRAMEWORK_SEARCH_PATHS\=\ /Applications/Xcode_26.3.app/Contents/Developer/Platforms/iPhoneOS.platform/Developer/Library/Frameworks\ /Applications/Xcode_26.3.app/Contents/Developer/Platforms/iPhoneOS.platform/Developer/SDKs/iPhoneOS26.2.sdk/Developer/Library/Frameworks
    export TEST_LIBRARY_SEARCH_PATHS\=\ /Applications/Xcode_26.3.app/Contents/Developer/Platforms/iPhoneOS.platform/Developer/usr/lib
    export TOOLCHAINS\=com.apple.dt.toolchain.Metal.32023.864\ com.apple.dt.toolchain.XcodeDefault
    export TOOLCHAIN_DIR\=/var/run/com.apple.security.cryptexd/mnt/com.apple.MobileAsset.MetalToolchain-v17.3.7003.10.HWIt4u/Metal.xctoolchain
    export TOOLCHAIN_VERSION\=32023.864
    export TREAT_MISSING_BASELINES_AS_TEST_FAILURES\=NO
    export TREAT_MISSING_SCRIPT_PHASE_OUTPUTS_AS_ERRORS\=NO
    export UID\=501
    export UNINSTALLED_PRODUCTS_DIR\=/Users/runner/work/App/App/build/Build/Intermediates.noindex/UninstalledProducts
    export UNSTRIPPED_PRODUCT\=NO
    export USER\=runner
    export USER_APPS_DIR\=/Users/runner/Applications
    export USER_LIBRARY_DIR\=/Users/runner/Library
    export USE_DYNAMIC_NO_PIC\=YES
    export USE_HEADERMAP\=YES
    export USE_HEADER_SYMLINKS\=NO
    export USE_HERMES\=true
    export USE_RECURSIVE_SCRIPT_INPUTS_IN_SCRIPT_PHASES\=YES
    export VALIDATE_DEVELOPMENT_ASSET_PATHS\=YES_ERROR
    export VALIDATE_PRODUCT\=YES
    export VALID_ARCHS\=arm64\ arm64e\ armv7\ armv7s
    export VERBOSE_PBXCP\=NO
    export VERSION_INFO_BUILDER\=runner
    export VERSION_INFO_FILE\=ExpoModulesJSI_vers.c
    export VERSION_INFO_STRING\=\"@\(\#\)PROGRAM:ExpoModulesJSI\ \ PROJECT:Pods-\"
    export WORKSPACE_DIR\=/Users/runner/work/App/App/ios
    export WRAP_ASSET_PACKS_IN_SEPARATE_DIRECTORIES\=NO
    export XCODE_APP_SUPPORT_DIR\=/Applications/Xcode_26.3.app/Contents/Developer/Library/Xcode
    export XCODE_PRODUCT_BUILD_VERSION\=17C529
    export XCODE_VERSION_ACTUAL\=2630
    export XCODE_VERSION_MAJOR\=2600
    export XCODE_VERSION_MINOR\=2630
    export XPCSERVICES_FOLDER_PATH\=/XPCServices
    export YACC\=yacc
    export _DISCOVER_COMMAND_LINE_LINKER_INPUTS\=YES
    export _DISCOVER_COMMAND_LINE_LINKER_INPUTS_INCLUDE_WL\=YES
    export _LD_MULTIARCH\=YES
    export __DIAGNOSE_DEPRECATED_ARCHS\=YES
    export arch\=undefined_arch
    export variant\=normal
    /bin/sh -c /Users/runner/work/App/App/build/Build/Intermediates.noindex/Pods.build/Release-iphoneos/ExpoModulesJSI.build/Script-46EB2E00016010.sh
[ExpoModulesJSI] Detected: prebuilt RN (RN_ROOT=/Users/runner/work/App/App/node_modules/react-native)
[ExpoModulesJSI] Clearing stale build state (DerivedData, SwiftPM) before rebuild
[ExpoModulesJSI] Building framework slice for iphoneos...
2026-09-15 05:04:53.510 xcodebuild[35395:93331] [MT] IDERunDestination: Supported platforms for the buildables in the current scheme is empty.
/Users/runner/work/App/App/node_modules/expo-modules-jsi/apple/Sources/ExpoModulesJSI-Cxx/include/IRuntimeCompat.h:4:10: note: while building module 'jsi' imported from /Users/runner/work/App/App/node_modules/expo-modules-jsi/apple/Sources/ExpoModulesJSI-Cxx/include/IRuntimeCompat.h:4:
#include <jsi/jsi.h>
         ^
<module-includes>:1:9: note: in file included from <module-includes>:1:
#import "/Users/runner/work/App/App/ios/Pods/Headers/Public/React-jsi/jsi/jsi.h"
        ^
/Users/runner/work/App/App/ios/Pods/Headers/Public/React-jsi/jsi/jsi.h:2267:1: warning: umbrella header for module 'jsi' does not include header 'JSIDynamic.h'

^
/Users/runner/work/App/App/node_modules/expo-modules-jsi/apple/Sources/ExpoModulesJSI-Cxx/include/IRuntimeCompat.h:4:10: note: while building module 'jsi' imported from /Users/runner/work/App/App/node_modules/expo-modules-jsi/apple/Sources/ExpoModulesJSI-Cxx/include/IRuntimeCompat.h:4:
#include <jsi/jsi.h>
         ^
<module-includes>:1:9: note: in file included from <module-includes>:1:
#import "/Users/runner/work/App/App/ios/Pods/Headers/Public/React-jsi/jsi/jsi.h"
        ^
/Users/runner/work/App/App/ios/Pods/Headers/Public/React-jsi/jsi/jsi.h:2267:1: warning: umbrella header for module 'jsi' does not include header 'hermes-interfaces.h'

^
/Users/runner/work/App/App/node_modules/expo-modules-jsi/apple/Sources/ExpoModulesJSI-Cxx/include/IRuntimeCompat.h:4:10: note: while building module 'jsi' imported from /Users/runner/work/App/App/node_modules/expo-modules-jsi/apple/Sources/ExpoModulesJSI-Cxx/include/IRuntimeCompat.h:4:
#include <jsi/jsi.h>
         ^
<module-includes>:1:9: note: in file included from <module-includes>:1:
#import "/Users/runner/work/App/App/ios/Pods/Headers/Public/React-jsi/jsi/jsi.h"
        ^
/Users/runner/work/App/App/ios/Pods/Headers/Public/React-jsi/jsi/jsi.h:2267:1: warning: umbrella header for module 'jsi' does not include header 'decorator.h'

^
/Users/runner/work/App/App/node_modules/expo-modules-jsi/apple/Sources/ExpoModulesJSI-Cxx/include/IRuntimeCompat.h:4:10: note: while building module 'jsi' imported from /Users/runner/work/App/App/node_modules/expo-modules-jsi/apple/Sources/ExpoModulesJSI-Cxx/include/IRuntimeCompat.h:4:
#include <jsi/jsi.h>
         ^
<module-includes>:1:9: note: in file included from <module-includes>:1:
#import "/Users/runner/work/App/App/ios/Pods/Headers/Public/React-jsi/jsi/jsi.h"
        ^
/Users/runner/work/App/App/ios/Pods/Headers/Public/React-jsi/jsi/jsi.h:2267:1: warning: umbrella header for module 'jsi' does not include header 'threadsafe.h'

^
/Users/runner/work/App/App/node_modules/expo-modules-jsi/apple/Sources/ExpoModulesJSI-Cxx/include/IRuntimeCompat.h:4:10: note: while building module 'jsi' imported from /Users/runner/work/App/App/node_modules/expo-modules-jsi/apple/Sources/ExpoModulesJSI-Cxx/include/IRuntimeCompat.h:4:
#include <jsi/jsi.h>
         ^
<module-includes>:1:9: note: in file included from <module-includes>:1:
#import "/Users/runner/work/App/App/ios/Pods/Headers/Public/React-jsi/jsi/jsi.h"
        ^
/Users/runner/work/App/App/ios/Pods/Headers/Public/React-jsi/jsi/jsi.h:2267:1: warning: umbrella header for module 'jsi' does not include header 'jsilib.h'

^
/Users/runner/work/App/App/node_modules/expo-modules-jsi/apple/Sources/ExpoModulesJSI-Cxx/include/RuntimeScheduler.h:53:26: error: 'RuntimeScheduler' cannot be annotated with either SWIFT_RETURNS_RETAINED or SWIFT_RETURNS_UNRETAINED because it is not returning a SWIFT_SHARED_REFERENCE type
  SWIFT_RETURNS_RETAINED RuntimeScheduler(void *scheduler, ScheduleFn fn) noexcept
                         ^
/Users/runner/work/App/App/node_modules/expo-modules-jsi/apple/Sources/ExpoModulesJSI-Cxx/include/RuntimeScheduler.h:61:26: error: 'RuntimeScheduler' cannot be annotated with either SWIFT_RETURNS_RETAINED or SWIFT_RETURNS_UNRETAINED because it is not returning a SWIFT_SHARED_REFERENCE type
  SWIFT_RETURNS_RETAINED RuntimeScheduler() {}
                         ^
Failed frontend command:
/Applications/Xcode_26.3.app/Contents/Developer/Toolchains/XcodeDefault.xctoolchain/usr/bin/swift-frontend -frontend -emit-module -experimental-skip-non-inlinable-function-bodies-without-types /Users/runner/work/App/App/node_modules/expo-modules-jsi/apple/Sources/ExpoModulesJSI/Coding/JavaScriptCodable+Builtins.swift /Users/runner/work/App/App/node_modules/expo-modules-jsi/apple/Sources/ExpoModulesJSI/Coding/JavaScriptCodable+Containers.swift /Users/runner/work/App/App/node_modules/expo-modules-jsi/apple/Sources/ExpoModulesJSI/Coding/JavaScriptCodable+Data.swift /Users/runner/work/App/App/node_modules/expo-modules-jsi/apple/Sources/ExpoModulesJSI/Coding/JavaScriptCodable+Date.swift /Users/runner/work/App/App/node_modules/expo-modules-jsi/apple/Sources/ExpoModulesJSI/Coding/JavaScriptCodable+Primitives.swift /Users/runner/work/App/App/node_modules/expo-modules-jsi/apple/Sources/ExpoModulesJSI/Coding/JavaScriptCodable+Task.swift /Users/runner/work/App/App/node_modules/expo-modules-jsi/apple/Sources/ExpoModulesJSI/Coding/JavaScriptCodable.swift /Users/runner/work/App/App/node_modules/expo-modules-jsi/apple/Sources/ExpoModulesJSI/Coding/JavaScriptDecodable.swift /Users/runner/work/App/App/node_modules/expo-modules-jsi/apple/Sources/ExpoModulesJSI/Coding/JavaScriptEncodable.swift /Users/runner/work/App/App/node_modules/expo-modules-jsi/apple/Sources/ExpoModulesJSI/Contexts/CleanupContext.swift /Users/runner/work/App/App/node_modules/expo-modules-jsi/apple/Sources/ExpoModulesJSI/Contexts/HostCallbackContext.swift /Users/runner/work/App/App/node_modules/expo-modules-jsi/apple/Sources/ExpoModulesJSI/Contexts/HostFunctionContext.swift /Users/runner/work/App/App/node_modules/expo-modules-jsi/apple/Sources/ExpoModulesJSI/Contexts/HostObjectContext.swift /Users/runner/work/App/App/node_modules/expo-modules-jsi/apple/Sources/ExpoModulesJSI/Extensions/Task+immediate.swift /Users/runner/work/App/App/node_modules/expo-modules-jsi/apple/Sources/ExpoModulesJSI/Protocols/JSIRepresentable.swift /Users/runner/work/App/App/node_modules/expo-modules-jsi/apple/Sources/ExpoModulesJSI/Protocols/JavaScriptRepresentable.swift /Users/runner/work/App/App/node_modules/expo-modules-jsi/apple/Sources/ExpoModulesJSI/Protocols/JavaScriptThrowable.swift /Users/runner/work/App/App/node_modules/expo-modules-jsi/apple/Sources/ExpoModulesJSI/Protocols/JavaScriptType.swift /Users/runner/work/App/App/node_modules/expo-modules-jsi/apple/Sources/ExpoModulesJSI/Runtime/JavaScriptActor.swift /Users/runner/work/App/App/node_modules/expo-modules-jsi/apple/Sources/ExpoModulesJSI/Runtime/JavaScriptNativeState.swift /Users/runner/work/App/App/node_modules/expo-modules-jsi/apple/Sources/ExpoModulesJSI/Runtime/JavaScriptPropNameID.swift /Users/runner/work/App/App/node_modules/expo-modules-jsi/apple/Sources/ExpoModulesJSI/Runtime/JavaScriptRef.swift /Users/runner/work/App/App/node_modules/expo-modules-jsi/apple/Sources/ExpoModulesJSI/Runtime/JavaScriptRuntime.swift /Users/runner/work/App/App/node_modules/expo-modules-jsi/apple/Sources/ExpoModulesJSI/Runtime/JavaScriptValuesBuffer.swift /Users/runner/work/App/App/node_modules/expo-modules-jsi/apple/Sources/ExpoModulesJSI/Runtime/LongLivedObjectCollection.swift /Users/runner/work/App/App/node_modules/expo-modules-jsi/apple/Sources/ExpoModulesJSI/Runtime/Values/JavaScriptArray.swift /Users/runner/work/App/App/node_modules/expo-modules-jsi/apple/Sources/ExpoModulesJSI/Runtime/Values/JavaScriptArrayBuffer.swift /Users/runner/work/App/App/node_modules/expo-modules-jsi/apple/Sources/ExpoModulesJSI/Runtime/Values/JavaScriptBigInt.swift /Users/runner/work/App/App/node_modules/expo-modules-jsi/apple/Sources/ExpoModulesJSI/Runtime/Values/JavaScriptError.swift /Users/runner/work/App/App/node_modules/expo-modules-jsi/apple/Sources/ExpoModulesJSI/Runtime/Values/JavaScriptFunction.swift /Users/runner/work/App/App/node_modules/expo-modules-jsi/apple/Sources/ExpoModulesJSI/Runtime/Values/JavaScriptMutableBuffer.swift /Users/runner/work/App/App/node_modules/expo-modules-jsi/apple/Sources/ExpoModulesJSI/Runtime/Values/JavaScriptObject.swift /Users/runner/work/App/App/node_modules/expo-modules-jsi/apple/Sources/ExpoModulesJSI/Runtime/Values/JavaScriptPromise.swift /Users/runner/work/App/App/node_modules/expo-modules-jsi/apple/Sources/ExpoModulesJSI/Runtime/Values/JavaScriptTypedArray.swift /Users/runner/work/App/App/node_modules/expo-modules-jsi/apple/Sources/ExpoModulesJSI/Runtime/Values/JavaScriptUnownedValue.swift /Users/runner/work/App/App/node_modules/expo-modules-jsi/apple/Sources/ExpoModulesJSI/Runtime/Values/JavaScriptValue.swift /Users/runner/work/App/App/node_modules/expo-modules-jsi/apple/Sources/ExpoModulesJSI/Runtime/Values/JavaScriptWeakObject.swift /Users/runner/work/App/App/node_modules/expo-modules-jsi/apple/Sources/ExpoModulesJSI/Utilities/DeferredPromise.swift /Users/runner/work/App/App/node_modules/expo-modules-jsi/apple/Sources/ExpoModulesJSI/Utilities/ErrorHandling.swift /Users/runner/work/App/App/node_modules/expo-modules-jsi/apple/Sources/ExpoModulesJSI/Utilities/Errors.swift /Users/runner/work/App/App/node_modules/expo-modules-jsi/apple/Sources/ExpoModulesJSI/Utilities/NonisolatedUnsafeVar.swift /Users/runner/work/App/App/node_modules/expo-modules-jsi/apple/Sources/ExpoModulesJSI/Utilities/String+JSI.swift -target arm64-apple-ios16.4 -Xllvm -aarch64-use-tbi -enable-objc-interop -stack-check -cxx-interoperability-mode\=default -sdk /Applications/Xcode_26.3.app/Contents/Developer/Platforms/iPhoneOS.platform/Developer/SDKs/iPhoneOS26.2.sdk -I /Users/runner/work/App/App/node_modules/expo-modules-jsi/apple/.DerivedData/Build/Products/Release-iphoneos -Isystem /Applications/Xcode_26.3.app/Contents/Developer/Platforms/iPhoneOS.platform/Developer/usr/lib -F /Users/runner/work/App/App/node_modules/expo-modules-jsi/apple/.DerivedData/Build/Products/Release-iphoneos/PackageFrameworks -F /Users/runner/work/App/App/node_modules/expo-modules-jsi/apple/.DerivedData/Build/Products/Release-iphoneos -F /Applications/Xcode_26.3.app/Contents/Developer/Platforms/iPhoneOS.platform/Developer/Library/Frameworks -F /Applications/Xcode_26.3.app/Contents/Developer/Platforms/iPhoneOS.platform/Developer/SDKs/iPhoneOS26.2.sdk/Developer/Library/Frameworks -no-color-diagnostics -Xcc -fno-color-diagnostics -enable-library-evolution -g -debug-info-format\=dwarf -dwarf-version\=4 -module-cache-path /Users/runner/work/App/App/node_modules/expo-modules-jsi/apple/.DerivedData/ModuleCache.noindex -swift-version 6 -enforce-exclusivity\=checked -O -D SWIFT_PACKAGE -D SWIFT_MODULE_RESOURCE_BUNDLE_UNAVAILABLE -D Xcode -clang-header-expose-decls\=has-expose-attr -serialize-debugging-options -const-gather-protocols-file /Users/runner/work/App/App/node_modules/expo-modules-jsi/apple/.DerivedData/Build/Intermediates.noindex/ExpoModulesJSI.build/Release-iphoneos/ExpoModulesJSI.build/Objects-normal/arm64/ExpoModulesJSI_const_extract_protocols.json -enable-upcoming-feature NonisolatedNonsendingByDefault -enable-upcoming-feature InferIsolatedConformances -enable-experimental-feature DebugDescriptionMacro -plugin-path /Applications/Xcode_26.3.app/Contents/Developer/Toolchains/XcodeDefault.xctoolchain/usr/lib/swift/host/plugins/testing -validate-clang-modules-once -clang-build-session-file /Users/runner/work/App/App/node_modules/expo-modules-jsi/apple/.DerivedData/ModuleCache.noindex/Session.modulevalidation -Xcc -working-directory -Xcc /Users/runner/work/App/App/node_modules/expo-modules-jsi/apple/.swiftpm/xcode -file-compilation-dir /Users/runner/work/App/App/node_modules/expo-modules-jsi/apple/.swiftpm/xcode -Xcc -fmodule-map-file\=/Users/runner/work/App/App/node_modules/expo-modules-jsi/apple/.DerivedData/Build/Intermediates.noindex/GeneratedModuleMaps-iphoneos/ExpoModulesJSI-Cxx.modulemap -Xcc -std\=c++20 -Xcc -fmodule-map-file\=/Users/runner/work/App/App/node_modules/expo-modules-jsi/apple/.generated/module.modulemap -Xcc -iapinotes-modules -Xcc /Users/runner/work/App/App/node_modules/expo-modules-jsi/apple/APINotes -Xcc -I/Users/runner/work/App/App/ios/Pods/Headers/Public -Xcc -I/Users/runner/work/App/App/ios/Pods/Headers/Public/React-jsi -Xcc -I/Users/runner/work/App/App/ios/Pods/Headers/Public/hermes-engine -Xcc -I/Users/runner/work/App/App/ios/Pods/Headers/Public/React-runtimescheduler -Xcc -I/Users/runner/work/App/App/ios/Pods/Headers/Public/React-rendererconsistency -Xcc -I/Users/runner/work/App/App/ios/Pods/Headers/Public/React-performancetimeline -Xcc -I/Users/runner/work/App/App/ios/Pods/Headers/Public/React-timing -Xcc -I/Users/runner/work/App/App/ios/Pods/Headers/Public/React-debug -Xcc -I/Users/runner/work/App/App/ios/Pods/Headers/Public/React-callinvoker -Xcc -I/Users/runner/work/App/App/ios/Pods/Headers/Public/React-runtimeexecutor -Xcc -I/Users/runner/work/App/App/ios/Pods/Headers/Public/RCT-Folly -Xcc -I/Users/runner/work/App/App/ios/Pods/Headers/Public/ReactNativeDependencies -Xcc -I/Users/runner/work/App/App/ios/Pods/Headers/Public/glog -Xcc -I/Users/runner/work/App/App/ios/Pods/Headers/Public/DoubleConversion -Xcc -I/Users/runner/work/App/App/ios/Pods/Headers/Public/fmt -Xcc -I/Users/runner/work/App/App/ios/Pods/Headers/Public/fast_float -Xcc -I/Users/runner/work/App/App/node_modules/react-native/ReactCommon -Xcc -I/Users/runner/work/App/App/node_modules/react-native/ReactCommon/jsi -Xcc -I/Users/runner/work/App/App/node_modules/react-native/ReactCommon/runtimeexecutor -Xcc -I/Users/runner/work/App/App/node_modules/react-native/ReactCommon/callinvoker -Xcc -I/Users/runner/work/App/App/ios/Pods/RCT-Folly -Xcc -I/Users/runner/work/App/App/ios/Pods/fmt/include -Xcc -I/Users/runner/work/App/App/ios/Pods/glog/src -Xcc -I/Users/runner/work/App/App/ios/Pods/DoubleConversion -Xcc -ivfsstatcache -Xcc /Users/runner/work/App/App/node_modules/expo-modules-jsi/apple/.DerivedData/SDKStatCaches.noindex/iphoneos26.2-23C57-dc75598d0054f22ec865fa860f139d722dd23b4ebda140f7210d155ff1243552.sdkstatcache -Xcc -I/Users/runner/work/App/App/node_modules/expo-modules-jsi/apple/.DerivedData/Build/Intermediates.noindex/ExpoModulesJSI.build/Release-iphoneos/ExpoModulesJSI.build/swift-overrides.hmap -Xcc -I/Users/runner/work/App/App/node_modules/expo-modules-jsi/apple/Sources/ExpoModulesJSI-Cxx/include -Xcc -I/Users/runner/work/App/App/node_modules/expo-modules-jsi/apple/.DerivedData/Build/Products/Release-iphoneos/include -Xcc -I/Users/runner/work/App/App/node_modules/expo-modules-jsi/apple/.DerivedData/Build/Intermediates.noindex/ExpoModulesJSI.build/Release-iphoneos/ExpoModulesJSI.build/DerivedSources-normal/arm64 -Xcc -I/Users/runner/work/App/App/node_modules/expo-modules-jsi/apple/.DerivedData/Build/Intermediates.noindex/ExpoModulesJSI.build/Release-iphoneos/ExpoModulesJSI.build/DerivedSources/arm64 -Xcc -I/Users/runner/work/App/App/node_modules/expo-modules-jsi/apple/.DerivedData/Build/Intermediates.noindex/ExpoModulesJSI.build/Release-iphoneos/ExpoModulesJSI.build/DerivedSources -Xcc -DSWIFT_PACKAGE -no-auto-bridging-header-chaining -no-verify-emitted-module-interface -module-name ExpoModulesJSI -package-name apple -frontend-parseable-output -disable-clang-spi -target-sdk-version 26.2 -target-sdk-name iphoneos26.2 -external-plugin-path /Applications/Xcode_26.3.app/Contents/Developer/Platforms/iPhoneOS.platform/Developer/usr/lib/swift/host/plugins\#/Applications/Xcode_26.3.app/Contents/Developer/Platforms/iPhoneOS.platform/Developer/usr/bin/swift-plugin-server -external-plugin-path /Applications/Xcode_26.3.app/Contents/Developer/Platforms/iPhoneOS.platform/Developer/usr/local/lib/swift/host/plugins\#/Applications/Xcode_26.3.app/Contents/Developer/Platforms/iPhoneOS.platform/Developer/usr/bin/swift-plugin-server -in-process-plugin-server-path /Applications/Xcode_26.3.app/Contents/Developer/Toolchains/XcodeDefault.xctoolchain/usr/lib/swift/host/libSwiftInProcPluginServer.dylib -plugin-path /Applications/Xcode_26.3.app/Contents/Developer/Toolchains/XcodeDefault.xctoolchain/usr/lib/swift/host/plugins -plugin-path /Applications/Xcode_26.3.app/Contents/Developer/Toolchains/XcodeDefault.xctoolchain/usr/local/lib/swift/host/plugins -emit-module-doc-path /Users/runner/work/App/App/node_modules/expo-modules-jsi/apple/.DerivedData/Build/Intermediates.noindex/ExpoModulesJSI.build/Release-iphoneos/ExpoModulesJSI.build/Objects-normal/arm64/ExpoModulesJSI.swiftdoc -emit-module-source-info-path /Users/runner/work/App/App/node_modules/expo-modules-jsi/apple/.DerivedData/Build/Intermediates.noindex/ExpoModulesJSI.build/Release-iphoneos/ExpoModulesJSI.build/Objects-normal/arm64/ExpoModulesJSI.swiftsourceinfo -emit-module-interface-path /Users/runner/work/App/App/node_modules/expo-modules-jsi/apple/.DerivedData/Build/Intermediates.noindex/ExpoModulesJSI.build/Release-iphoneos/ExpoModulesJSI.build/Objects-normal/arm64/ExpoModulesJSI.swiftinterface -emit-private-module-interface-path /Users/runner/work/App/App/node_modules/expo-modules-jsi/apple/.DerivedData/Build/Intermediates.noindex/ExpoModulesJSI.build/Release-iphoneos/ExpoModulesJSI.build/Objects-normal/arm64/ExpoModulesJSI.private.swiftinterface -emit-package-module-interface-path /Users/runner/work/App/App/node_modules/expo-modules-jsi/apple/.DerivedData/Build/Intermediates.noindex/ExpoModulesJSI.build/Release-iphoneos/ExpoModulesJSI.build/Objects-normal/arm64/ExpoModulesJSI.package.swiftinterface -emit-objc-header-path /Users/runner/work/App/App/node_modules/expo-modules-jsi/apple/.DerivedData/Build/Intermediates.noindex/ExpoModulesJSI.build/Release-iphoneos/ExpoModulesJSI.build/Objects-normal/arm64/ExpoModulesJSI-Swift.h -serialize-diagnostics-path /Users/runner/work/App/App/node_modules/expo-modules-jsi/apple/.DerivedData/Build/Intermediates.noindex/ExpoModulesJSI.build/Release-iphoneos/ExpoModulesJSI.build/Objects-normal/arm64/ExpoModulesJSI-primary-emit-module.dia -emit-dependencies-path /Users/runner/work/App/App/node_modules/expo-modules-jsi/apple/.DerivedData/Build/Intermediates.noindex/ExpoModulesJSI.build/Release-iphoneos/ExpoModulesJSI.build/Objects-normal/arm64/ExpoModulesJSI-primary-emit-module.d -o /Users/runner/work/App/App/node_modules/expo-modules-jsi/apple/.DerivedData/Build/Intermediates.noindex/ExpoModulesJSI.build/Release-iphoneos/ExpoModulesJSI.build/Objects-normal/arm64/ExpoModulesJSI.swiftmodule -emit-abi-descriptor-path /Users/runner/work/App/App/node_modules/expo-modules-jsi/apple/.DerivedData/Build/Intermediates.noindex/ExpoModulesJSI.build/Release-iphoneos/ExpoModulesJSI.build/Objects-normal/arm64/ExpoModulesJSI.abi.json
** BUILD FAILED **


PhaseScriptExecution [CP-User]\ [RN]Check\ FBReactNativeSpec /Users/runner/work/App/App/build/Build/Intermediates.noindex/Pods.build/Release-iphoneos/React-RCTFBReactNativeSpec.build/Script-46EB2E00016070.sh (in target 'React-RCTFBReactNativeSpec' from project 'Pods')
    cd /Users/runner/work/App/App/ios/Pods
    export ACTION\=build
    export AD_HOC_CODE_SIGNING_ALLOWED\=NO
    export ALLOW_BUILD_REQUEST_OVERRIDES\=NO
    export ALLOW_TARGET_PLATFORM_SPECIALIZATION\=NO
    export ALTERNATE_GROUP\=staff
    export ALTERNATE_MODE\=u+w,go-w,a+rX
    export ALTERNATE_OWNER\=runner
    export ALTERNATIVE_DISTRIBUTION_WEB\=NO
    export ALWAYS_EMBED_SWIFT_STANDARD_LIBRARIES\=NO
    export ALWAYS_SEARCH_USER_PATHS\=NO
    export ALWAYS_USE_SEPARATE_HEADERMAPS\=NO
    export ANDROID_DEPLOYMENT_TARGET\=21.0
    export APPLICATION_EXTENSION_API_ONLY\=NO
    export APPLY_RULES_IN_COPY_FILES\=NO
    export APPLY_RULES_IN_COPY_HEADERS\=NO
    export APP_SHORTCUTS_ENABLE_FLEXIBLE_MATCHING\=YES
    export ARCHS\=arm64
    export ARCHS_STANDARD\=arm64
    export ARCHS_STANDARD_32_64_BIT\=armv7\ arm64
    export ARCHS_STANDARD_32_BIT\=armv7
    export ARCHS_STANDARD_64_BIT\=arm64
    export ARCHS_STANDARD_INCLUDING_64_BIT\=arm64
    export ARCHS_UNIVERSAL_IPHONE_OS\=armv7\ arm64
    export ASSETCATALOG_COMPILER_APPICON_NAME\=AppIcon
    export ASSETCATALOG_COMPILER_GLOBAL_ACCENT_COLOR_NAME\=AccentColor
    export AUTOMATICALLY_MERGE_DEPENDENCIES\=NO
    export AUTOMATION_APPLE_EVENTS\=NO
    export AVAILABLE_PLATFORMS\=android\ appletvos\ appletvsimulator\ driverkit\ iphoneos\ iphonesimulator\ macosx\ qnx\ watchos\ watchsimulator\ webassembly\ xros\ xrsimulator
    export BUILD_ACTIVE_RESOURCES_ONLY\=NO
    export BUILD_COMPONENTS\=headers\ build
    export BUILD_DIR\=/Users/runner/work/App/App/build/Build/Products
    export BUILD_LIBRARY_FOR_DISTRIBUTION\=NO
    export BUILD_ROOT\=/Users/runner/work/App/App/build/Build/Products
    export BUILD_STYLE\=
    export BUILD_VARIANTS\=normal
    export BUILT_PRODUCTS_DIR\=/Users/runner/work/App/App/build/Build/Products/Release-iphoneos/React-RCTFBReactNativeSpec
    export BUNDLE_CONTENTS_FOLDER_PATH_deep\=Contents/
    export BUNDLE_EXECUTABLE_FOLDER_NAME_deep\=MacOS
    export BUNDLE_EXTENSIONS_FOLDER_PATH\=Extensions
    export BUNDLE_FORMAT\=shallow
    export BUNDLE_FRAMEWORKS_FOLDER_PATH\=Frameworks
    export BUNDLE_PLUGINS_FOLDER_PATH\=PlugIns
    export BUNDLE_PRIVATE_HEADERS_FOLDER_PATH\=PrivateHeaders
    export BUNDLE_PUBLIC_HEADERS_FOLDER_PATH\=Headers
    export CACHE_ROOT\=/var/folders/nj/vtw8zd2j31d1gdrtntc5y4600000gn/C/com.apple.DeveloperTools/26.3-17C529/Xcode
    export CCHROOT\=/var/folders/nj/vtw8zd2j31d1gdrtntc5y4600000gn/C/com.apple.DeveloperTools/26.3-17C529/Xcode
    export CHMOD\=/bin/chmod
    export CHOWN\=/usr/sbin/chown
    export CLANG_ANALYZER_LOCALIZABILITY_NONLOCALIZED\=YES
    export CLANG_ANALYZER_NONNULL\=YES
    export CLANG_ANALYZER_NUMBER_OBJECT_CONVERSION\=YES_AGGRESSIVE
    export CLANG_CACHE_FINE_GRAINED_OUTPUTS\=YES
    export CLANG_CXX_LANGUAGE_STANDARD\=c++20
    export CLANG_CXX_LIBRARY\=libc++
    export CLANG_ENABLE_EXPLICIT_MODULES\=YES
    export CLANG_ENABLE_MODULES\=YES
    export CLANG_ENABLE_OBJC_ARC\=YES
    export CLANG_ENABLE_OBJC_WEAK\=NO
    export CLANG_MODULES_BUILD_SESSION_FILE\=/Users/runner/work/App/App/build/ModuleCache.noindex/Session.modulevalidation
    export CLANG_WARN_BLOCK_CAPTURE_AUTORELEASING\=YES
    export CLANG_WARN_BOOL_CONVERSION\=YES
    export CLANG_WARN_COMMA\=YES
    export CLANG_WARN_CONSTANT_CONVERSION\=YES
    export CLANG_WARN_DEPRECATED_OBJC_IMPLEMENTATIONS\=YES
    export CLANG_WARN_DIRECT_OBJC_ISA_USAGE\=YES_ERROR
    export CLANG_WARN_DOCUMENTATION_COMMENTS\=YES
    export CLANG_WARN_EMPTY_BODY\=YES
    export CLANG_WARN_ENUM_CONVERSION\=YES
    export CLANG_WARN_INFINITE_RECURSION\=YES
    export CLANG_WARN_INT_CONVERSION\=YES
    export CLANG_WARN_NON_LITERAL_NULL_CONVERSION\=YES
    export CLANG_WARN_OBJC_IMPLICIT_RETAIN_SELF\=YES
    export CLANG_WARN_OBJC_LITERAL_CONVERSION\=YES
    export CLANG_WARN_OBJC_ROOT_CLASS\=YES_ERROR
    export CLANG_WARN_QUOTED_INCLUDE_IN_FRAMEWORK_HEADER\=NO
    export CLANG_WARN_RANGE_LOOP_ANALYSIS\=YES
    export CLANG_WARN_STRICT_PROTOTYPES\=YES
    export CLANG_WARN_SUSPICIOUS_MOVE\=YES
    export CLANG_WARN_UNGUARDED_AVAILABILITY\=YES_AGGRESSIVE
    export CLANG_WARN_UNREACHABLE_CODE\=YES
    export CLANG_WARN__DUPLICATE_METHOD_MATCH\=YES
    export CLASS_FILE_DIR\=/Users/runner/work/App/App/build/Build/Intermediates.noindex/Pods.build/Release-iphoneos/React-RCTFBReactNativeSpec.build/JavaClasses
    export CLEAN_PRECOMPS\=YES
    export CLONE_HEADERS\=NO
    export CODESIGNING_FOLDER_PATH\=/Users/runner/work/App/App/build/Build/Products/Release-iphoneos/React-RCTFBReactNativeSpec/
    export CODE_SIGNING_ALLOWED\=NO
    export CODE_SIGNING_REQUIRED\=NO
    export CODE_SIGN_CONTEXT_CLASS\=XCiPhoneOSCodeSignContext
    export CODE_SIGN_INJECT_BASE_ENTITLEMENTS\=YES
    export COLOR_DIAGNOSTICS\=NO
    export COMBINE_HIDPI_IMAGES\=NO
    export COMPILATION_CACHE_CAS_PATH\=/Users/runner/work/App/App/build/CompilationCache.noindex
    export COMPILATION_CACHE_KEEP_CAS_DIRECTORY\=YES
    export COMPILER_INDEX_STORE_ENABLE\=NO
    export COMPOSITE_SDK_DIRS\=/Users/runner/work/App/App/build/Build/Intermediates.noindex/CompositeSDKs
    export COMPRESS_PNG_FILES\=YES
    export CONFIGURATION\=Release
    export CONFIGURATION_BUILD_DIR\=/Users/runner/work/App/App/build/Build/Products/Release-iphoneos/React-RCTFBReactNativeSpec
    export CONFIGURATION_TEMP_DIR\=/Users/runner/work/App/App/build/Build/Intermediates.noindex/Pods.build/Release-iphoneos
    export COPYING_PRESERVES_HFS_DATA\=NO
    export COPY_HEADERS_RUN_UNIFDEF\=NO
    export COPY_PHASE_STRIP\=NO
    export CORRESPONDING_SIMULATOR_PLATFORM_DIR\=/Applications/Xcode_26.3.app/Contents/Developer/Platforms/iPhoneSimulator.platform
    export CORRESPONDING_SIMULATOR_PLATFORM_NAME\=iphonesimulator
    export CORRESPONDING_SIMULATOR_SDK_DIR\=/Applications/Xcode_26.3.app/Contents/Developer/Platforms/iPhoneSimulator.platform/Developer/SDKs/iPhoneSimulator26.2.sdk
    export CORRESPONDING_SIMULATOR_SDK_NAME\=iphonesimulator26.2
    export CP\=/bin/cp
    export CREATE_INFOPLIST_SECTION_IN_BINARY\=NO
    export CURRENT_ARCH\=undefined_arch
    export CURRENT_VARIANT\=normal
    export DEAD_CODE_STRIPPING\=YES
    export DEBUGGING_SYMBOLS\=YES
    export DEBUG_INFORMATION_FORMAT\=dwarf-with-dsym
    export DEBUG_INFORMATION_VERSION\=compiler-default
    export DEFAULT_COMPILER\=com.apple.compilers.llvm.clang.1_0
    export DEFAULT_DEXT_INSTALL_PATH\=/System/Library/DriverExtensions
    export DEFAULT_KEXT_INSTALL_PATH\=/System/Library/Extensions
    export DEFINES_MODULE\=NO
    export DEPLOYMENT_LOCATION\=NO
    export DEPLOYMENT_POSTPROCESSING\=NO
    export DEPLOYMENT_TARGET_SETTING_NAME\=IPHONEOS_DEPLOYMENT_TARGET
    export DEPLOYMENT_TARGET_SUGGESTED_VALUES\=12.0\ 12.1\ 12.2\ 12.3\ 12.4\ 13.0\ 13.1\ 13.2\ 13.3\ 13.4\ 13.5\ 13.6\ 14.0\ 14.1\ 14.2\ 14.3\ 14.4\ 14.5\ 14.6\ 14.7\ 15.0\ 15.1\ 15.2\ 15.3\ 15.4\ 15.5\ 15.6\ 16.0\ 16.1\ 16.2\ 16.3\ 16.4\ 16.5\ 16.6\ 17.0\ 17.1\ 17.2\ 17.3\ 17.4\ 17.5\ 17.6\ 18.0\ 18.1\ 18.2\ 18.3\ 18.4\ 18.5\ 18.6\ 26.0\ 26.1\ 26.2
    export DERIVED_FILES_DIR\=/Users/runner/work/App/App/build/Build/Intermediates.noindex/Pods.build/Release-iphoneos/React-RCTFBReactNativeSpec.build/DerivedSources
    export DERIVED_FILE_DIR\=/Users/runner/work/App/App/build/Build/Intermediates.noindex/Pods.build/Release-iphoneos/React-RCTFBReactNativeSpec.build/DerivedSources
    export DERIVED_SOURCES_DIR\=/Users/runner/work/App/App/build/Build/Intermediates.noindex/Pods.build/Release-iphoneos/React-RCTFBReactNativeSpec.build/DerivedSources
    export DERIVE_MACCATALYST_PRODUCT_BUNDLE_IDENTIFIER\=NO
    export DEVELOPER_APPLICATIONS_DIR\=/Applications/Xcode_26.3.app/Contents/Developer/Applications
    export DEVELOPER_BIN_DIR\=/Applications/Xcode_26.3.app/Contents/Developer/usr/bin
    export DEVELOPER_DIR\=/Applications/Xcode_26.3.app/Contents/Developer
    export DEVELOPER_FRAMEWORKS_DIR\=/Applications/Xcode_26.3.app/Contents/Developer/Library/Frameworks
    export DEVELOPER_FRAMEWORKS_DIR_QUOTED\=/Applications/Xcode_26.3.app/Contents/Developer/Library/Frameworks
    export DEVELOPER_LIBRARY_DIR\=/Applications/Xcode_26.3.app/Contents/Developer/Library
    export DEVELOPER_SDK_DIR\=/Applications/Xcode_26.3.app/Contents/Developer/Platforms/MacOSX.platform/Developer/SDKs
    export DEVELOPER_TOOLS_DIR\=/Applications/Xcode_26.3.app/Contents/Developer/Tools
    export DEVELOPER_USR_DIR\=/Applications/Xcode_26.3.app/Contents/Developer/usr
    export DEVELOPMENT_LANGUAGE\=en
    export DIAGNOSE_MISSING_TARGET_DEPENDENCIES\=YES
    export DIFF\=/usr/bin/diff
    export DONT_GENERATE_INFOPLIST_FILE\=NO
    export DSTROOT\=/tmp/Pods.dst
    export DT_TOOLCHAIN_DIR\=/Applications/Xcode_26.3.app/Contents/Developer/Toolchains/XcodeDefault.xctoolchain
    export DWARF_DSYM_FILE_NAME\=.dSYM
    export DWARF_DSYM_FILE_SHOULD_ACCOMPANY_PRODUCT\=NO
    export DWARF_DSYM_FOLDER_PATH\=/Users/runner/work/App/App/build/Build/Products/Release-iphoneos/React-RCTFBReactNativeSpec
    export DYNAMIC_LIBRARY_EXTENSION\=dylib
    export EAGER_COMPILATION_ALLOW_SCRIPTS\=NO
    export EAGER_LINKING\=NO
    export EFFECTIVE_PLATFORM_NAME\=-iphoneos
    export EMBEDDED_CONTENT_CONTAINS_SWIFT\=NO
    export EMBEDDED_PROFILE_NAME\=embedded.mobileprovision
    export EMBED_ASSET_PACKS_IN_PRODUCT_BUNDLE\=NO
    export ENABLE_APP_SANDBOX\=NO
    export ENABLE_CODE_COVERAGE\=YES
    export ENABLE_CPLUSPLUS_BOUNDS_SAFE_BUFFERS\=NO
    export ENABLE_C_BOUNDS_SAFETY\=NO
    export ENABLE_DEBUG_DYLIB\=NO
    export ENABLE_DEFAULT_HEADER_SEARCH_PATHS\=YES
    export ENABLE_DEFAULT_SEARCH_PATHS\=YES
    export ENABLE_ENHANCED_SECURITY\=NO
    export ENABLE_HARDENED_RUNTIME\=NO
    export ENABLE_HEADER_DEPENDENCIES\=YES
    export ENABLE_INCOMING_NETWORK_CONNECTIONS\=NO
    export ENABLE_NS_ASSERTIONS\=NO
    export ENABLE_ON_DEMAND_RESOURCES\=NO
    export ENABLE_OUTGOING_NETWORK_CONNECTIONS\=NO
    export ENABLE_POINTER_AUTHENTICATION\=NO
    export ENABLE_PREVIEWS\=NO
    export ENABLE_RESOURCE_ACCESS_AUDIO_INPUT\=NO
    export ENABLE_RESOURCE_ACCESS_BLUETOOTH\=NO
    export ENABLE_RESOURCE_ACCESS_CALENDARS\=NO
    export ENABLE_RESOURCE_ACCESS_CAMERA\=NO
    export ENABLE_RESOURCE_ACCESS_CONTACTS\=NO
    export ENABLE_RESOURCE_ACCESS_LOCATION\=NO
    export ENABLE_RESOURCE_ACCESS_PHOTO_LIBRARY\=NO
    export ENABLE_RESOURCE_ACCESS_PRINTING\=NO
    export ENABLE_RESOURCE_ACCESS_USB\=NO
    export ENABLE_SDK_IMPORTS\=NO
    export ENABLE_SECURITY_COMPILER_WARNINGS\=NO
    export ENABLE_STRICT_OBJC_MSGSEND\=YES
    export ENABLE_TESTABILITY\=NO
    export ENABLE_TESTING_SEARCH_PATHS\=NO
    export ENABLE_USER_SCRIPT_SANDBOXING\=NO
    export ENABLE_XOJIT_PREVIEWS\=NO
    export ENFORCE_VALID_ARCHS\=YES
    export ENTITLEMENTS_DESTINATION\=Signature
    export ENTITLEMENTS_REQUIRED\=YES
    export EXCLUDED_INSTALLSRC_SUBDIRECTORY_PATTERNS\=.DS_Store\ .svn\ .git\ .hg\ CVS
    export EXCLUDED_RECURSIVE_SEARCH_PATH_SUBDIRECTORIES\=\*.nib\ \*.lproj\ \*.framework\ \*.gch\ \*.xcode\*\ \*.xcassets\ \*.icon\ \(\*\)\ .DS_Store\ CVS\ .svn\ .git\ .hg\ \*.pbproj\ \*.pbxproj
    export FILE_LIST\=/Users/runner/work/App/App/build/Build/Intermediates.noindex/Pods.build/Release-iphoneos/React-RCTFBReactNativeSpec.build/Objects/LinkFileList
    export FIXED_FILES_DIR\=/Users/runner/work/App/App/build/Build/Intermediates.noindex/Pods.build/Release-iphoneos/React-RCTFBReactNativeSpec.build/FixedFiles
    export FRAMEWORK_SEARCH_PATHS\=\ \"/Users/runner/work/App/App/ios/Pods/React-Core-prebuilt\"\ \"/Users/runner/work/App/App/ios/Pods/ReactNativeDependencies/framework/packages/react-native\"\ \"/Users/runner/work/App/App/ios/Pods/hermes-engine/destroot/Library/Frameworks/universal\"\ \"/Users/runner/work/App/App/build/Build/Products/Release-iphoneos/XCFrameworkIntermediates/React-Core-prebuilt\"\ \"/Users/runner/work/App/App/build/Build/Products/Release-iphoneos/XCFrameworkIntermediates/ReactNativeDependencies\"\ \"/Users/runner/work/App/App/build/Build/Products/Release-iphoneos/XCFrameworkIntermediates/hermes-engine/Pre-built\"
    export FRAMEWORK_VERSION\=A
    export FUSE_BUILD_PHASES\=YES
    export FUSE_BUILD_SCRIPT_PHASES\=NO
    export GCC3_VERSION\=3.3
    export GCC_C_LANGUAGE_STANDARD\=gnu11
    export GCC_NO_COMMON_BLOCKS\=YES
    export GCC_PFE_FILE_C_DIALECTS\=c\ objective-c\ c++\ objective-c++
    export GCC_PREPROCESSOR_DEFINITIONS\=POD_CONFIGURATION_RELEASE\=1\ \ COCOAPODS\=1
    export GCC_THUMB_SUPPORT\=YES
    export GCC_TREAT_WARNINGS_AS_ERRORS\=NO
    export GCC_VERSION\=com.apple.compilers.llvm.clang.1_0
    export GCC_VERSION_IDENTIFIER\=com_apple_compilers_llvm_clang_1_0
    export GCC_WARN_64_TO_32_BIT_CONVERSION\=YES
    export GCC_WARN_ABOUT_RETURN_TYPE\=YES_ERROR
    export GCC_WARN_UNDECLARED_SELECTOR\=YES
    export GCC_WARN_UNINITIALIZED_AUTOS\=YES_AGGRESSIVE
    export GCC_WARN_UNUSED_FUNCTION\=YES
    export GCC_WARN_UNUSED_VARIABLE\=YES
    export GENERATED_MODULEMAP_DIR\=/Users/runner/work/App/App/build/Build/Intermediates.noindex/GeneratedModuleMaps-iphoneos
    export GENERATE_INFOPLIST_FILE\=NO
    export GENERATE_INTERMEDIATE_TEXT_BASED_STUBS\=YES
    export GENERATE_PKGINFO_FILE\=NO
    export GENERATE_PRELINK_OBJECT_FILE\=NO
    export GENERATE_PROFILING_CODE\=NO
    export GENERATE_TEXT_BASED_STUBS\=NO
    export GID\=20
    export GROUP\=staff
    export HEADERMAP_INCLUDES_FLAT_ENTRIES_FOR_TARGET_BEING_BUILT\=YES
    export HEADERMAP_INCLUDES_FRAMEWORK_ENTRIES_FOR_ALL_PRODUCT_TYPES\=YES
    export HEADERMAP_INCLUDES_FRAMEWORK_ENTRIES_FOR_TARGETS_NOT_BEING_BUILT\=YES
    export HEADERMAP_INCLUDES_NONPUBLIC_NONPRIVATE_HEADERS\=YES
    export HEADERMAP_INCLUDES_PROJECT_HEADERS\=YES
    export HEADERMAP_USES_FRAMEWORK_PREFIX_ENTRIES\=YES
    export HEADERMAP_USES_VFS\=NO
    export HEADER_SEARCH_PATHS\=\ \"/Users/runner/work/App/App/ios/Pods/Headers/Private\"\ \"/Users/runner/work/App/App/ios/Pods/Headers/Private/React-RCTFBReactNativeSpec\"\ \"/Users/runner/work/App/App/ios/Pods/Headers/Public\"\ \"/Users/runner/work/App/App/ios/Pods/Headers/Public/FBLazyVector\"\ \"/Users/runner/work/App/App/ios/Pods/Headers/Public/RCTDeprecation\"\ \"/Users/runner/work/App/App/ios/Pods/Headers/Public/RCTRequired\"\ \"/Users/runner/work/App/App/ios/Pods/Headers/Public/RCTTypeSafety\"\ \"/Users/runner/work/App/App/ios/Pods/Headers/Public/React-Core\"\ \"/Users/runner/work/App/App/ios/Pods/Headers/Public/React-Core-prebuilt\"\ \"/Users/runner/work/App/App/ios/Pods/Headers/Public/React-Fabric\"\ \"/Users/runner/work/App/App/ios/Pods/Headers/Public/React-NativeModulesApple\"\ \"/Users/runner/work/App/App/ios/Pods/Headers/Public/React-RCTFBReactNativeSpec\"\ \"/Users/runner/work/App/App/ios/Pods/Headers/Public/React-callinvoker\"\ \"/Users/runner/work/App/App/ios/Pods/Headers/Public/React-cxxreact\"\ \"/Users/runner/work/App/App/ios/Pods/Headers/Public/React-debug\"\ \"/Users/runner/work/App/App/ios/Pods/Headers/Public/React-featureflags\"\ \"/Users/runner/work/App/App/ios/Pods/Headers/Public/React-graphics\"\ \"/Users/runner/work/App/App/ios/Pods/Headers/Public/React-hermes\"\ \"/Users/runner/work/App/App/ios/Pods/Headers/Public/React-jserrorhandler\"\ \"/Users/runner/work/App/App/ios/Pods/Headers/Public/React-jsi\"\ \"/Users/runner/work/App/App/ios/Pods/Headers/Public/React-jsiexecutor\"\ \"/Users/runner/work/App/App/ios/Pods/Headers/Public/React-jsinspector\"\ \"/Users/runner/work/App/App/ios/Pods/Headers/Public/React-jsinspectorcdp\"\ \"/Users/runner/work/App/App/ios/Pods/Headers/Public/React-jsinspectornetwork\"\ \"/Users/runner/work/App/App/ios/Pods/Headers/Public/React-jsinspectortracing\"\ \"/Users/runner/work/App/App/ios/Pods/Headers/Public/React-jsitooling\"\ \"/Users/runner/work/App/App/ios/Pods/Headers/Public/React-logger\"\ \"/Users/runner/work/App/App/ios/Pods/Headers/Public/React-oscompat\"\ \"/Users/runner/work/App/App/ios/Pods/Headers/Public/React-perflogger\"\ \"/Users/runner/work/App/App/ios/Pods/Headers/Public/React-performancecdpmetrics\"\ \"/Users/runner/work/App/App/ios/Pods/Headers/Public/React-performancetimeline\"\ \"/Users/runner/work/App/App/ios/Pods/Headers/Public/React-rendererconsistency\"\ \"/Users/runner/work/App/App/ios/Pods/Headers/Public/React-renderercss\"\ \"/Users/runner/work/App/App/ios/Pods/Headers/Public/React-rendererdebug\"\ \"/Users/runner/work/App/App/ios/Pods/Headers/Public/React-runtimeexecutor\"\ \"/Users/runner/work/App/App/ios/Pods/Headers/Public/React-runtimescheduler\"\ \"/Users/runner/work/App/App/ios/Pods/Headers/Public/React-timing\"\ \"/Users/runner/work/App/App/ios/Pods/Headers/Public/React-utils\"\ \"/Users/runner/work/App/App/ios/Pods/Headers/Public/ReactCommon\"\ \"/Users/runner/work/App/App/ios/Pods/Headers/Public/ReactNativeDependencies\"\ \"/Users/runner/work/App/App/ios/Pods/Headers/Public/Yoga\"\ \"/Users/runner/work/App/App/ios/Pods/Headers/Public/hermes-engine\"\ \"/Users/runner/work/App/App/ios/Pods/../../node_modules/react-native/React/FBReactNativeSpec\"\ \"/Users/runner/work/App/App/ios/Pods/Headers/Private/Yoga\"\ \"/Users/runner/work/App/App/ios/Pods/ReactCommon\"\ \"/Users/runner/work/App/App/ios/Pods/ReactCommon/react/nativemodule/core\"\ \"/Users/runner/work/App/App/ios/Pods/ReactCommon\"\ \"/Users/runner/work/App/App/ios/Pods/ReactCommon/react/nativemodule/bridging\"\ \"/Users/runner/work/App/App/ios/Pods/../../node_modules/react-native/React/FBReactNativeSpec\"\ \"/Users/runner/work/App/App/ios/Pods/Headers/Private/Yoga\"\ \"/Users/runner/work/App/App/ios/Pods/ReactCommon\"\ \"/Users/runner/work/App/App/ios/Pods/ReactCommon/react/nativemodule/core\"\ \"/Users/runner/work/App/App/ios/Pods/ReactCommon\"\ \"/Users/runner/work/App/App/ios/Pods/ReactCommon/react/nativemodule/bridging\"\ \"/Users/runner/work/App/App/ios/Pods/React-featureflags\"\ \"/Users/runner/work/App/App/ios/Pods/React-debug\"\ \"/Users/runner/work/App/App/ios/Pods/React-rendererdebug\"\ \"/Users/runner/work/App/App/ios/Pods/React-utils\"\ \"/Users/runner/work/App/App/ios/Pods/React-graphics\"\ \"/Users/runner/work/App/App/ios/Pods/React-graphics/react/renderer/graphics/platform/ios\"\ \"/Users/runner/work/App/App/ios/Pods/React-Fabric\"\ \"/Users/runner/work/App/App/ios/Pods/React-Fabric/react/renderer/components/view/platform/cxx\"\ \"/Users/runner/work/App/App/ios/Pods/ExpoModulesCore/ExpoModulesCore.xcframework/ios-arm64_x86_64-simulator/ExpoModulesCore.framework/Headers\"\ \"/Users/runner/work/App/App/ios/Pods/ExpoModulesCore/ExpoModulesCore.xcframework/ios-arm64/ExpoModulesCore.framework/Headers\"\ \"/Users/runner/work/App/App/ios/Pods/ExpoModulesCore/ExpoModulesCore.xcframework/ios-arm64_x86_64-simulator/ExpoModulesCore.framework/Headers\"\ \"/Users/runner/work/App/App/ios/Pods/ExpoModulesCore/ExpoModulesCore.xcframework/ios-arm64/ExpoModulesCore.framework/Headers\"
    export HOME\=/Users/runner
    export HOST_ARCH\=arm64
    export HOST_PLATFORM\=macosx
    export ICONV\=/usr/bin/iconv
    export IMPLICIT_DEPENDENCY_DOMAIN\=default
    export INFOPLIST_ENABLE_CFBUNDLEICONS_MERGE\=YES
    export INFOPLIST_EXPAND_BUILD_SETTINGS\=YES
    export INFOPLIST_OUTPUT_FORMAT\=binary
    export INFOPLIST_PREPROCESS\=NO
    export INLINE_PRIVATE_FRAMEWORKS\=NO
    export INSTALLAPI_IGNORE_SKIP_INSTALL\=YES
    export INSTALLHDRS_COPY_PHASE\=NO
    export INSTALLHDRS_SCRIPT_PHASE\=NO
    export INSTALL_DIR\=/tmp/Pods.dst
    export INSTALL_GROUP\=staff
    export INSTALL_MODE_FLAG\=u+w,go-w,a+rX
    export INSTALL_OWNER\=runner
    export INSTALL_ROOT\=/tmp/Pods.dst
    export IPHONEOS_DEPLOYMENT_TARGET\=15.1
    export IS_UNOPTIMIZED_BUILD\=NO
    export JAVAC_DEFAULT_FLAGS\=-J-Xms64m\ -J-XX:NewSize\=4M\ -J-Dfile.encoding\=UTF8
    export JAVA_APP_STUB\=/System/Library/Frameworks/JavaVM.framework/Resources/MacOS/JavaApplicationStub
    export JAVA_ARCHIVE_CLASSES\=YES
    export JAVA_ARCHIVE_TYPE\=JAR
    export JAVA_COMPILER\=/usr/bin/javac
    export JAVA_FRAMEWORK_RESOURCES_DIRS\=Resources
    export JAVA_JAR_FLAGS\=cv
    export JAVA_SOURCE_SUBDIR\=.
    export JAVA_USE_DEPENDENCIES\=YES
    export JAVA_ZIP_FLAGS\=-urg
    export JIKES_DEFAULT_FLAGS\=+E\ +OLDCSO
    export KASAN_CFLAGS_CLASSIC\=-DKASAN\=1\ -DKASAN_CLASSIC\=1\ -fsanitize\=address\ -mllvm\ -asan-globals-live-support\ -mllvm\ -asan-force-dynamic-shadow
    export KASAN_CFLAGS_TBI\=-DKASAN\=1\ -DKASAN_TBI\=1\ -fsanitize\=kernel-hwaddress\ -mllvm\ -hwasan-recover\=0\ -mllvm\ -hwasan-instrument-atomics\=0\ -mllvm\ -hwasan-instrument-stack\=1\ -mllvm\ -hwasan-generate-tags-with-calls\=1\ -mllvm\ -hwasan-instrument-with-calls\=1\ -mllvm\ -hwasan-use-short-granules\=0\ -mllvm\ -hwasan-memory-access-callback-prefix\=__asan_
    export KASAN_DEFAULT_CFLAGS\=-DKASAN\=1\ -DKASAN_CLASSIC\=1\ -fsanitize\=address\ -mllvm\ -asan-globals-live-support\ -mllvm\ -asan-force-dynamic-shadow
    export KEEP_PRIVATE_EXTERNS\=NO
    export LD_DEPENDENCY_INFO_FILE\=/Users/runner/work/App/App/build/Build/Intermediates.noindex/Pods.build/Release-iphoneos/React-RCTFBReactNativeSpec.build/Objects-normal/undefined_arch/React-RCTFBReactNativeSpec_dependency_info.dat
    export LD_EXPORT_SYMBOLS\=YES
    export LD_GENERATE_MAP_FILE\=NO
    export LD_MAP_FILE_PATH\=/Users/runner/work/App/App/build/Build/Intermediates.noindex/Pods.build/Release-iphoneos/React-RCTFBReactNativeSpec.build/React-RCTFBReactNativeSpec-LinkMap-normal-undefined_arch.txt
    export LD_NO_PIE\=NO
    export LD_QUOTE_LINKER_ARGUMENTS_FOR_COMPILER_DRIVER\=YES
    export LD_RUNPATH_SEARCH_PATHS\=\ @executable_path/Frameworks
    export LD_SHARED_CACHE_ELIGIBLE\=Automatic
    export LD_WARN_DUPLICATE_LIBRARIES\=NO
    export LD_WARN_UNUSED_DYLIBS\=NO
    export LEGACY_DEVELOPER_DIR\=/Applications/Xcode_26.3.app/Contents/PlugIns/Xcode3Core.ideplugin/Contents/SharedSupport/Developer
    export LEX\=lex
    export LIBRARY_DEXT_INSTALL_PATH\=/Library/DriverExtensions
    export LIBRARY_FLAG_NOSPACE\=YES
    export LIBRARY_KEXT_INSTALL_PATH\=/Library/Extensions
    export LINKER_DISPLAYS_MANGLED_NAMES\=NO
    export LINK_FILE_LIST_normal_arm64\=/Users/runner/work/App/App/build/Build/Intermediates.noindex/Pods.build/Release-iphoneos/React-RCTFBReactNativeSpec.build/Objects-normal/arm64/React-RCTFBReactNativeSpec.LinkFileList
    export LINK_OBJC_RUNTIME\=YES
    export LINK_WITH_STANDARD_LIBRARIES\=YES
    export LLVM_TARGET_TRIPLE_OS_VERSION\=ios15.1
    export LLVM_TARGET_TRIPLE_VENDOR\=apple
    export LM_AUX_CONST_METADATA_LIST_PATH_normal_arm64\=/Users/runner/work/App/App/build/Build/Intermediates.noindex/Pods.build/Release-iphoneos/React-RCTFBReactNativeSpec.build/Objects-normal/arm64/React-RCTFBReactNativeSpec.SwiftConstValuesFileList
    export LOCALIZATION_EXPORT_SUPPORTED\=YES
    export LOCALIZATION_PREFERS_STRING_CATALOGS\=NO
    export LOCALIZED_STRING_MACRO_NAMES\=NSLocalizedString\ CFCopyLocalizedString
    export LOCALIZED_STRING_SWIFTUI_SUPPORT\=YES
    export LOCAL_ADMIN_APPS_DIR\=/Applications/Utilities
    export LOCAL_APPS_DIR\=/Applications
    export LOCAL_DEVELOPER_DIR\=/Library/Developer
    export LOCAL_LIBRARY_DIR\=/Library
    export LOCROOT\=/Users/runner/work/App/App/ios/Pods
    export LOCSYMROOT\=/Users/runner/work/App/App/ios/Pods
    export MAC_OS_X_PRODUCT_BUILD_VERSION\=24G830
    export MAC_OS_X_VERSION_ACTUAL\=150709
    export MAC_OS_X_VERSION_MAJOR\=150000
    export MAC_OS_X_VERSION_MINOR\=150700
    export MAKE_MERGEABLE\=NO
    export MERGEABLE_LIBRARY\=NO
    export MERGED_BINARY_TYPE\=none
    export MERGE_LINKED_LIBRARIES\=NO
    export METAL_LIBRARY_FILE_BASE\=default
    export METAL_LIBRARY_OUTPUT_DIR\=/Users/runner/work/App/App/build/Build/Products/Release-iphoneos/React-RCTFBReactNativeSpec/
    export MODULE_CACHE_DIR\=/Users/runner/work/App/App/build/ModuleCache.noindex
    export MTL_ENABLE_DEBUG_INFO\=NO
    export MTL_FAST_MATH\=YES
    export NATIVE_ARCH\=arm64
    export NATIVE_ARCH_32_BIT\=arm
    export NATIVE_ARCH_64_BIT\=arm64
    export NATIVE_ARCH_ACTUAL\=arm64
    export NO_COMMON\=YES
    export OBJECT_FILE_DIR\=/Users/runner/work/App/App/build/Build/Intermediates.noindex/Pods.build/Release-iphoneos/React-RCTFBReactNativeSpec.build/Objects
    export OBJECT_FILE_DIR_normal\=/Users/runner/work/App/App/build/Build/Intermediates.noindex/Pods.build/Release-iphoneos/React-RCTFBReactNativeSpec.build/Objects-normal
    export OBJROOT\=/Users/runner/work/App/App/build/Build/Intermediates.noindex
    export ONLY_ACTIVE_ARCH\=NO
    export OS\=MACOS
    export OSAC\=/usr/bin/osacompile
    export OTHER_CFLAGS\=\ -DRCT_REMOVE_LEGACY_ARCH\=1\ -ivfsoverlay\ /Users/runner/work/App/App/ios/Pods/React-Core-prebuilt/React-VFS.yaml\ -DNDEBUG
    export OTHER_CPLUSPLUSFLAGS\=\ -DRCT_REMOVE_LEGACY_ARCH\=1\ -ivfsoverlay\ /Users/runner/work/App/App/ios/Pods/React-Core-prebuilt/React-VFS.yaml\ -DNDEBUG\ -DRCT_REMOVE_LEGACY_ARCH\=1\ -ivfsoverlay\ /Users/runner/work/App/App/ios/Pods/React-Core-prebuilt/React-VFS.yaml\ -DNDEBUG
    export OTHER_SWIFT_FLAGS\=\ -Xcc\ -ivfsoverlay\ -Xcc\ /Users/runner/work/App/App/ios/Pods/React-Core-prebuilt/React-VFS.yaml
    export PASCAL_STRINGS\=YES
    export PATH\=/Applications/Xcode_26.3.app/Contents/SharedFrameworks/SwiftBuild.framework/Versions/A/PlugIns/SWBBuildService.bundle/Contents/PlugIns/SWBUniversalPlatformPlugin.bundle/Contents/Frameworks/SWBUniversalPlatform.framework/Resources:/var/run/com.apple.security.cryptexd/mnt/com.apple.MobileAsset.MetalToolchain-v17.3.7003.10.HWIt4u/Metal.xctoolchain/usr/bin:/var/run/com.apple.security.cryptexd/mnt/com.apple.MobileAsset.MetalToolchain-v17.3.7003.10.HWIt4u/Metal.xctoolchain/usr/local/bin:/var/run/com.apple.security.cryptexd/mnt/com.apple.MobileAsset.MetalToolchain-v17.3.7003.10.HWIt4u/Metal.xctoolchain/usr/libexec:/Applications/Xcode_26.3.app/Contents/Developer/Toolchains/XcodeDefault.xctoolchain/usr/bin:/Applications/Xcode_26.3.app/Contents/Developer/Toolchains/XcodeDefault.xctoolchain/usr/local/bin:/Applications/Xcode_26.3.app/Contents/Developer/Toolchains/XcodeDefault.xctoolchain/usr/libexec:/Applications/Xcode_26.3.app/Contents/Developer/Platforms/iPhoneOS.platform/usr/bin:/Applications/Xcode_26.3.app/Contents/Developer/Platforms/iPhoneOS.platform/usr/local/bin:/Applications/Xcode_26.3.app/Contents/Developer/Platforms/iPhoneOS.platform/Developer/usr/bin:/Applications/Xcode_26.3.app/Contents/Developer/Platforms/iPhoneOS.platform/Developer/usr/local/bin:/Applications/Xcode_26.3.app/Contents/Developer/usr/bin:/Applications/Xcode_26.3.app/Contents/Developer/usr/local/bin:/Users/runner/hostedtoolcache/Ruby/3.3.12/arm64/bin:/Users/runner/hostedtoolcache/node/20.20.2/arm64/bin:/Users/runner/.local/bin:/opt/homebrew/bin:/opt/homebrew/sbin:/Users/runner/.cargo/bin:/usr/local/opt/curl/bin:/usr/local/bin:/usr/local/sbin:/Users/runner/bin:/Users/runner/.yarn/bin:/Users/runner/Library/Android/sdk/tools:/Users/runner/Library/Android/sdk/platform-tools:/Library/Frameworks/Python.framework/Versions/Current/bin:/Library/Frameworks/Mono.framework/Versions/Current/Commands:/usr/bin:/bin:/usr/sbin:/sbin:/Users/runner/.dotnet/tools
    export PATH_PREFIXES_EXCLUDED_FROM_HEADER_DEPENDENCIES\=/usr/include\ /usr/local/include\ /System/Library/Frameworks\ /System/Library/PrivateFrameworks\ /Applications/Xcode_26.3.app/Contents/Developer/Headers\ /Applications/Xcode_26.3.app/Contents/Developer/SDKs\ /Applications/Xcode_26.3.app/Contents/Developer/Platforms
    export PER_ARCH_MODULE_FILE_DIR\=/Users/runner/work/App/App/build/Build/Intermediates.noindex/Pods.build/Release-iphoneos/React-RCTFBReactNativeSpec.build/Objects-normal/undefined_arch
    export PER_ARCH_OBJECT_FILE_DIR\=/Users/runner/work/App/App/build/Build/Intermediates.noindex/Pods.build/Release-iphoneos/React-RCTFBReactNativeSpec.build/Objects-normal/undefined_arch
    export PER_VARIANT_OBJECT_FILE_DIR\=/Users/runner/work/App/App/build/Build/Intermediates.noindex/Pods.build/Release-iphoneos/React-RCTFBReactNativeSpec.build/Objects-normal
    export PKGINFO_FILE_PATH\=/Users/runner/work/App/App/build/Build/Intermediates.noindex/Pods.build/Release-iphoneos/React-RCTFBReactNativeSpec.build/PkgInfo
    export PLATFORM_DEVELOPER_APPLICATIONS_DIR\=/Applications/Xcode_26.3.app/Contents/Developer/Platforms/iPhoneOS.platform/Developer/Applications
    export PLATFORM_DEVELOPER_BIN_DIR\=/Applications/Xcode_26.3.app/Contents/Developer/Platforms/iPhoneOS.platform/Developer/usr/bin
    export PLATFORM_DEVELOPER_LIBRARY_DIR\=/Applications/Xcode_26.3.app/Contents/Developer/Platforms/iPhoneOS.platform/Developer/Library
    export PLATFORM_DEVELOPER_SDK_DIR\=/Applications/Xcode_26.3.app/Contents/Developer/Platforms/iPhoneOS.platform/Developer/SDKs
    export PLATFORM_DEVELOPER_TOOLS_DIR\=/Applications/Xcode_26.3.app/Contents/Developer/Platforms/iPhoneOS.platform/Developer/Tools
    export PLATFORM_DEVELOPER_USR_DIR\=/Applications/Xcode_26.3.app/Contents/Developer/Platforms/iPhoneOS.platform/Developer/usr
    export PLATFORM_DIR\=/Applications/Xcode_26.3.app/Contents/Developer/Platforms/iPhoneOS.platform
    export PLATFORM_DISPLAY_NAME\=iOS
    export PLATFORM_FAMILY_NAME\=iOS
    export PLATFORM_NAME\=iphoneos
    export PLATFORM_PREFERRED_ARCH\=arm64
    export PLATFORM_PRODUCT_BUILD_VERSION\=23C57
    export PLATFORM_REQUIRES_SWIFT_AUTOLINK_EXTRACT\=NO
    export PLATFORM_REQUIRES_SWIFT_MODULEWRAP\=NO
    export PLIST_FILE_OUTPUT_FORMAT\=binary
    export PODFILE_DIR\=/Users/runner/work/App/App/ios/Pods/..
    export PODS_BUILD_DIR\=/Users/runner/work/App/App/build/Build/Products
    export PODS_CONFIGURATION_BUILD_DIR\=/Users/runner/work/App/App/build/Build/Products/Release-iphoneos
    export PODS_DEVELOPMENT_LANGUAGE\=en
    export PODS_ROOT\=/Users/runner/work/App/App/ios/Pods
    export PODS_TARGET_SRCROOT\=/Users/runner/work/App/App/ios/Pods/../../node_modules/react-native/React
    export PODS_XCFRAMEWORKS_BUILD_DIR\=/Users/runner/work/App/App/build/Build/Products/Release-iphoneos/XCFrameworkIntermediates
    export PRECOMPS_INCLUDE_HEADERS_FROM_BUILT_PRODUCTS_DIR\=YES
    export PRECOMP_DESTINATION_DIR\=/Users/runner/work/App/App/build/Build/Intermediates.noindex/Pods.build/Release-iphoneos/React-RCTFBReactNativeSpec.build/PrefixHeaders
    export PROCESSED_INFOPLIST_PATH\=/Users/runner/work/App/App/build/Build/Intermediates.noindex/Pods.build/Release-iphoneos/React-RCTFBReactNativeSpec.build/Objects-normal/undefined_arch/Processed-Info.plist
    export PRODUCT_BUNDLE_IDENTIFIER\=org.cocoapods.React-RCTFBReactNativeSpec
    export PRODUCT_MODULE_NAME\=React_RCTFBReactNativeSpec
    export PRODUCT_NAME\=React-RCTFBReactNativeSpec
    export PRODUCT_SETTINGS_PATH\=
    export PROFILING_CODE\=NO
    export PROJECT\=Pods
    export PROJECT_DERIVED_FILE_DIR\=/Users/runner/work/App/App/build/Build/Intermediates.noindex/Pods.build/DerivedSources
    export PROJECT_DIR\=/Users/runner/work/App/App/ios/Pods
    export PROJECT_FILE_PATH\=/Users/runner/work/App/App/ios/Pods/Pods.xcodeproj
    export PROJECT_GUID\=8699adb1dd336b26511df848a716bd42
    export PROJECT_NAME\=Pods
    export PROJECT_TEMP_DIR\=/Users/runner/work/App/App/build/Build/Intermediates.noindex/Pods.build
    export PROJECT_TEMP_ROOT\=/Users/runner/work/App/App/build/Build/Intermediates.noindex
    export REACT_NATIVE_PATH\=/Users/runner/work/App/App/ios/Pods/../../node_modules/react-native
    export RECOMMENDED_IPHONEOS_DEPLOYMENT_TARGET\=15.0
    export RECURSIVE_SEARCH_PATHS_FOLLOW_SYMLINKS\=YES
    export REMOVE_CVS_FROM_RESOURCES\=YES
    export REMOVE_GIT_FROM_RESOURCES\=YES
    export REMOVE_HEADERS_FROM_EMBEDDED_BUNDLES\=YES
    export REMOVE_HG_FROM_RESOURCES\=YES
    export REMOVE_STATIC_EXECUTABLES_FROM_EMBEDDED_BUNDLES\=YES
    export REMOVE_SVN_FROM_RESOURCES\=YES
    export RESCHEDULE_INDEPENDENT_HEADERS_PHASES\=YES
    export REZ_COLLECTOR_DIR\=/Users/runner/work/App/App/build/Build/Intermediates.noindex/Pods.build/Release-iphoneos/React-RCTFBReactNativeSpec.build/ResourceManagerResources
    export REZ_OBJECTS_DIR\=/Users/runner/work/App/App/build/Build/Intermediates.noindex/Pods.build/Release-iphoneos/React-RCTFBReactNativeSpec.build/ResourceManagerResources/Objects
    export RUNTIME_EXCEPTION_ALLOW_DYLD_ENVIRONMENT_VARIABLES\=NO
    export RUNTIME_EXCEPTION_ALLOW_JIT\=NO
    export RUNTIME_EXCEPTION_ALLOW_UNSIGNED_EXECUTABLE_MEMORY\=NO
    export RUNTIME_EXCEPTION_DEBUGGING_TOOL\=NO
    export RUNTIME_EXCEPTION_DISABLE_EXECUTABLE_PAGE_PROTECTION\=NO
    export RUNTIME_EXCEPTION_DISABLE_LIBRARY_VALIDATION\=NO
    export SCAN_ALL_SOURCE_FILES_FOR_INCLUDES\=NO
    export SCRIPT_INPUT_FILE_COUNT\=0
    export SCRIPT_INPUT_FILE_LIST_COUNT\=0
    export SCRIPT_OUTPUT_FILE_COUNT\=0
    export SCRIPT_OUTPUT_FILE_LIST_COUNT\=0
    export SDKROOT\=/Applications/Xcode_26.3.app/Contents/Developer/Platforms/iPhoneOS.platform/Developer/SDKs/iPhoneOS26.2.sdk
    export SDK_DIR\=/Applications/Xcode_26.3.app/Contents/Developer/Platforms/iPhoneOS.platform/Developer/SDKs/iPhoneOS26.2.sdk
    export SDK_DIR_iphoneos\=/Applications/Xcode_26.3.app/Contents/Developer/Platforms/iPhoneOS.platform/Developer/SDKs/iPhoneOS26.2.sdk
    export SDK_DIR_iphoneos26_2\=/Applications/Xcode_26.3.app/Contents/Developer/Platforms/iPhoneOS.platform/Developer/SDKs/iPhoneOS26.2.sdk
    export SDK_NAME\=iphoneos26.2
    export SDK_NAMES\=iphoneos26.2
    export SDK_PRODUCT_BUILD_VERSION\=23C57
    export SDK_STAT_CACHE_DIR\=/Users/runner/work/App/App/build
    export SDK_STAT_CACHE_ENABLE\=YES
    export SDK_STAT_CACHE_PATH\=/Users/runner/work/App/App/build/SDKStatCaches.noindex/iphoneos26.2-23C57-dc75598d0054f22ec865fa860f139d722dd23b4ebda140f7210d155ff1243552.sdkstatcache
    export SDK_VERSION\=26.2
    export SDK_VERSION_ACTUAL\=260200
    export SDK_VERSION_MAJOR\=260000
    export SDK_VERSION_MINOR\=260200
    export SED\=/usr/bin/sed
    export SEPARATE_STRIP\=NO
    export SEPARATE_SYMBOL_EDIT\=NO
    export SET_DIR_MODE_OWNER_GROUP\=YES
    export SET_FILE_MODE_OWNER_GROUP\=NO
    export SHALLOW_BUNDLE\=NO
    export SHARED_DERIVED_FILE_DIR\=/Users/runner/work/App/App/build/Build/Products/Release-iphoneos/React-RCTFBReactNativeSpec/DerivedSources
    export SHARED_PRECOMPS_DIR\=/Users/runner/work/App/App/build/Build/Intermediates.noindex/PrecompiledHeaders
    export SKIP_INSTALL\=YES
    export SOURCE_ROOT\=/Users/runner/work/App/App/ios/Pods
    export SRCROOT\=/Users/runner/work/App/App/ios/Pods
    export STRINGSDATA_DIR\=/Users/runner/work/App/App/build/Build/Intermediates.noindex/Pods.build/Release-iphoneos/React-RCTFBReactNativeSpec.build/Objects-normal/undefined_arch
    export STRINGSDATA_ROOT\=/Users/runner/work/App/App/build/Build/Intermediates.noindex/Pods.build/Release-iphoneos/React-RCTFBReactNativeSpec.build
    export STRINGS_FILE_INFOPLIST_RENAME\=YES
    export STRINGS_FILE_OUTPUT_ENCODING\=binary
    export STRING_CATALOG_GENERATE_SYMBOLS\=NO
    export STRIP_BITCODE_FROM_COPIED_FILES\=YES
    export STRIP_INSTALLED_PRODUCT\=NO
    export STRIP_STYLE\=all
    export STRIP_SWIFT_SYMBOLS\=YES
    export SUPPORTED_DEVICE_FAMILIES\=1,2
    export SUPPORTED_PLATFORMS\=iphoneos\ iphonesimulator
    export SUPPORTS_MACCATALYST\=YES
    export SUPPORTS_MAC_DESIGNED_FOR_IPHONE_IPAD\=YES
    export SUPPORTS_TEXT_BASED_API\=NO
    export SUPPORTS_XR_DESIGNED_FOR_IPHONE_IPAD\=YES
    export SUPPRESS_WARNINGS\=NO
    export SWIFT_COMPILATION_MODE\=wholemodule
    export SWIFT_EMIT_CONST_VALUE_PROTOCOLS\=AppIntent\ EntityQuery\ AppEntity\ TransientEntity\ AppEnum\ AppShortcutProviding\ AppShortcutsProvider\ AnyResolverProviding\ AppIntentsPackage\ DynamicOptionsProvider\ _IntentValueRepresentable\ _AssistantIntentsProvider\ _GenerativeFunctionExtractable\ IntentValueQuery\ Resolver\ AppExtension\ ExtensionPointDefining
    export SWIFT_EMIT_LOC_STRINGS\=NO
    export SWIFT_EMIT_MODULE_INTERFACE\=NO
    export SWIFT_ENABLE_EXPLICIT_MODULES\=NO
    export SWIFT_OPTIMIZATION_LEVEL\=-O
    export SWIFT_PLATFORM_TARGET_PREFIX\=ios
    export SWIFT_RESPONSE_FILE_PATH_normal_arm64\=/Users/runner/work/App/App/build/Build/Intermediates.noindex/Pods.build/Release-iphoneos/React-RCTFBReactNativeSpec.build/Objects-normal/arm64/React-RCTFBReactNativeSpec.SwiftFileList
    export SWIFT_VERSION\=5.0
    export SYMROOT\=/Users/runner/work/App/App/build/Build/Products
    export SYSTEM_ADMIN_APPS_DIR\=/Applications/Utilities
    export SYSTEM_APPS_DIR\=/Applications
    export SYSTEM_CORE_SERVICES_DIR\=/System/Library/CoreServices
    export SYSTEM_DEMOS_DIR\=/Applications/Extras
    export SYSTEM_DEVELOPER_APPS_DIR\=/Applications/Xcode_26.3.app/Contents/Developer/Applications
    export SYSTEM_DEVELOPER_BIN_DIR\=/Applications/Xcode_26.3.app/Contents/Developer/usr/bin
    export SYSTEM_DEVELOPER_DEMOS_DIR\=/Applications/Xcode_26.3.app/Contents/Developer/Applications/Utilities/Built\ Examples
    export SYSTEM_DEVELOPER_DIR\=/Applications/Xcode_26.3.app/Contents/Developer
    export SYSTEM_DEVELOPER_DOC_DIR\=/Applications/Xcode_26.3.app/Contents/Developer/ADC\ Reference\ Library
    export SYSTEM_DEVELOPER_GRAPHICS_TOOLS_DIR\=/Applications/Xcode_26.3.app/Contents/Developer/Applications/Graphics\ Tools
    export SYSTEM_DEVELOPER_JAVA_TOOLS_DIR\=/Applications/Xcode_26.3.app/Contents/Developer/Applications/Java\ Tools
    export SYSTEM_DEVELOPER_PERFORMANCE_TOOLS_DIR\=/Applications/Xcode_26.3.app/Contents/Developer/Applications/Performance\ Tools
    export SYSTEM_DEVELOPER_RELEASENOTES_DIR\=/Applications/Xcode_26.3.app/Contents/Developer/ADC\ Reference\ Library/releasenotes
    export SYSTEM_DEVELOPER_TOOLS\=/Applications/Xcode_26.3.app/Contents/Developer/Tools
    export SYSTEM_DEVELOPER_TOOLS_DOC_DIR\=/Applications/Xcode_26.3.app/Contents/Developer/ADC\ Reference\ Library/documentation/DeveloperTools
    export SYSTEM_DEVELOPER_TOOLS_RELEASENOTES_DIR\=/Applications/Xcode_26.3.app/Contents/Developer/ADC\ Reference\ Library/releasenotes/DeveloperTools
    export SYSTEM_DEVELOPER_USR_DIR\=/Applications/Xcode_26.3.app/Contents/Developer/usr
    export SYSTEM_DEVELOPER_UTILITIES_DIR\=/Applications/Xcode_26.3.app/Contents/Developer/Applications/Utilities
    export SYSTEM_DEXT_INSTALL_PATH\=/System/Library/DriverExtensions
    export SYSTEM_DOCUMENTATION_DIR\=/Library/Documentation
    export SYSTEM_KEXT_INSTALL_PATH\=/System/Library/Extensions
    export SYSTEM_LIBRARY_DIR\=/System/Library
    export TAPI_DEMANGLE\=YES
    export TAPI_ENABLE_PROJECT_HEADERS\=NO
    export TAPI_LANGUAGE\=objective-c
    export TAPI_LANGUAGE_STANDARD\=compiler-default
    export TAPI_USE_SRCROOT\=YES
    export TAPI_VERIFY_MODE\=Pedantic
    export TARGETED_DEVICE_FAMILY\=1,2
    export TARGETNAME\=React-RCTFBReactNativeSpec
    export TARGET_BUILD_DIR\=/Users/runner/work/App/App/build/Build/Products/Release-iphoneos/React-RCTFBReactNativeSpec
    export TARGET_NAME\=React-RCTFBReactNativeSpec
    export TARGET_TEMP_DIR\=/Users/runner/work/App/App/build/Build/Intermediates.noindex/Pods.build/Release-iphoneos/React-RCTFBReactNativeSpec.build
    export TEMP_DIR\=/Users/runner/work/App/App/build/Build/Intermediates.noindex/Pods.build/Release-iphoneos/React-RCTFBReactNativeSpec.build
    export TEMP_FILES_DIR\=/Users/runner/work/App/App/build/Build/Intermediates.noindex/Pods.build/Release-iphoneos/React-RCTFBReactNativeSpec.build
    export TEMP_FILE_DIR\=/Users/runner/work/App/App/build/Build/Intermediates.noindex/Pods.build/Release-iphoneos/React-RCTFBReactNativeSpec.build
    export TEMP_ROOT\=/Users/runner/work/App/App/build/Build/Intermediates.noindex
    export TEMP_SANDBOX_DIR\=/Users/runner/work/App/App/build/Build/Intermediates.noindex/TemporaryTaskSandboxes
    export TEST_FRAMEWORK_SEARCH_PATHS\=\ /Applications/Xcode_26.3.app/Contents/Developer/Platforms/iPhoneOS.platform/Developer/Library/Frameworks\ /Applications/Xcode_26.3.app/Contents/Developer/Platforms/iPhoneOS.platform/Developer/SDKs/iPhoneOS26.2.sdk/Developer/Library/Frameworks
    export TEST_LIBRARY_SEARCH_PATHS\=\ /Applications/Xcode_26.3.app/Contents/Developer/Platforms/iPhoneOS.platform/Developer/usr/lib
    export TOOLCHAINS\=com.apple.dt.toolchain.Metal.32023.864\ com.apple.dt.toolchain.XcodeDefault
    export TOOLCHAIN_DIR\=/var/run/com.apple.security.cryptexd/mnt/com.apple.MobileAsset.MetalToolchain-v17.3.7003.10.HWIt4u/Metal.xctoolchain
    export TOOLCHAIN_VERSION\=32023.864
    export TREAT_MISSING_BASELINES_AS_TEST_FAILURES\=NO
    export TREAT_MISSING_SCRIPT_PHASE_OUTPUTS_AS_ERRORS\=NO
    export UID\=501
    export UNINSTALLED_PRODUCTS_DIR\=/Users/runner/work/App/App/build/Build/Intermediates.noindex/UninstalledProducts
    export UNSTRIPPED_PRODUCT\=NO
    export USER\=runner
    export USER_APPS_DIR\=/Users/runner/Applications
    export USER_LIBRARY_DIR\=/Users/runner/Library
    export USE_DYNAMIC_NO_PIC\=YES
    export USE_HEADERMAP\=NO
    export USE_HEADER_SYMLINKS\=NO
    export USE_HERMES\=true
    export USE_RECURSIVE_SCRIPT_INPUTS_IN_SCRIPT_PHASES\=YES
    export VALIDATE_DEVELOPMENT_ASSET_PATHS\=YES_ERROR
    export VALIDATE_PRODUCT\=YES
    export VALID_ARCHS\=arm64\ arm64e\ armv7\ armv7s
    export VERBOSE_PBXCP\=NO
    export VERSION_INFO_BUILDER\=runner
    export VERSION_INFO_FILE\=React-RCTFBReactNativeSpec_vers.c
    export VERSION_INFO_STRING\=\"@\(\#\)PROGRAM:React-RCTFBReactNativeSpec\ \ PROJECT:Pods-\"
    export WORKSPACE_DIR\=/Users/runner/work/App/App/ios
    export WRAP_ASSET_PACKS_IN_SEPARATE_DIRECTORIES\=NO
    export XCODE_APP_SUPPORT_DIR\=/Applications/Xcode_26.3.app/Contents/Developer/Library/Xcode
    export XCODE_PRODUCT_BUILD_VERSION\=17C529
    export XCODE_VERSION_ACTUAL\=2630
    export XCODE_VERSION_MAJOR\=2600
    export XCODE_VERSION_MINOR\=2630
    export XPCSERVICES_FOLDER_PATH\=/XPCServices
    export YACC\=yacc
    export _DISCOVER_COMMAND_LINE_LINKER_INPUTS\=YES
    export _DISCOVER_COMMAND_LINE_LINKER_INPUTS_INCLUDE_WL\=YES
    export _LD_MULTIARCH\=YES
    export __DIAGNOSE_DEPRECATED_ARCHS\=YES
    export arch\=undefined_arch
    export variant\=normal
    /bin/sh -c /Users/runner/work/App/App/build/Build/Intermediates.noindex/Pods.build/Release-iphoneos/React-RCTFBReactNativeSpec.build/Script-46EB2E00016070.sh
Checking whether Codegen has run...

SwiftDriver ExpoLogBox normal arm64 com.apple.xcode.tools.swift.compiler (in target 'ExpoLogBox' from project 'Pods')
    cd /Users/runner/work/App/App/ios/Pods
    builtin-SwiftDriver -- /Applications/Xcode_26.3.app/Contents/Developer/Toolchains/XcodeDefault.xctoolchain/usr/bin/swiftc -module-name ExpoLogBox -O -whole-module-optimization -enforce-exclusivity\=checked @/Users/runner/work/App/App/build/Build/Intermediates.noindex/Pods.build/Release-iphoneos/ExpoLogBox.build/Objects-normal/arm64/ExpoLogBox.SwiftFileList -D COCOAPODS -import-underlying-module -Xcc -fmodule-map-file\=/Users/runner/work/App/App/ios/Pods/Headers/Public/ExpoLogBox/ExpoLogBox.modulemap -Xcc -ivfsoverlay -Xcc /Users/runner/work/App/App/ios/Pods/React-Core-prebuilt/React-VFS.yaml -Xcc -Wno-incomplete-umbrella -enable-bare-slash-regex -enable-experimental-feature DebugDescriptionMacro -sdk /Applications/Xcode_26.3.app/Contents/Developer/Platforms/iPhoneOS.platform/Developer/SDKs/iPhoneOS26.2.sdk -target arm64-apple-ios16.4 -g -module-cache-path /Users/runner/work/App/App/build/ModuleCache.noindex -Xfrontend -serialize-debugging-options -swift-version 5 -I /Users/runner/work/App/App/build/Build/Products/Release-iphoneos/ExpoLogBox -F /Users/runner/work/App/App/build/Build/Products/Release-iphoneos/ExpoLogBox -F /Users/runner/work/App/App/ios/Pods/React-Core-prebuilt -F /Users/runner/work/App/App/ios/Pods/ReactNativeDependencies/framework/packages/react-native -F /Users/runner/work/App/App/ios/Pods/hermes-engine/destroot/Library/Frameworks/universal -F /Users/runner/work/App/App/build/Build/Products/Release-iphoneos/XCFrameworkIntermediates/React-Core-prebuilt -F /Users/runner/work/App/App/build/Build/Products/Release-iphoneos/XCFrameworkIntermediates/ReactNativeDependencies -F /Users/runner/work/App/App/build/Build/Products/Release-iphoneos/XCFrameworkIntermediates/hermes-engine/Pre-built -c -num-threads 3 -Xcc -ivfsstatcache -Xcc /Users/runner/work/App/App/build/SDKStatCaches.noindex/iphoneos26.2-23C57-dc75598d0054f22ec865fa860f139d722dd23b4ebda140f7210d155ff1243552.sdkstatcache -output-file-map /Users/runner/work/App/App/build/Build/Intermediates.noindex/Pods.build/Release-iphoneos/ExpoLogBox.build/Objects-normal/arm64/ExpoLogBox-OutputFileMap.json -use-frontend-parseable-output -save-temps -no-color-diagnostics -serialize-diagnostics -emit-dependencies -emit-module -emit-module-path /Users/runner/work/App/App/build/Build/Intermediates.noindex/Pods.build/Release-iphoneos/ExpoLogBox.build/Objects-normal/arm64/ExpoLogBox.swiftmodule -validate-clang-modules-once -clang-build-session-file /Users/runner/work/App/App/build/ModuleCache.noindex/Session.modulevalidation -Xcc -I/Users/runner/work/App/App/build/Build/Intermediates.noindex/Pods.build/Release-iphoneos/ExpoLogBox.build/swift-overrides.hmap -emit-const-values -Xfrontend -const-gather-protocols-file -Xfrontend /Users/runner/work/App/App/build/Build/Intermediates.noindex/Pods.build/Release-iphoneos/ExpoLogBox.build/Objects-normal/arm64/ExpoLogBox_const_extract_protocols.json -Xcc -iquote -Xcc /Users/runner/work/App/App/build/Build/Intermediates.noindex/Pods.build/Release-iphoneos/ExpoLogBox.build/ExpoLogBox-generated-files.hmap -Xcc -I/Users/runner/work/App/App/build/Build/Intermediates.noindex/Pods.build/Release-iphoneos/ExpoLogBox.build/ExpoLogBox-own-target-headers.hmap -Xcc -I/Users/runner/work/App/App/build/Build/Intermediates.noindex/Pods.build/Release-iphoneos/ExpoLogBox.build/ExpoLogBox-all-non-framework-target-headers.hmap -Xcc -ivfsoverlay -Xcc /Users/runner/work/App/App/build/Build/Intermediates.noindex/Pods.build/Release-iphoneos/Pods-8699adb1dd336b26511df848a716bd42-VFS-iphoneos/all-product-headers.yaml -Xcc -iquote -Xcc /Users/runner/work/App/App/build/Build/Intermediates.noindex/Pods.build/Release-iphoneos/ExpoLogBox.build/ExpoLogBox-project-headers.hmap -Xcc -I/Users/runner/work/App/App/build/Build/Products/Release-iphoneos/ExpoLogBox/include -Xcc -I/Users/runner/work/App/App/ios/Pods/Headers/Public -Xcc -I/Users/runner/work/App/App/ios/Pods/Headers/Public/React-Core -Xcc -I/Users/runner/work/App/App/ios/Pods/Headers/Public/React-Core-prebuilt -Xcc -I/Users/runner/work/App/App/ios/Pods/Headers/Public/React-callinvoker -Xcc -I/Users/runner/work/App/App/ios/Pods/Headers/Public/React-cxxreact -Xcc -I/Users/runner/work/App/App/ios/Pods/Headers/Public/React-debug -Xcc -I/Users/runner/work/App/App/ios/Pods/Headers/Public/React-featureflags -Xcc -I/Users/runner/work/App/App/ios/Pods/Headers/Public/React-hermes -Xcc -I/Users/runner/work/App/App/ios/Pods/Headers/Public/React-jserrorhandler -Xcc -I/Users/runner/work/App/App/ios/Pods/Headers/Public/React-jsi -Xcc -I/Users/runner/work/App/App/ios/Pods/Headers/Public/React-jsiexecutor -Xcc -I/Users/runner/work/App/App/ios/Pods/Headers/Public/React-jsinspector -Xcc -I/Users/runner/work/App/App/ios/Pods/Headers/Public/React-jsinspectorcdp -Xcc -I/Users/runner/work/App/App/ios/Pods/Headers/Public/React-jsinspectornetwork -Xcc -I/Users/runner/work/App/App/ios/Pods/Headers/Public/React-jsinspectortracing -Xcc -I/Users/runner/work/App/App/ios/Pods/Headers/Public/React-jsitooling -Xcc -I/Users/runner/work/App/App/ios/Pods/Headers/Public/React-logger -Xcc -I/Users/runner/work/App/App/ios/Pods/Headers/Public/React-oscompat -Xcc -I/Users/runner/work/App/App/ios/Pods/Headers/Public/React-perflogger -Xcc -I/Users/runner/work/App/App/ios/Pods/Headers/Public/React-performancetimeline -Xcc -I/Users/runner/work/App/App/ios/Pods/Headers/Public/React-rendererconsistency -Xcc -I/Users/runner/work/App/App/ios/Pods/Headers/Public/React-rendererdebug -Xcc -I/Users/runner/work/App/App/ios/Pods/Headers/Public/React-runtimeexecutor -Xcc -I/Users/runner/work/App/App/ios/Pods/Headers/Public/React-runtimescheduler -Xcc -I/Users/runner/work/App/App/ios/Pods/Headers/Public/React-timing -Xcc -I/Users/runner/work/App/App/ios/Pods/Headers/Public/React-utils -Xcc -I/Users/runner/work/App/App/ios/Pods/Headers/Public/ReactCommon -Xcc -I/Users/runner/work/App/App/ios/Pods/Headers/Public/ReactNativeDependencies -Xcc -I/Users/runner/work/App/App/ios/Pods/Headers/Public/Yoga -Xcc -I/Users/runner/work/App/App/ios/Pods/Headers/Public/hermes-engine -Xcc -I/Users/runner/work/App/App/ios/Pods/ExpoModulesCore/ExpoModulesCore.xcframework/ios-arm64_x86_64-simulator/ExpoModulesCore.framework/Headers -Xcc -I/Users/runner/work/App/App/ios/Pods/ExpoModulesCore/ExpoModulesCore.xcframework/ios-arm64/ExpoModulesCore.framework/Headers -Xcc -I/Users/runner/work/App/App/ios/Pods/ExpoModulesCore/ExpoModulesCore.xcframework/ios-arm64_x86_64-simulator/ExpoModulesCore.framework/Headers -Xcc -I/Users/runner/work/App/App/ios/Pods/ExpoModulesCore/ExpoModulesCore.xcframework/ios-arm64/ExpoModulesCore.framework/Headers -Xcc -I/Users/runner/work/App/App/build/Build/Intermediates.noindex/Pods.build/Release-iphoneos/ExpoLogBox.build/DerivedSources-normal/arm64 -Xcc -I/Users/runner/work/App/App/build/Build/Intermediates.noindex/Pods.build/Release-iphoneos/ExpoLogBox.build/DerivedSources/arm64 -Xcc -I/Users/runner/work/App/App/build/Build/Intermediates.noindex/Pods.build/Release-iphoneos/ExpoLogBox.build/DerivedSources -Xcc -DPOD_CONFIGURATION_RELEASE\=1 -Xcc -DCOCOAPODS\=1 -emit-objc-header -emit-objc-header-path /Users/runner/work/App/App/build/Build/Intermediates.noindex/Pods.build/Release-iphoneos/ExpoLogBox.build/Objects-normal/arm64/ExpoLogBox-Swift.h -working-directory /Users/runner/work/App/App/ios/Pods -no-emit-module-separately-wmo

PhaseScriptExecution [CP-User]\ Generate\ Specs /Users/runner/work/App/App/build/Build/Intermediates.noindex/Pods.build/Release-iphoneos/ReactCodegen.build/Script-46EB2E00016080.sh (in target 'ReactCodegen' from project 'Pods')
    cd /Users/runner/work/App/App/ios/Pods
    export ACTION\=build
    export AD_HOC_CODE_SIGNING_ALLOWED\=NO
    export ALLOW_BUILD_REQUEST_OVERRIDES\=NO
    export ALLOW_TARGET_PLATFORM_SPECIALIZATION\=NO
    export ALTERNATE_GROUP\=staff
    export ALTERNATE_MODE\=u+w,go-w,a+rX
    export ALTERNATE_OWNER\=runner
    export ALTERNATIVE_DISTRIBUTION_WEB\=NO
    export ALWAYS_EMBED_SWIFT_STANDARD_LIBRARIES\=NO
    export ALWAYS_SEARCH_USER_PATHS\=NO
    export ALWAYS_USE_SEPARATE_HEADERMAPS\=NO
    export ANDROID_DEPLOYMENT_TARGET\=21.0
    export APPLICATION_EXTENSION_API_ONLY\=NO
    export APPLY_RULES_IN_COPY_FILES\=NO
    export APPLY_RULES_IN_COPY_HEADERS\=NO
    export APP_SHORTCUTS_ENABLE_FLEXIBLE_MATCHING\=YES
    export ARCHS\=arm64
    export ARCHS_STANDARD\=arm64
    export ARCHS_STANDARD_32_64_BIT\=armv7\ arm64
    export ARCHS_STANDARD_32_BIT\=armv7
    export ARCHS_STANDARD_64_BIT\=arm64
    export ARCHS_STANDARD_INCLUDING_64_BIT\=arm64
    export ARCHS_UNIVERSAL_IPHONE_OS\=armv7\ arm64
    export AUTOMATICALLY_MERGE_DEPENDENCIES\=NO
    export AUTOMATION_APPLE_EVENTS\=NO
    export AVAILABLE_PLATFORMS\=android\ appletvos\ appletvsimulator\ driverkit\ iphoneos\ iphonesimulator\ macosx\ qnx\ watchos\ watchsimulator\ webassembly\ xros\ xrsimulator
    export BUILD_ACTIVE_RESOURCES_ONLY\=NO
    export BUILD_COMPONENTS\=headers\ build
    export BUILD_DIR\=/Users/runner/work/App/App/build/Build/Products
    export BUILD_LIBRARY_FOR_DISTRIBUTION\=NO
    export BUILD_ROOT\=/Users/runner/work/App/App/build/Build/Products
    export BUILD_STYLE\=
    export BUILD_VARIANTS\=normal
    export BUILT_PRODUCTS_DIR\=/Users/runner/work/App/App/build/Build/Products/Release-iphoneos/ReactCodegen
    export BUNDLE_CONTENTS_FOLDER_PATH_deep\=Contents/
    export BUNDLE_EXECUTABLE_FOLDER_NAME_deep\=MacOS
    export BUNDLE_EXTENSIONS_FOLDER_PATH\=Extensions
    export BUNDLE_FORMAT\=shallow
    export BUNDLE_FRAMEWORKS_FOLDER_PATH\=Frameworks
    export BUNDLE_PLUGINS_FOLDER_PATH\=PlugIns
    export BUNDLE_PRIVATE_HEADERS_FOLDER_PATH\=PrivateHeaders
    export BUNDLE_PUBLIC_HEADERS_FOLDER_PATH\=Headers
    export CACHE_ROOT\=/var/folders/nj/vtw8zd2j31d1gdrtntc5y4600000gn/C/com.apple.DeveloperTools/26.3-17C529/Xcode
    export CCHROOT\=/var/folders/nj/vtw8zd2j31d1gdrtntc5y4600000gn/C/com.apple.DeveloperTools/26.3-17C529/Xcode
    export CHMOD\=/bin/chmod
    export CHOWN\=/usr/sbin/chown
    export CLANG_ANALYZER_LOCALIZABILITY_NONLOCALIZED\=YES
    export CLANG_ANALYZER_NONNULL\=YES
    export CLANG_ANALYZER_NUMBER_OBJECT_CONVERSION\=YES_AGGRESSIVE
    export CLANG_CACHE_FINE_GRAINED_OUTPUTS\=YES
    export CLANG_CXX_LANGUAGE_STANDARD\=c++20
    export CLANG_CXX_LIBRARY\=libc++
    export CLANG_ENABLE_EXPLICIT_MODULES\=YES
    export CLANG_ENABLE_MODULES\=YES
    export CLANG_ENABLE_MODULE_DEBUGGING\=NO
    export CLANG_ENABLE_OBJC_ARC\=YES
    export CLANG_ENABLE_OBJC_WEAK\=NO
    export CLANG_MODULES_BUILD_SESSION_FILE\=/Users/runner/work/App/App/build/ModuleCache.noindex/Session.modulevalidation
    export CLANG_WARN_BLOCK_CAPTURE_AUTORELEASING\=YES
    export CLANG_WARN_BOOL_CONVERSION\=YES
    export CLANG_WARN_COMMA\=YES
    export CLANG_WARN_CONSTANT_CONVERSION\=YES
    export CLANG_WARN_DEPRECATED_OBJC_IMPLEMENTATIONS\=YES
    export CLANG_WARN_DIRECT_OBJC_ISA_USAGE\=YES_ERROR
    export CLANG_WARN_DOCUMENTATION_COMMENTS\=YES
    export CLANG_WARN_EMPTY_BODY\=YES
    export CLANG_WARN_ENUM_CONVERSION\=YES
    export CLANG_WARN_INFINITE_RECURSION\=YES
    export CLANG_WARN_INT_CONVERSION\=YES
    export CLANG_WARN_NON_LITERAL_NULL_CONVERSION\=YES
    export CLANG_WARN_OBJC_IMPLICIT_RETAIN_SELF\=YES
    export CLANG_WARN_OBJC_LITERAL_CONVERSION\=YES
    export CLANG_WARN_OBJC_ROOT_CLASS\=YES_ERROR
    export CLANG_WARN_QUOTED_INCLUDE_IN_FRAMEWORK_HEADER\=NO
    export CLANG_WARN_RANGE_LOOP_ANALYSIS\=YES
    export CLANG_WARN_STRICT_PROTOTYPES\=YES
    export CLANG_WARN_SUSPICIOUS_MOVE\=YES
    export CLANG_WARN_UNGUARDED_AVAILABILITY\=YES_AGGRESSIVE
    export CLANG_WARN_UNREACHABLE_CODE\=YES
    export CLANG_WARN__DUPLICATE_METHOD_MATCH\=YES
    export CLASS_FILE_DIR\=/Users/runner/work/App/App/build/Build/Intermediates.noindex/Pods.build/Release-iphoneos/ReactCodegen.build/JavaClasses
    export CLEAN_PRECOMPS\=YES
    export CLONE_HEADERS\=NO
    export CODESIGNING_FOLDER_PATH\=/Users/runner/work/App/App/build/Build/Products/Release-iphoneos/ReactCodegen/libReactCodegen.a
    export CODE_SIGNING_ALLOWED\=NO
    export CODE_SIGNING_REQUIRED\=NO
    export CODE_SIGN_CONTEXT_CLASS\=XCiPhoneOSCodeSignContext
    export CODE_SIGN_INJECT_BASE_ENTITLEMENTS\=YES
    export COLOR_DIAGNOSTICS\=NO
    export COMBINE_HIDPI_IMAGES\=NO
    export COMPILATION_CACHE_CAS_PATH\=/Users/runner/work/App/App/build/CompilationCache.noindex
    export COMPILATION_CACHE_KEEP_CAS_DIRECTORY\=YES
    export COMPILER_INDEX_STORE_ENABLE\=NO
    export COMPOSITE_SDK_DIRS\=/Users/runner/work/App/App/build/Build/Intermediates.noindex/CompositeSDKs
    export COMPRESS_PNG_FILES\=YES
    export CONFIGURATION\=Release
    export CONFIGURATION_BUILD_DIR\=/Users/runner/work/App/App/build/Build/Products/Release-iphoneos/ReactCodegen
    export CONFIGURATION_TEMP_DIR\=/Users/runner/work/App/App/build/Build/Intermediates.noindex/Pods.build/Release-iphoneos
    export COPYING_PRESERVES_HFS_DATA\=NO
    export COPY_HEADERS_RUN_UNIFDEF\=NO
    export COPY_PHASE_STRIP\=NO
    export CORRESPONDING_SIMULATOR_PLATFORM_DIR\=/Applications/Xcode_26.3.app/Contents/Developer/Platforms/iPhoneSimulator.platform
    export CORRESPONDING_SIMULATOR_PLATFORM_NAME\=iphonesimulator
    export CORRESPONDING_SIMULATOR_SDK_DIR\=/Applications/Xcode_26.3.app/Contents/Developer/Platforms/iPhoneSimulator.platform/Developer/SDKs/iPhoneSimulator26.2.sdk
    export CORRESPONDING_SIMULATOR_SDK_NAME\=iphonesimulator26.2
    export CP\=/bin/cp
    export CREATE_INFOPLIST_SECTION_IN_BINARY\=NO
    export CURRENT_ARCH\=undefined_arch
    export CURRENT_VARIANT\=normal
    export DEAD_CODE_STRIPPING\=YES
    export DEBUGGING_SYMBOLS\=YES
    export DEBUG_INFORMATION_FORMAT\=dwarf-with-dsym
    export DEBUG_INFORMATION_VERSION\=compiler-default
    export DEFAULT_COMPILER\=com.apple.compilers.llvm.clang.1_0
    export DEFAULT_DEXT_INSTALL_PATH\=/System/Library/DriverExtensions
    export DEFAULT_KEXT_INSTALL_PATH\=/System/Library/Extensions
    export DEFINES_MODULE\=NO
    export DEPLOYMENT_LOCATION\=NO
    export DEPLOYMENT_POSTPROCESSING\=NO
    export DEPLOYMENT_TARGET_SETTING_NAME\=IPHONEOS_DEPLOYMENT_TARGET
    export DEPLOYMENT_TARGET_SUGGESTED_VALUES\=12.0\ 12.1\ 12.2\ 12.3\ 12.4\ 13.0\ 13.1\ 13.2\ 13.3\ 13.4\ 13.5\ 13.6\ 14.0\ 14.1\ 14.2\ 14.3\ 14.4\ 14.5\ 14.6\ 14.7\ 15.0\ 15.1\ 15.2\ 15.3\ 15.4\ 15.5\ 15.6\ 16.0\ 16.1\ 16.2\ 16.3\ 16.4\ 16.5\ 16.6\ 17.0\ 17.1\ 17.2\ 17.3\ 17.4\ 17.5\ 17.6\ 18.0\ 18.1\ 18.2\ 18.3\ 18.4\ 18.5\ 18.6\ 26.0\ 26.1\ 26.2
    export DERIVED_FILES_DIR\=/Users/runner/work/App/App/build/Build/Intermediates.noindex/Pods.build/Release-iphoneos/ReactCodegen.build/DerivedSources
    export DERIVED_FILE_DIR\=/Users/runner/work/App/App/build/Build/Intermediates.noindex/Pods.build/Release-iphoneos/ReactCodegen.build/DerivedSources
    export DERIVED_SOURCES_DIR\=/Users/runner/work/App/App/build/Build/Intermediates.noindex/Pods.build/Release-iphoneos/ReactCodegen.build/DerivedSources
    export DERIVE_MACCATALYST_PRODUCT_BUNDLE_IDENTIFIER\=NO
    export DEVELOPER_APPLICATIONS_DIR\=/Applications/Xcode_26.3.app/Contents/Developer/Applications
    export DEVELOPER_BIN_DIR\=/Applications/Xcode_26.3.app/Contents/Developer/usr/bin
    export DEVELOPER_DIR\=/Applications/Xcode_26.3.app/Contents/Developer
    export DEVELOPER_FRAMEWORKS_DIR\=/Applications/Xcode_26.3.app/Contents/Developer/Library/Frameworks
    export DEVELOPER_FRAMEWORKS_DIR_QUOTED\=/Applications/Xcode_26.3.app/Contents/Developer/Library/Frameworks
    export DEVELOPER_LIBRARY_DIR\=/Applications/Xcode_26.3.app/Contents/Developer/Library
    export DEVELOPER_SDK_DIR\=/Applications/Xcode_26.3.app/Contents/Developer/Platforms/MacOSX.platform/Developer/SDKs
    export DEVELOPER_TOOLS_DIR\=/Applications/Xcode_26.3.app/Contents/Developer/Tools
    export DEVELOPER_USR_DIR\=/Applications/Xcode_26.3.app/Contents/Developer/usr
    export DEVELOPMENT_LANGUAGE\=en
    export DIAGNOSE_MISSING_TARGET_DEPENDENCIES\=YES
    export DIFF\=/usr/bin/diff
    export DONT_GENERATE_INFOPLIST_FILE\=NO
    export DSTROOT\=/tmp/Pods.dst
    export DT_TOOLCHAIN_DIR\=/Applications/Xcode_26.3.app/Contents/Developer/Toolchains/XcodeDefault.xctoolchain
    export DWARF_DSYM_FILE_NAME\=libReactCodegen.a.dSYM
    export DWARF_DSYM_FILE_SHOULD_ACCOMPANY_PRODUCT\=NO
    export DWARF_DSYM_FOLDER_PATH\=/Users/runner/work/App/App/build/Build/Products/Release-iphoneos/ReactCodegen
    export DYNAMIC_LIBRARY_EXTENSION\=dylib
    export EAGER_COMPILATION_ALLOW_SCRIPTS\=NO
    export EAGER_LINKING\=NO
    export EFFECTIVE_PLATFORM_NAME\=-iphoneos
    export EMBEDDED_CONTENT_CONTAINS_SWIFT\=NO
    export EMBEDDED_PROFILE_NAME\=embedded.mobileprovision
    export EMBED_ASSET_PACKS_IN_PRODUCT_BUNDLE\=NO
    export ENABLE_APP_SANDBOX\=NO
    export ENABLE_CODE_COVERAGE\=YES
    export ENABLE_CPLUSPLUS_BOUNDS_SAFE_BUFFERS\=NO
    export ENABLE_C_BOUNDS_SAFETY\=NO
    export ENABLE_DEBUG_DYLIB\=NO
    export ENABLE_DEFAULT_HEADER_SEARCH_PATHS\=YES
    export ENABLE_DEFAULT_SEARCH_PATHS\=YES
    export ENABLE_ENHANCED_SECURITY\=NO
    export ENABLE_HARDENED_RUNTIME\=NO
    export ENABLE_HEADER_DEPENDENCIES\=YES
    export ENABLE_INCOMING_NETWORK_CONNECTIONS\=NO
    export ENABLE_MODULE_VERIFIER\=NO
    export ENABLE_NS_ASSERTIONS\=NO
    export ENABLE_ON_DEMAND_RESOURCES\=NO
    export ENABLE_OUTGOING_NETWORK_CONNECTIONS\=NO
    export ENABLE_POINTER_AUTHENTICATION\=NO
    export ENABLE_PREVIEWS\=NO
    export ENABLE_RESOURCE_ACCESS_AUDIO_INPUT\=NO
    export ENABLE_RESOURCE_ACCESS_BLUETOOTH\=NO
    export ENABLE_RESOURCE_ACCESS_CALENDARS\=NO
    export ENABLE_RESOURCE_ACCESS_CAMERA\=NO
    export ENABLE_RESOURCE_ACCESS_CONTACTS\=NO
    export ENABLE_RESOURCE_ACCESS_LOCATION\=NO
    export ENABLE_RESOURCE_ACCESS_PHOTO_LIBRARY\=NO
    export ENABLE_RESOURCE_ACCESS_PRINTING\=NO
    export ENABLE_RESOURCE_ACCESS_USB\=NO
    export ENABLE_SDK_IMPORTS\=NO
    export ENABLE_SECURITY_COMPILER_WARNINGS\=NO
    export ENABLE_STRICT_OBJC_MSGSEND\=YES
    export ENABLE_TESTABILITY\=NO
    export ENABLE_TESTING_SEARCH_PATHS\=NO
    export ENABLE_USER_SCRIPT_SANDBOXING\=NO
    export ENABLE_XOJIT_PREVIEWS\=NO
    export ENFORCE_VALID_ARCHS\=YES
    export ENTITLEMENTS_DESTINATION\=Signature
    export ENTITLEMENTS_REQUIRED\=YES
    export EXCLUDED_INSTALLSRC_SUBDIRECTORY_PATTERNS\=.DS_Store\ .svn\ .git\ .hg\ CVS
    export EXCLUDED_RECURSIVE_SEARCH_PATH_SUBDIRECTORIES\=\*.nib\ \*.lproj\ \*.framework\ \*.gch\ \*.xcode\*\ \*.xcassets\ \*.icon\ \(\*\)\ .DS_Store\ CVS\ .svn\ .git\ .hg\ \*.pbproj\ \*.pbxproj
    export EXECUTABLE_EXTENSION\=a
    export EXECUTABLE_NAME\=libReactCodegen.a
    export EXECUTABLE_PATH\=libReactCodegen.a
    export EXECUTABLE_PREFIX\=lib
    export EXECUTABLE_SUFFIX\=.a
    export FILE_LIST\=/Users/runner/work/App/App/build/Build/Intermediates.noindex/Pods.build/Release-iphoneos/ReactCodegen.build/Objects/LinkFileList
    export FIXED_FILES_DIR\=/Users/runner/work/App/App/build/Build/Intermediates.noindex/Pods.build/Release-iphoneos/ReactCodegen.build/FixedFiles
    export FRAMEWORK_FLAG_PREFIX\=-framework
    export FRAMEWORK_SEARCH_PATHS\=/Users/runner/work/App/App/build/Build/Products/Release-iphoneos/ReactCodegen\ \ \"/Users/runner/work/App/App/ios/Pods/React-Core-prebuilt\"\ \"/Users/runner/work/App/App/ios/Pods/ReactNativeDependencies/framework/packages/react-native\"\ \"/Users/runner/work/App/App/ios/Pods/hermes-engine/destroot/Library/Frameworks/universal\"\ \"/Users/runner/work/App/App/build/Build/Products/Release-iphoneos/XCFrameworkIntermediates/React-Core-prebuilt\"\ \"/Users/runner/work/App/App/build/Build/Products/Release-iphoneos/XCFrameworkIntermediates/ReactNativeDependencies\"\ \"/Users/runner/work/App/App/build/Build/Products/Release-iphoneos/XCFrameworkIntermediates/hermes-engine/Pre-built\"
    export FRAMEWORK_VERSION\=A
    export FULL_PRODUCT_NAME\=libReactCodegen.a
    export FUSE_BUILD_PHASES\=YES
    export FUSE_BUILD_SCRIPT_PHASES\=NO
    export GCC3_VERSION\=3.3
    export GCC_C_LANGUAGE_STANDARD\=gnu11
    export GCC_NO_COMMON_BLOCKS\=YES
    export GCC_PFE_FILE_C_DIALECTS\=c\ objective-c\ c++\ objective-c++
    export GCC_PREFIX_HEADER\=Target\ Support\ Files/ReactCodegen/ReactCodegen-prefix.pch
    export GCC_PREPROCESSOR_DEFINITIONS\=POD_CONFIGURATION_RELEASE\=1\ \ COCOAPODS\=1
    export GCC_THUMB_SUPPORT\=YES
    export GCC_TREAT_WARNINGS_AS_ERRORS\=NO
    export GCC_VERSION\=com.apple.compilers.llvm.clang.1_0
    export GCC_VERSION_IDENTIFIER\=com_apple_compilers_llvm_clang_1_0
    export GCC_WARN_64_TO_32_BIT_CONVERSION\=YES
    export GCC_WARN_ABOUT_RETURN_TYPE\=YES_ERROR
    export GCC_WARN_UNDECLARED_SELECTOR\=YES
    export GCC_WARN_UNINITIALIZED_AUTOS\=YES_AGGRESSIVE
    export GCC_WARN_UNUSED_FUNCTION\=YES
    export GCC_WARN_UNUSED_VARIABLE\=YES
    export GENERATED_MODULEMAP_DIR\=/Users/runner/work/App/App/build/Build/Intermediates.noindex/GeneratedModuleMaps-iphoneos
    export GENERATE_INFOPLIST_FILE\=NO
    export GENERATE_INTERMEDIATE_TEXT_BASED_STUBS\=YES
    export GENERATE_PKGINFO_FILE\=NO
    export GENERATE_PRELINK_OBJECT_FILE\=NO
    export GENERATE_PROFILING_CODE\=NO
    export GENERATE_TEXT_BASED_STUBS\=NO
    export GID\=20
    export GROUP\=staff
    export HEADERMAP_INCLUDES_FLAT_ENTRIES_FOR_TARGET_BEING_BUILT\=YES
    export HEADERMAP_INCLUDES_FRAMEWORK_ENTRIES_FOR_ALL_PRODUCT_TYPES\=YES
    export HEADERMAP_INCLUDES_FRAMEWORK_ENTRIES_FOR_TARGETS_NOT_BEING_BUILT\=YES
    export HEADERMAP_INCLUDES_NONPUBLIC_NONPRIVATE_HEADERS\=YES
    export HEADERMAP_INCLUDES_PROJECT_HEADERS\=YES
    export HEADERMAP_USES_FRAMEWORK_PREFIX_ENTRIES\=YES
    export HEADERMAP_USES_VFS\=NO
    export HEADER_SEARCH_PATHS\=/Users/runner/work/App/App/build/Build/Products/Release-iphoneos/ReactCodegen/include\ \ \"/Users/runner/work/App/App/ios/Pods/Headers/Private\"\ \"/Users/runner/work/App/App/ios/Pods/Headers/Private/ReactCodegen\"\ \"/Users/runner/work/App/App/ios/Pods/Headers/Public\"\ \"/Users/runner/work/App/App/ios/Pods/Headers/Public/FBLazyVector\"\ \"/Users/runner/work/App/App/ios/Pods/Headers/Public/RCTRequired\"\ \"/Users/runner/work/App/App/ios/Pods/Headers/Public/RCTSwiftUIWrapper\"\ \"/Users/runner/work/App/App/ios/Pods/Headers/Public/RCTTypeSafety\"\ \"/Users/runner/work/App/App/ios/Pods/Headers/Public/React-Core\"\ \"/Users/runner/work/App/App/ios/Pods/Headers/Public/React-Core-prebuilt\"\ \"/Users/runner/work/App/App/ios/Pods/Headers/Public/React-CoreModules\"\ \"/Users/runner/work/App/App/ios/Pods/Headers/Public/React-Fabric\"\ \"/Users/runner/work/App/App/ios/Pods/Headers/Public/React-FabricComponents\"\ \"/Users/runner/work/App/App/ios/Pods/Headers/Public/React-FabricImage\"\ \"/Users/runner/work/App/App/ios/Pods/Headers/Public/React-ImageManager\"\ \"/Users/runner/work/App/App/ios/Pods/Headers/Public/React-Mapbuffer\"\ \"/Users/runner/work/App/App/ios/Pods/Headers/Public/React-NativeModulesApple\"\ \"/Users/runner/work/App/App/ios/Pods/Headers/Public/React-RCTAnimation\"\ \"/Users/runner/work/App/App/ios/Pods/Headers/Public/React-RCTBlob\"\ \"/Users/runner/work/App/App/ios/Pods/Headers/Public/React-RCTFBReactNativeSpec\"\ \"/Users/runner/work/App/App/ios/Pods/Headers/Public/React-RCTFabric\"\ \"/Users/runner/work/App/App/ios/Pods/Headers/Public/React-RCTImage\"\ \"/Users/runner/work/App/App/ios/Pods/Headers/Public/React-RCTRuntime\"\ \"/Users/runner/work/App/App/ios/Pods/Headers/Public/React-RCTText\"\ \"/Users/runner/work/App/App/ios/Pods/Headers/Public/React-RuntimeApple\"\ \"/Users/runner/work/App/App/ios/Pods/Headers/Public/React-RuntimeCore\"\ \"/Users/runner/work/App/App/ios/Pods/Headers/Public/React-RuntimeHermes\"\ \"/Users/runner/work/App/App/ios/Pods/Headers/Public/React-callinvoker\"\ \"/Users/runner/work/App/App/ios/Pods/Headers/Public/React-cxxreact\"\ \"/Users/runner/work/App/App/ios/Pods/Headers/Public/React-debug\"\ \"/Users/runner/work/App/App/ios/Pods/Headers/Public/React-defaultsnativemodule\"\ \"/Users/runner/work/App/App/ios/Pods/Headers/Public/React-domnativemodule\"\ \"/Users/runner/work/App/App/ios/Pods/Headers/Public/React-featureflags\"\ \"/Users/runner/work/App/App/ios/Pods/Headers/Public/React-featureflagsnativemodule\"\ \"/Users/runner/work/App/App/ios/Pods/Headers/Public/React-graphics\"\ \"/Users/runner/work/App/App/ios/Pods/Headers/Public/React-hermes\"\ \"/Users/runner/work/App/App/ios/Pods/Headers/Public/React-idlecallbacksnativemodule\"\ \"/Users/runner/work/App/App/ios/Pods/Headers/Public/React-intersectionobservernativemodule\"\ \"/Users/runner/work/App/App/ios/Pods/Headers/Public/React-jserrorhandler\"\ \"/Users/runner/work/App/App/ios/Pods/Headers/Public/React-jsi\"\ \"/Users/runner/work/App/App/ios/Pods/Headers/Public/React-jsiexecutor\"\ \"/Users/runner/work/App/App/ios/Pods/Headers/Public/React-jsinspector\"\ \"/Users/runner/work/App/App/ios/Pods/Headers/Public/React-jsinspectorcdp\"\ \"/Users/runner/work/App/App/ios/Pods/Headers/Public/React-jsinspectornetwork\"\ \"/Users/runner/work/App/App/ios/Pods/Headers/Public/React-jsinspectortracing\"\ \"/Users/runner/work/App/App/ios/Pods/Headers/Public/React-jsitooling\"\ \"/Users/runner/work/App/App/ios/Pods/Headers/Public/React-logger\"\ \"/Users/runner/work/App/App/ios/Pods/Headers/Public/React-microtasksnativemodule\"\ \"/Users/runner/work/App/App/ios/Pods/Headers/Public/React-mutationobservernativemodule\"\ \"/Users/runner/work/App/App/ios/Pods/Headers/Public/React-networking\"\ \"/Users/runner/work/App/App/ios/Pods/Headers/Public/React-oscompat\"\ \"/Users/runner/work/App/App/ios/Pods/Headers/Public/React-perflogger\"\ \"/Users/runner/work/App/App/ios/Pods/Headers/Public/React-performancecdpmetrics\"\ \"/Users/runner/work/App/App/ios/Pods/Headers/Public/React-performancetimeline\"\ \"/Users/runner/work/App/App/ios/Pods/Headers/Public/React-rendererconsistency\"\ \"/Users/runner/work/App/App/ios/Pods/Headers/Public/React-renderercss\"\ \"/Users/runner/work/App/App/ios/Pods/Headers/Public/React-rendererdebug\"\ \"/Users/runner/work/App/App/ios/Pods/Headers/Public/React-runtimeexecutor\"\ \"/Users/runner/work/App/App/ios/Pods/Headers/Public/React-runtimescheduler\"\ \"/Users/runner/work/App/App/ios/Pods/Headers/Public/React-timing\"\ \"/Users/runner/work/App/App/ios/Pods/Headers/Public/React-utils\"\ \"/Users/runner/work/App/App/ios/Pods/Headers/Public/React-viewtransitionnativemodule\"\ \"/Users/runner/work/App/App/ios/Pods/Headers/Public/React-webperformancenativemodule\"\ \"/Users/runner/work/App/App/ios/Pods/Headers/Public/ReactCodegen\"\ \"/Users/runner/work/App/App/ios/Pods/Headers/Public/ReactCommon\"\ \"/Users/runner/work/App/App/ios/Pods/Headers/Public/ReactNativeDependencies\"\ \"/Users/runner/work/App/App/ios/Pods/Headers/Public/Yoga\"\ \"/Users/runner/work/App/App/ios/Pods/Headers/Public/hermes-engine\"\ \"/Users/runner/work/App/App/ios/Pods/ReactNativeDependencies\"\ \"/Users/runner/work/App/App/ios/Pods/Headers/Public/ReactCodegen/react/renderer/components\"\ \"/Users/runner/work/App/App/ios/Pods/Headers/Private/React-Fabric\"\ \"/Users/runner/work/App/App/ios/Pods/Headers/Private/React-RCTFabric\"\ \"/Users/runner/work/App/App/ios/Pods/Headers/Private/Yoga\"\ \"/Users/runner/work/App/App/ios/Pods/../build/generated/ios/ReactCodegen\"\ \"/Users/runner/work/App/App/ios/Pods/ExpoModulesCore/ExpoModulesCore.xcframework/ios-arm64_x86_64-simulator/ExpoModulesCore.framework/Headers\"\ \"/Users/runner/work/App/App/ios/Pods/ExpoModulesCore/ExpoModulesCore.xcframework/ios-arm64/ExpoModulesCore.framework/Headers\"\ \"/Users/runner/work/App/App/ios/Pods/ExpoModulesCore/ExpoModulesCore.xcframework/ios-arm64_x86_64-simulator/ExpoModulesCore.framework/Headers\"\ \"/Users/runner/work/App/App/ios/Pods/ExpoModulesCore/ExpoModulesCore.xcframework/ios-arm64/ExpoModulesCore.framework/Headers\"
    export HOME\=/Users/runner
    export HOST_ARCH\=arm64
    export HOST_PLATFORM\=macosx
    export ICONV\=/usr/bin/iconv
    export IMPLICIT_DEPENDENCY_DOMAIN\=default
    export INFOPLIST_ENABLE_CFBUNDLEICONS_MERGE\=YES
    export INFOPLIST_EXPAND_BUILD_SETTINGS\=YES
    export INFOPLIST_OUTPUT_FORMAT\=binary
    export INFOPLIST_PREPROCESS\=NO
    export INLINE_PRIVATE_FRAMEWORKS\=NO
    export INSTALLAPI_IGNORE_SKIP_INSTALL\=YES
    export INSTALLHDRS_COPY_PHASE\=NO
    export INSTALLHDRS_SCRIPT_PHASE\=NO
    export INSTALL_DIR\=/tmp/Pods.dst/usr/local/lib
    export INSTALL_GROUP\=staff
    export INSTALL_MODE_FLAG\=u+w,go-w,a+rX
    export INSTALL_OWNER\=runner
    export INSTALL_PATH\=/usr/local/lib
    export INSTALL_ROOT\=/tmp/Pods.dst
    export IPHONEOS_DEPLOYMENT_TARGET\=15.1
    export IS_UNOPTIMIZED_BUILD\=NO
    export JAVAC_DEFAULT_FLAGS\=-J-Xms64m\ -J-XX:NewSize\=4M\ -J-Dfile.encoding\=UTF8
    export JAVA_APP_STUB\=/System/Library/Frameworks/JavaVM.framework/Resources/MacOS/JavaApplicationStub
    export JAVA_ARCHIVE_CLASSES\=YES
    export JAVA_ARCHIVE_TYPE\=JAR
    export JAVA_COMPILER\=/usr/bin/javac
    export JAVA_FRAMEWORK_RESOURCES_DIRS\=Resources
    export JAVA_JAR_FLAGS\=cv
    export JAVA_SOURCE_SUBDIR\=.
    export JAVA_USE_DEPENDENCIES\=YES
    export JAVA_ZIP_FLAGS\=-urg
    export JIKES_DEFAULT_FLAGS\=+E\ +OLDCSO
    export KASAN_CFLAGS_CLASSIC\=-DKASAN\=1\ -DKASAN_CLASSIC\=1\ -fsanitize\=address\ -mllvm\ -asan-globals-live-support\ -mllvm\ -asan-force-dynamic-shadow
    export KASAN_CFLAGS_TBI\=-DKASAN\=1\ -DKASAN_TBI\=1\ -fsanitize\=kernel-hwaddress\ -mllvm\ -hwasan-recover\=0\ -mllvm\ -hwasan-instrument-atomics\=0\ -mllvm\ -hwasan-instrument-stack\=1\ -mllvm\ -hwasan-generate-tags-with-calls\=1\ -mllvm\ -hwasan-instrument-with-calls\=1\ -mllvm\ -hwasan-use-short-granules\=0\ -mllvm\ -hwasan-memory-access-callback-prefix\=__asan_
    export KASAN_DEFAULT_CFLAGS\=-DKASAN\=1\ -DKASAN_CLASSIC\=1\ -fsanitize\=address\ -mllvm\ -asan-globals-live-support\ -mllvm\ -asan-force-dynamic-shadow
    export KEEP_PRIVATE_EXTERNS\=NO
    export LD_DEPENDENCY_INFO_FILE\=/Users/runner/work/App/App/build/Build/Intermediates.noindex/Pods.build/Release-iphoneos/ReactCodegen.build/Objects-normal/undefined_arch/ReactCodegen_dependency_info.dat
    export LD_EXPORT_SYMBOLS\=YES
    export LD_GENERATE_MAP_FILE\=NO
    export LD_MAP_FILE_PATH\=/Users/runner/work/App/App/build/Build/Intermediates.noindex/Pods.build/Release-iphoneos/ReactCodegen.build/ReactCodegen-LinkMap-normal-undefined_arch.txt
    export LD_NO_PIE\=NO
    export LD_QUOTE_LINKER_ARGUMENTS_FOR_COMPILER_DRIVER\=YES
    export LD_SHARED_CACHE_ELIGIBLE\=Automatic
    export LD_WARN_DUPLICATE_LIBRARIES\=NO
    export LD_WARN_UNUSED_DYLIBS\=NO
    export LEGACY_DEVELOPER_DIR\=/Applications/Xcode_26.3.app/Contents/PlugIns/Xcode3Core.ideplugin/Contents/SharedSupport/Developer
    export LEX\=lex
    export LIBRARY_DEXT_INSTALL_PATH\=/Library/DriverExtensions
    export LIBRARY_FLAG_NOSPACE\=YES
    export LIBRARY_FLAG_PREFIX\=-l
    export LIBRARY_KEXT_INSTALL_PATH\=/Library/Extensions
    export LIBRARY_SEARCH_PATHS\=/Users/runner/work/App/App/build/Build/Products/Release-iphoneos/ReactCodegen\ 
    export LINKER_DISPLAYS_MANGLED_NAMES\=NO
    export LINK_FILE_LIST_normal_arm64\=/Users/runner/work/App/App/build/Build/Intermediates.noindex/Pods.build/Release-iphoneos/ReactCodegen.build/Objects-normal/arm64/ReactCodegen.LinkFileList
    export LINK_OBJC_RUNTIME\=YES
    export LINK_WITH_STANDARD_LIBRARIES\=YES
    export LLVM_TARGET_TRIPLE_OS_VERSION\=ios15.1
    export LLVM_TARGET_TRIPLE_VENDOR\=apple
    export LM_AUX_CONST_METADATA_LIST_PATH_normal_arm64\=/Users/runner/work/App/App/build/Build/Intermediates.noindex/Pods.build/Release-iphoneos/ReactCodegen.build/Objects-normal/arm64/ReactCodegen.SwiftConstValuesFileList
    export LOCALIZATION_EXPORT_SUPPORTED\=YES
    export LOCALIZATION_PREFERS_STRING_CATALOGS\=NO
    export LOCALIZED_STRING_MACRO_NAMES\=NSLocalizedString\ CFCopyLocalizedString
    export LOCALIZED_STRING_SWIFTUI_SUPPORT\=YES
    export LOCAL_ADMIN_APPS_DIR\=/Applications/Utilities
    export LOCAL_APPS_DIR\=/Applications
    export LOCAL_DEVELOPER_DIR\=/Library/Developer
    export LOCAL_LIBRARY_DIR\=/Library
    export LOCROOT\=/Users/runner/work/App/App/ios/Pods
    export LOCSYMROOT\=/Users/runner/work/App/App/ios/Pods
    export MACH_O_TYPE\=staticlib
    export MAC_OS_X_PRODUCT_BUILD_VERSION\=24G830
    export MAC_OS_X_VERSION_ACTUAL\=150709
    export MAC_OS_X_VERSION_MAJOR\=150000
    export MAC_OS_X_VERSION_MINOR\=150700
    export MAKE_MERGEABLE\=NO
    export MERGEABLE_LIBRARY\=NO
    export MERGED_BINARY_TYPE\=none
    export MERGE_LINKED_LIBRARIES\=NO
    export METAL_LIBRARY_FILE_BASE\=default
    export METAL_LIBRARY_OUTPUT_DIR\=/Users/runner/work/App/App/build/Build/Products/Release-iphoneos/ReactCodegen/
    export MODULEMAP_FILE\=Headers/Public/ReactCodegen/ReactCodegen.modulemap
    export MODULE_CACHE_DIR\=/Users/runner/work/App/App/build/ModuleCache.noindex
    export MTL_ENABLE_DEBUG_INFO\=NO
    export MTL_FAST_MATH\=YES
    export NATIVE_ARCH\=arm64
    export NATIVE_ARCH_32_BIT\=arm
    export NATIVE_ARCH_64_BIT\=arm64
    export NATIVE_ARCH_ACTUAL\=arm64
    export NO_COMMON\=YES
    export OBJECT_FILE_DIR\=/Users/runner/work/App/App/build/Build/Intermediates.noindex/Pods.build/Release-iphoneos/ReactCodegen.build/Objects
    export OBJECT_FILE_DIR_normal\=/Users/runner/work/App/App/build/Build/Intermediates.noindex/Pods.build/Release-iphoneos/ReactCodegen.build/Objects-normal
    export OBJROOT\=/Users/runner/work/App/App/build/Build/Intermediates.noindex
    export ONLY_ACTIVE_ARCH\=NO
    export OS\=MACOS
    export OSAC\=/usr/bin/osacompile
    export OTHER_CFLAGS\=\ -DRCT_REMOVE_LEGACY_ARCH\=1\ -ivfsoverlay\ /Users/runner/work/App/App/ios/Pods/React-Core-prebuilt/React-VFS.yaml\ -DNDEBUG
    export OTHER_CPLUSPLUSFLAGS\=\ -DRCT_REMOVE_LEGACY_ARCH\=1\ -ivfsoverlay\ /Users/runner/work/App/App/ios/Pods/React-Core-prebuilt/React-VFS.yaml\ -DNDEBUG\ -DRCT_REMOVE_LEGACY_ARCH\=1\ -DFOLLY_MOBILE\=1\ -DFOLLY_USE_LIBCPP\=1\ -DFOLLY_CFG_NO_COROUTINES\=1\ -DFOLLY_HAVE_CLOCK_GETTIME\=1\ -Wno-comma\ -Wno-shorten-64-to-32\ -Wno-documentation\ -ivfsoverlay\ /Users/runner/work/App/App/ios/Pods/React-Core-prebuilt/React-VFS.yaml\ -DNDEBUG
    export OTHER_SWIFT_FLAGS\=\ -Xcc\ -ivfsoverlay\ -Xcc\ /Users/runner/work/App/App/ios/Pods/React-Core-prebuilt/React-VFS.yaml
    export PACKAGE_TYPE\=com.apple.package-type.static-library
    export PASCAL_STRINGS\=YES
    export PATH\=/Applications/Xcode_26.3.app/Contents/SharedFrameworks/SwiftBuild.framework/Versions/A/PlugIns/SWBBuildService.bundle/Contents/PlugIns/SWBUniversalPlatformPlugin.bundle/Contents/Frameworks/SWBUniversalPlatform.framework/Resources:/var/run/com.apple.security.cryptexd/mnt/com.apple.MobileAsset.MetalToolchain-v17.3.7003.10.HWIt4u/Metal.xctoolchain/usr/bin:/var/run/com.apple.security.cryptexd/mnt/com.apple.MobileAsset.MetalToolchain-v17.3.7003.10.HWIt4u/Metal.xctoolchain/usr/local/bin:/var/run/com.apple.security.cryptexd/mnt/com.apple.MobileAsset.MetalToolchain-v17.3.7003.10.HWIt4u/Metal.xctoolchain/usr/libexec:/Applications/Xcode_26.3.app/Contents/Developer/Toolchains/XcodeDefault.xctoolchain/usr/bin:/Applications/Xcode_26.3.app/Contents/Developer/Toolchains/XcodeDefault.xctoolchain/usr/local/bin:/Applications/Xcode_26.3.app/Contents/Developer/Toolchains/XcodeDefault.xctoolchain/usr/libexec:/Applications/Xcode_26.3.app/Contents/Developer/Platforms/iPhoneOS.platform/usr/bin:/Applications/Xcode_26.3.app/Contents/Developer/Platforms/iPhoneOS.platform/usr/local/bin:/Applications/Xcode_26.3.app/Contents/Developer/Platforms/iPhoneOS.platform/Developer/usr/bin:/Applications/Xcode_26.3.app/Contents/Developer/Platforms/iPhoneOS.platform/Developer/usr/local/bin:/Applications/Xcode_26.3.app/Contents/Developer/usr/bin:/Applications/Xcode_26.3.app/Contents/Developer/usr/local/bin:/Users/runner/hostedtoolcache/Ruby/3.3.12/arm64/bin:/Users/runner/hostedtoolcache/node/20.20.2/arm64/bin:/Users/runner/.local/bin:/opt/homebrew/bin:/opt/homebrew/sbin:/Users/runner/.cargo/bin:/usr/local/opt/curl/bin:/usr/local/bin:/usr/local/sbin:/Users/runner/bin:/Users/runner/.yarn/bin:/Users/runner/Library/Android/sdk/tools:/Users/runner/Library/Android/sdk/platform-tools:/Library/Frameworks/Python.framework/Versions/Current/bin:/Library/Frameworks/Mono.framework/Versions/Current/Commands:/usr/bin:/bin:/usr/sbin:/sbin:/Users/runner/.dotnet/tools
    export PATH_PREFIXES_EXCLUDED_FROM_HEADER_DEPENDENCIES\=/usr/include\ /usr/local/include\ /System/Library/Frameworks\ /System/Library/PrivateFrameworks\ /Applications/Xcode_26.3.app/Contents/Developer/Headers\ /Applications/Xcode_26.3.app/Contents/Developer/SDKs\ /Applications/Xcode_26.3.app/Contents/Developer/Platforms
    export PER_ARCH_MODULE_FILE_DIR\=/Users/runner/work/App/App/build/Build/Intermediates.noindex/Pods.build/Release-iphoneos/ReactCodegen.build/Objects-normal/undefined_arch
    export PER_ARCH_OBJECT_FILE_DIR\=/Users/runner/work/App/App/build/Build/Intermediates.noindex/Pods.build/Release-iphoneos/ReactCodegen.build/Objects-normal/undefined_arch
    export PER_VARIANT_OBJECT_FILE_DIR\=/Users/runner/work/App/App/build/Build/Intermediates.noindex/Pods.build/Release-iphoneos/ReactCodegen.build/Objects-normal
    export PKGINFO_FILE_PATH\=/Users/runner/work/App/App/build/Build/Intermediates.noindex/Pods.build/Release-iphoneos/ReactCodegen.build/PkgInfo
    export PLATFORM_DEVELOPER_APPLICATIONS_DIR\=/Applications/Xcode_26.3.app/Contents/Developer/Platforms/iPhoneOS.platform/Developer/Applications
    export PLATFORM_DEVELOPER_BIN_DIR\=/Applications/Xcode_26.3.app/Contents/Developer/Platforms/iPhoneOS.platform/Developer/usr/bin
    export PLATFORM_DEVELOPER_LIBRARY_DIR\=/Applications/Xcode_26.3.app/Contents/Developer/Platforms/iPhoneOS.platform/Developer/Library
    export PLATFORM_DEVELOPER_SDK_DIR\=/Applications/Xcode_26.3.app/Contents/Developer/Platforms/iPhoneOS.platform/Developer/SDKs
    export PLATFORM_DEVELOPER_TOOLS_DIR\=/Applications/Xcode_26.3.app/Contents/Developer/Platforms/iPhoneOS.platform/Developer/Tools
    export PLATFORM_DEVELOPER_USR_DIR\=/Applications/Xcode_26.3.app/Contents/Developer/Platforms/iPhoneOS.platform/Developer/usr
    export PLATFORM_DIR\=/Applications/Xcode_26.3.app/Contents/Developer/Platforms/iPhoneOS.platform
    export PLATFORM_DISPLAY_NAME\=iOS
    export PLATFORM_FAMILY_NAME\=iOS
    export PLATFORM_NAME\=iphoneos
    export PLATFORM_PREFERRED_ARCH\=arm64
    export PLATFORM_PRODUCT_BUILD_VERSION\=23C57
    export PLATFORM_REQUIRES_SWIFT_AUTOLINK_EXTRACT\=NO
    export PLATFORM_REQUIRES_SWIFT_MODULEWRAP\=NO
    export PLIST_FILE_OUTPUT_FORMAT\=binary
    export PODFILE_DIR\=/Users/runner/work/App/App/ios/Pods/..
    export PODS_BUILD_DIR\=/Users/runner/work/App/App/build/Build/Products
    export PODS_CONFIGURATION_BUILD_DIR\=/Users/runner/work/App/App/build/Build/Products/Release-iphoneos
    export PODS_DEVELOPMENT_LANGUAGE\=en
    export PODS_ROOT\=/Users/runner/work/App/App/ios/Pods
    export PODS_TARGET_SRCROOT\=/Users/runner/work/App/App/ios/Pods/../build/generated/ios/ReactCodegen
    export PODS_XCFRAMEWORKS_BUILD_DIR\=/Users/runner/work/App/App/build/Build/Products/Release-iphoneos/XCFrameworkIntermediates
    export PRECOMPS_INCLUDE_HEADERS_FROM_BUILT_PRODUCTS_DIR\=YES
    export PRECOMP_DESTINATION_DIR\=/Users/runner/work/App/App/build/Build/Intermediates.noindex/Pods.build/Release-iphoneos/ReactCodegen.build/PrefixHeaders
    export PROCESSED_INFOPLIST_PATH\=/Users/runner/work/App/App/build/Build/Intermediates.noindex/Pods.build/Release-iphoneos/ReactCodegen.build/Objects-normal/undefined_arch/Processed-Info.plist
    export PRODUCT_BUNDLE_IDENTIFIER\=org.cocoapods.ReactCodegen
    export PRODUCT_MODULE_NAME\=ReactCodegen
    export PRODUCT_NAME\=ReactCodegen
    export PRODUCT_SETTINGS_PATH\=
    export PRODUCT_TYPE\=com.apple.product-type.library.static
    export PROFILING_CODE\=NO
    export PROJECT\=Pods
    export PROJECT_DERIVED_FILE_DIR\=/Users/runner/work/App/App/build/Build/Intermediates.noindex/Pods.build/DerivedSources
    export PROJECT_DIR\=/Users/runner/work/App/App/ios/Pods
    export PROJECT_FILE_PATH\=/Users/runner/work/App/App/ios/Pods/Pods.xcodeproj
    export PROJECT_GUID\=8699adb1dd336b26511df848a716bd42
    export PROJECT_NAME\=Pods
    export PROJECT_TEMP_DIR\=/Users/runner/work/App/App/build/Build/Intermediates.noindex/Pods.build
    export PROJECT_TEMP_ROOT\=/Users/runner/work/App/App/build/Build/Intermediates.noindex
    export REACT_NATIVE_PATH\=/Users/runner/work/App/App/ios/Pods/../../node_modules/react-native
    export RECOMMENDED_IPHONEOS_DEPLOYMENT_TARGET\=15.0
    export RECURSIVE_SEARCH_PATHS_FOLLOW_SYMLINKS\=YES
    export REMOVE_CVS_FROM_RESOURCES\=YES
    export REMOVE_GIT_FROM_RESOURCES\=YES
    export REMOVE_HEADERS_FROM_EMBEDDED_BUNDLES\=YES
    export REMOVE_HG_FROM_RESOURCES\=YES
    export REMOVE_STATIC_EXECUTABLES_FROM_EMBEDDED_BUNDLES\=YES
    export REMOVE_SVN_FROM_RESOURCES\=YES
    export RESCHEDULE_INDEPENDENT_HEADERS_PHASES\=YES
    export REZ_COLLECTOR_DIR\=/Users/runner/work/App/App/build/Build/Intermediates.noindex/Pods.build/Release-iphoneos/ReactCodegen.build/ResourceManagerResources
    export REZ_EXECUTABLE\=YES
    export REZ_OBJECTS_DIR\=/Users/runner/work/App/App/build/Build/Intermediates.noindex/Pods.build/Release-iphoneos/ReactCodegen.build/ResourceManagerResources/Objects
    export REZ_SEARCH_PATHS\=/Users/runner/work/App/App/build/Build/Products/Release-iphoneos/ReactCodegen\ 
    export RUNTIME_EXCEPTION_ALLOW_DYLD_ENVIRONMENT_VARIABLES\=NO
    export RUNTIME_EXCEPTION_ALLOW_JIT\=NO
    export RUNTIME_EXCEPTION_ALLOW_UNSIGNED_EXECUTABLE_MEMORY\=NO
    export RUNTIME_EXCEPTION_DEBUGGING_TOOL\=NO
    export RUNTIME_EXCEPTION_DISABLE_EXECUTABLE_PAGE_PROTECTION\=NO
    export RUNTIME_EXCEPTION_DISABLE_LIBRARY_VALIDATION\=NO
    export SCAN_ALL_SOURCE_FILES_FOR_INCLUDES\=NO
    export SCRIPT_INPUT_FILE_COUNT\=0
    export SCRIPT_INPUT_FILE_LIST_COUNT\=0
    export SCRIPT_OUTPUT_FILE_0\=/Users/runner/work/App/App/build/Build/Intermediates.noindex/Pods.build/Release-iphoneos/ReactCodegen.build/DerivedSources/react-codegen.log
    export SCRIPT_OUTPUT_FILE_COUNT\=1
    export SCRIPT_OUTPUT_FILE_LIST_COUNT\=0
    export SDKROOT\=/Applications/Xcode_26.3.app/Contents/Developer/Platforms/iPhoneOS.platform/Developer/SDKs/iPhoneOS26.2.sdk
    export SDK_DIR\=/Applications/Xcode_26.3.app/Contents/Developer/Platforms/iPhoneOS.platform/Developer/SDKs/iPhoneOS26.2.sdk
    export SDK_DIR_iphoneos\=/Applications/Xcode_26.3.app/Contents/Developer/Platforms/iPhoneOS.platform/Developer/SDKs/iPhoneOS26.2.sdk
    export SDK_DIR_iphoneos26_2\=/Applications/Xcode_26.3.app/Contents/Developer/Platforms/iPhoneOS.platform/Developer/SDKs/iPhoneOS26.2.sdk
    export SDK_NAME\=iphoneos26.2
    export SDK_NAMES\=iphoneos26.2
    export SDK_PRODUCT_BUILD_VERSION\=23C57
    export SDK_STAT_CACHE_DIR\=/Users/runner/work/App/App/build
    export SDK_STAT_CACHE_ENABLE\=YES
    export SDK_STAT_CACHE_PATH\=/Users/runner/work/App/App/build/SDKStatCaches.noindex/iphoneos26.2-23C57-dc75598d0054f22ec865fa860f139d722dd23b4ebda140f7210d155ff1243552.sdkstatcache
    export SDK_VERSION\=26.2
    export SDK_VERSION_ACTUAL\=260200
    export SDK_VERSION_MAJOR\=260000
    export SDK_VERSION_MINOR\=260200
    export SED\=/usr/bin/sed
    export SEPARATE_STRIP\=NO
    export SEPARATE_SYMBOL_EDIT\=NO
    export SET_DIR_MODE_OWNER_GROUP\=YES
    export SET_FILE_MODE_OWNER_GROUP\=NO
    export SHALLOW_BUNDLE\=NO
    export SHARED_DERIVED_FILE_DIR\=/Users/runner/work/App/App/build/Build/Products/Release-iphoneos/ReactCodegen/DerivedSources
    export SHARED_PRECOMPS_DIR\=/Users/runner/work/App/App/build/Build/Intermediates.noindex/PrecompiledHeaders
    export SKIP_INSTALL\=YES
    export SOURCE_ROOT\=/Users/runner/work/App/App/ios/Pods
    export SRCROOT\=/Users/runner/work/App/App/ios/Pods
    export STRINGSDATA_DIR\=/Users/runner/work/App/App/build/Build/Intermediates.noindex/Pods.build/Release-iphoneos/ReactCodegen.build/Objects-normal/undefined_arch
    export STRINGSDATA_ROOT\=/Users/runner/work/App/App/build/Build/Intermediates.noindex/Pods.build/Release-iphoneos/ReactCodegen.build
    export STRINGS_FILE_INFOPLIST_RENAME\=YES
    export STRINGS_FILE_OUTPUT_ENCODING\=binary
    export STRING_CATALOG_GENERATE_SYMBOLS\=NO
    export STRIP_BITCODE_FROM_COPIED_FILES\=YES
    export STRIP_INSTALLED_PRODUCT\=NO
    export STRIP_STYLE\=debugging
    export STRIP_SWIFT_SYMBOLS\=YES
    export SUPPORTED_DEVICE_FAMILIES\=1,2
    export SUPPORTED_PLATFORMS\=iphoneos\ iphonesimulator
    export SUPPORTS_MACCATALYST\=YES
    export SUPPORTS_MAC_DESIGNED_FOR_IPHONE_IPAD\=YES
    export SUPPORTS_TEXT_BASED_API\=NO
    export SUPPORTS_XR_DESIGNED_FOR_IPHONE_IPAD\=YES
    export SUPPRESS_WARNINGS\=NO
    export SWIFT_ACTIVE_COMPILATION_CONDITIONS\=\ 
    export SWIFT_COMPILATION_MODE\=wholemodule
    export SWIFT_EMIT_CONST_VALUE_PROTOCOLS\=AppIntent\ EntityQuery\ AppEntity\ TransientEntity\ AppEnum\ AppShortcutProviding\ AppShortcutsProvider\ AnyResolverProviding\ AppIntentsPackage\ DynamicOptionsProvider\ _IntentValueRepresentable\ _AssistantIntentsProvider\ _GenerativeFunctionExtractable\ IntentValueQuery\ Resolver\ AppExtension\ ExtensionPointDefining
    export SWIFT_EMIT_LOC_STRINGS\=NO
    export SWIFT_EMIT_MODULE_INTERFACE\=NO
    export SWIFT_ENABLE_EXPLICIT_MODULES\=NO
    export SWIFT_INSTALL_OBJC_HEADER\=YES
    export SWIFT_OPTIMIZATION_LEVEL\=-O
    export SWIFT_PLATFORM_TARGET_PREFIX\=ios
    export SWIFT_RESPONSE_FILE_PATH_normal_arm64\=/Users/runner/work/App/App/build/Build/Intermediates.noindex/Pods.build/Release-iphoneos/ReactCodegen.build/Objects-normal/arm64/ReactCodegen.SwiftFileList
    export SWIFT_VERSION\=5.0
    export SYMROOT\=/Users/runner/work/App/App/build/Build/Products
    export SYSTEM_ADMIN_APPS_DIR\=/Applications/Utilities
    export SYSTEM_APPS_DIR\=/Applications
    export SYSTEM_CORE_SERVICES_DIR\=/System/Library/CoreServices
    export SYSTEM_DEMOS_DIR\=/Applications/Extras
    export SYSTEM_DEVELOPER_APPS_DIR\=/Applications/Xcode_26.3.app/Contents/Developer/Applications
    export SYSTEM_DEVELOPER_BIN_DIR\=/Applications/Xcode_26.3.app/Contents/Developer/usr/bin
    export SYSTEM_DEVELOPER_DEMOS_DIR\=/Applications/Xcode_26.3.app/Contents/Developer/Applications/Utilities/Built\ Examples
    export SYSTEM_DEVELOPER_DIR\=/Applications/Xcode_26.3.app/Contents/Developer
    export SYSTEM_DEVELOPER_DOC_DIR\=/Applications/Xcode_26.3.app/Contents/Developer/ADC\ Reference\ Library
    export SYSTEM_DEVELOPER_GRAPHICS_TOOLS_DIR\=/Applications/Xcode_26.3.app/Contents/Developer/Applications/Graphics\ Tools
    export SYSTEM_DEVELOPER_JAVA_TOOLS_DIR\=/Applications/Xcode_26.3.app/Contents/Developer/Applications/Java\ Tools
    export SYSTEM_DEVELOPER_PERFORMANCE_TOOLS_DIR\=/Applications/Xcode_26.3.app/Contents/Developer/Applications/Performance\ Tools
    export SYSTEM_DEVELOPER_RELEASENOTES_DIR\=/Applications/Xcode_26.3.app/Contents/Developer/ADC\ Reference\ Library/releasenotes
    export SYSTEM_DEVELOPER_TOOLS\=/Applications/Xcode_26.3.app/Contents/Developer/Tools
    export SYSTEM_DEVELOPER_TOOLS_DOC_DIR\=/Applications/Xcode_26.3.app/Contents/Developer/ADC\ Reference\ Library/documentation/DeveloperTools
    export SYSTEM_DEVELOPER_TOOLS_RELEASENOTES_DIR\=/Applications/Xcode_26.3.app/Contents/Developer/ADC\ Reference\ Library/releasenotes/DeveloperTools
    export SYSTEM_DEVELOPER_USR_DIR\=/Applications/Xcode_26.3.app/Contents/Developer/usr
    export SYSTEM_DEVELOPER_UTILITIES_DIR\=/Applications/Xcode_26.3.app/Contents/Developer/Applications/Utilities
    export SYSTEM_DEXT_INSTALL_PATH\=/System/Library/DriverExtensions
    export SYSTEM_DOCUMENTATION_DIR\=/Library/Documentation
    export SYSTEM_KEXT_INSTALL_PATH\=/System/Library/Extensions
    export SYSTEM_LIBRARY_DIR\=/System/Library
    export TAPI_DEMANGLE\=YES
    export TAPI_ENABLE_PROJECT_HEADERS\=NO
    export TAPI_LANGUAGE\=objective-c
    export TAPI_LANGUAGE_STANDARD\=compiler-default
    export TAPI_USE_SRCROOT\=YES
    export TAPI_VERIFY_MODE\=Pedantic
    export TARGETED_DEVICE_FAMILY\=1,2
    export TARGETNAME\=ReactCodegen
    export TARGET_BUILD_DIR\=/Users/runner/work/App/App/build/Build/Products/Release-iphoneos/ReactCodegen
    export TARGET_NAME\=ReactCodegen
    export TARGET_TEMP_DIR\=/Users/runner/work/App/App/build/Build/Intermediates.noindex/Pods.build/Release-iphoneos/ReactCodegen.build
    export TEMP_DIR\=/Users/runner/work/App/App/build/Build/Intermediates.noindex/Pods.build/Release-iphoneos/ReactCodegen.build
    export TEMP_FILES_DIR\=/Users/runner/work/App/App/build/Build/Intermediates.noindex/Pods.build/Release-iphoneos/ReactCodegen.build
    export TEMP_FILE_DIR\=/Users/runner/work/App/App/build/Build/Intermediates.noindex/Pods.build/Release-iphoneos/ReactCodegen.build
    export TEMP_ROOT\=/Users/runner/work/App/App/build/Build/Intermediates.noindex
    export TEMP_SANDBOX_DIR\=/Users/runner/work/App/App/build/Build/Intermediates.noindex/TemporaryTaskSandboxes
    export TEST_FRAMEWORK_SEARCH_PATHS\=\ /Applications/Xcode_26.3.app/Contents/Developer/Platforms/iPhoneOS.platform/Developer/Library/Frameworks\ /Applications/Xcode_26.3.app/Contents/Developer/Platforms/iPhoneOS.platform/Developer/SDKs/iPhoneOS26.2.sdk/Developer/Library/Frameworks
    export TEST_LIBRARY_SEARCH_PATHS\=\ /Applications/Xcode_26.3.app/Contents/Developer/Platforms/iPhoneOS.platform/Developer/usr/lib
    export TOOLCHAINS\=com.apple.dt.toolchain.Metal.32023.864\ com.apple.dt.toolchain.XcodeDefault
    export TOOLCHAIN_DIR\=/var/run/com.apple.security.cryptexd/mnt/com.apple.MobileAsset.MetalToolchain-v17.3.7003.10.HWIt4u/Metal.xctoolchain
    export TOOLCHAIN_VERSION\=32023.864
    export TREAT_MISSING_BASELINES_AS_TEST_FAILURES\=NO
    export TREAT_MISSING_SCRIPT_PHASE_OUTPUTS_AS_ERRORS\=NO
    export UID\=501
    export UNINSTALLED_PRODUCTS_DIR\=/Users/runner/work/App/App/build/Build/Intermediates.noindex/UninstalledProducts
    export UNSTRIPPED_PRODUCT\=NO
    export USER\=runner
    export USER_APPS_DIR\=/Users/runner/Applications
    export USER_LIBRARY_DIR\=/Users/runner/Library
    export USE_DYNAMIC_NO_PIC\=YES
    export USE_HEADERMAP\=YES
    export USE_HEADER_SYMLINKS\=NO
    export USE_HERMES\=true
    export USE_RECURSIVE_SCRIPT_INPUTS_IN_SCRIPT_PHASES\=YES
    export VALIDATE_DEVELOPMENT_ASSET_PATHS\=YES_ERROR
    export VALIDATE_PRODUCT\=YES
    export VALID_ARCHS\=arm64\ arm64e\ armv7\ armv7s
    export VERBOSE_PBXCP\=NO
    export VERSION_INFO_BUILDER\=runner
    export VERSION_INFO_FILE\=ReactCodegen_vers.c
    export VERSION_INFO_STRING\=\"@\(\#\)PROGRAM:ReactCodegen\ \ PROJECT:Pods-\"
    export WORKSPACE_DIR\=/Users/runner/work/App/App/ios
    export WRAP_ASSET_PACKS_IN_SEPARATE_DIRECTORIES\=NO
    export XCODE_APP_SUPPORT_DIR\=/Applications/Xcode_26.3.app/Contents/Developer/Library/Xcode
    export XCODE_PRODUCT_BUILD_VERSION\=17C529
    export XCODE_VERSION_ACTUAL\=2630
    export XCODE_VERSION_MAJOR\=2600
    export XCODE_VERSION_MINOR\=2630
    export XPCSERVICES_FOLDER_PATH\=/XPCServices
    export YACC\=yacc
    export _DISCOVER_COMMAND_LINE_LINKER_INPUTS\=YES
    export _DISCOVER_COMMAND_LINE_LINKER_INPUTS_INCLUDE_WL\=YES
    export _LD_MULTIARCH\=YES
    export __DIAGNOSE_DEPRECATED_ARCHS\=YES
    export arch\=undefined_arch
    export variant\=normal
    /bin/sh -c /Users/runner/work/App/App/build/Build/Intermediates.noindex/Pods.build/Release-iphoneos/ReactCodegen.build/Script-46EB2E00016080.sh
Node found at: /Users/runner/hostedtoolcache/node/20.20.2/arm64/bin/node
[36m[1m[Codegen][0m Analyzing /Users/runner/work/App/App/package.json[0m
[36m[1m[Codegen][0m [33mSearching for codegen-enabled libraries in the app.[0m
[36m[1m[Codegen][0m [33mThe "codegenConfig" field is not defined in package.json. Assuming there is nothing to generate at the app level.[0m
[36m[1m[Codegen][0m [33mSearching for codegen-enabled libraries in react-native.config.js[0m
[36m[1m[Codegen][0m Found @react-native-async-storage/async-storage[0m
[36m[1m[Codegen][0m Found react-native-safe-area-context[0m
[36m[1m[Codegen][0m Found react-native-webview[0m
[36m[1m[Codegen][0m Processing rnasyncstorage[0m
[36m[1m[Codegen][0m [33mSearching for podspec in the project dependencies.[0m
[36m[1m[Codegen][0m Supported Apple platforms: ios, macos, tvos, visionos for rnasyncstorage[0m
[36m[1m[Codegen][0m Processing safeareacontext[0m
[36m[1m[Codegen][0m [33mSearching for podspec in the project dependencies.[0m
[36m[1m[Codegen][0m Supported Apple platforms: ios, macos, tvos, visionos for safeareacontext[0m
[36m[1m[Codegen][0m Processing RNCWebViewSpec[0m
[36m[1m[Codegen][0m [33mSearching for podspec in the project dependencies.[0m
[36m[1m[Codegen][0m Supported Apple platforms: ios, macos, visionos for RNCWebViewSpec[0m
[36m[1m[Codegen][0m Generating Native Code for rnasyncstorage - ios[0m
[36m[1m[Codegen][0m Generated artifacts: /Users/runner/work/App/App/ios/build/generated/ios/ReactCodegen[0m
[36m[1m[Codegen][0m Generating Native Code for safeareacontext - ios[0m
[36m[1m[Codegen][0m Generated artifacts: /Users/runner/work/App/App/ios/build/generated/ios/ReactCodegen[0m
[36m[1m[Codegen][0m Generating Native Code for RNCWebViewSpec - ios[0m
[36m[1m[Codegen][0m Generated artifacts: /Users/runner/work/App/App/ios/build/generated/ios/ReactCodegen[0m
[36m[1m[Codegen][0m Generating RCTThirdPartyComponentsProvider.h[0m
[36m[1m[Codegen][0m Generated artifact: /Users/runner/work/App/App/ios/build/generated/ios/ReactCodegen/RCTThirdPartyComponentsProvider.h[0m
[36m[1m[Codegen][0m Generating RCTThirdPartyComponentsProvider.mm[0m
[36m[1m[Codegen][0m Generated artifact: /Users/runner/work/App/App/ios/build/generated/ios/ReactCodegen/RCTThirdPartyComponentsProvider.mm[0m
[36m[1m[Codegen][0m Generating RCTModulesProvider.h[0m
[36m[1m[Codegen][0m Generated artifact: /Users/runner/work/App/App/ios/build/generated/ios/ReactCodegen/RCTModuleProviders.h[0m
[36m[1m[Codegen][0m Generating RCTModuleProviders.mm[0m
[36m[1m[Codegen][0m Generated artifact: /Users/runner/work/App/App/ios/build/generated/ios/ReactCodegen/RCTModuleProviders.mm[0m
[36m[1m[Codegen][0m Generating RCTAppDependencyProvider[0m
[36m[1m[Codegen][0m Generated artifact: /Users/runner/work/App/App/ios/build/generated/ios/ReactAppDependencyProvider/RCTAppDependencyProvider.h[0m
[36m[1m[Codegen][0m Generated artifact: /Users/runner/work/App/App/ios/build/generated/ios/ReactAppDependencyProvider/RCTAppDependencyProvider.mm[0m
[36m[1m[Codegen][0m Generated podspec: /Users/runner/work/App/App/ios/build/generated/ios/ReactAppDependencyProvider/ReactAppDependencyProvider.podspec[0m
[36m[1m[Codegen][0m Generated podspec: /Users/runner/work/App/App/ios/build/generated/ios/ReactCodegen/ReactCodegen.podspec[0m
[36m[1m[Codegen][0m Generating Package.swift[0m
[36m[1m[Codegen][0m Generated artifact: /Users/runner/work/App/App/ios/build/generated/ios/Package.swift[0m
[36m[1m[Codegen][0m [33mDone.[0m

SwiftCompile normal arm64 Compiling\ ExpoLogBoxController.swift,\ ExpoLogBoxWebViewWrapper.swift /Users/runner/work/App/App/node_modules/expo/node_modules/@expo/log-box/ios/ExpoLogBoxController.swift /Users/runner/work/App/App/node_modules/expo/node_modules/@expo/log-box/ios/ExpoLogBoxWebViewWrapper.swift (in target 'ExpoLogBox' from project 'Pods')

CompileSwift normal arm64 (in target 'ExpoLogBox' from project 'Pods')
    cd /Users/runner/work/App/App/ios/Pods
    

SwiftDriver\ Compilation ExpoLogBox normal arm64 com.apple.xcode.tools.swift.compiler (in target 'ExpoLogBox' from project 'Pods')
    cd /Users/runner/work/App/App/ios/Pods
    builtin-Swift-Compilation -- /Applications/Xcode_26.3.app/Contents/Developer/Toolchains/XcodeDefault.xctoolchain/usr/bin/swiftc -module-name ExpoLogBox -O -whole-module-optimization -enforce-exclusivity\=checked @/Users/runner/work/App/App/build/Build/Intermediates.noindex/Pods.build/Release-iphoneos/ExpoLogBox.build/Objects-normal/arm64/ExpoLogBox.SwiftFileList -D COCOAPODS -import-underlying-module -Xcc -fmodule-map-file\=/Users/runner/work/App/App/ios/Pods/Headers/Public/ExpoLogBox/ExpoLogBox.modulemap -Xcc -ivfsoverlay -Xcc /Users/runner/work/App/App/ios/Pods/React-Core-prebuilt/React-VFS.yaml -Xcc -Wno-incomplete-umbrella -enable-bare-slash-regex -enable-experimental-feature DebugDescriptionMacro -sdk /Applications/Xcode_26.3.app/Contents/Developer/Platforms/iPhoneOS.platform/Developer/SDKs/iPhoneOS26.2.sdk -target arm64-apple-ios16.4 -g -module-cache-path /Users/runner/work/App/App/build/ModuleCache.noindex -Xfrontend -serialize-debugging-options -swift-version 5 -I /Users/runner/work/App/App/build/Build/Products/Release-iphoneos/ExpoLogBox -F /Users/runner/work/App/App/build/Build/Products/Release-iphoneos/ExpoLogBox -F /Users/runner/work/App/App/ios/Pods/React-Core-prebuilt -F /Users/runner/work/App/App/ios/Pods/ReactNativeDependencies/framework/packages/react-native -F /Users/runner/work/App/App/ios/Pods/hermes-engine/destroot/Library/Frameworks/universal -F /Users/runner/work/App/App/build/Build/Products/Release-iphoneos/XCFrameworkIntermediates/React-Core-prebuilt -F /Users/runner/work/App/App/build/Build/Products/Release-iphoneos/XCFrameworkIntermediates/ReactNativeDependencies -F /Users/runner/work/App/App/build/Build/Products/Release-iphoneos/XCFrameworkIntermediates/hermes-engine/Pre-built -c -num-threads 3 -Xcc -ivfsstatcache -Xcc /Users/runner/work/App/App/build/SDKStatCaches.noindex/iphoneos26.2-23C57-dc75598d0054f22ec865fa860f139d722dd23b4ebda140f7210d155ff1243552.sdkstatcache -output-file-map /Users/runner/work/App/App/build/Build/Intermediates.noindex/Pods.build/Release-iphoneos/ExpoLogBox.build/Objects-normal/arm64/ExpoLogBox-OutputFileMap.json -use-frontend-parseable-output -save-temps -no-color-diagnostics -serialize-diagnostics -emit-dependencies -emit-module -emit-module-path /Users/runner/work/App/App/build/Build/Intermediates.noindex/Pods.build/Release-iphoneos/ExpoLogBox.build/Objects-normal/arm64/ExpoLogBox.swiftmodule -validate-clang-modules-once -clang-build-session-file /Users/runner/work/App/App/build/ModuleCache.noindex/Session.modulevalidation -Xcc -I/Users/runner/work/App/App/build/Build/Intermediates.noindex/Pods.build/Release-iphoneos/ExpoLogBox.build/swift-overrides.hmap -emit-const-values -Xfrontend -const-gather-protocols-file -Xfrontend /Users/runner/work/App/App/build/Build/Intermediates.noindex/Pods.build/Release-iphoneos/ExpoLogBox.build/Objects-normal/arm64/ExpoLogBox_const_extract_protocols.json -Xcc -iquote -Xcc /Users/runner/work/App/App/build/Build/Intermediates.noindex/Pods.build/Release-iphoneos/ExpoLogBox.build/ExpoLogBox-generated-files.hmap -Xcc -I/Users/runner/work/App/App/build/Build/Intermediates.noindex/Pods.build/Release-iphoneos/ExpoLogBox.build/ExpoLogBox-own-target-headers.hmap -Xcc -I/Users/runner/work/App/App/build/Build/Intermediates.noindex/Pods.build/Release-iphoneos/ExpoLogBox.build/ExpoLogBox-all-non-framework-target-headers.hmap -Xcc -ivfsoverlay -Xcc /Users/runner/work/App/App/build/Build/Intermediates.noindex/Pods.build/Release-iphoneos/Pods-8699adb1dd336b26511df848a716bd42-VFS-iphoneos/all-product-headers.yaml -Xcc -iquote -Xcc /Users/runner/work/App/App/build/Build/Intermediates.noindex/Pods.build/Release-iphoneos/ExpoLogBox.build/ExpoLogBox-project-headers.hmap -Xcc -I/Users/runner/work/App/App/build/Build/Products/Release-iphoneos/ExpoLogBox/include -Xcc -I/Users/runner/work/App/App/ios/Pods/Headers/Public -Xcc -I/Users/runner/work/App/App/ios/Pods/Headers/Public/React-Core -Xcc -I/Users/runner/work/App/App/ios/Pods/Headers/Public/React-Core-prebuilt -Xcc -I/Users/runner/work/App/App/ios/Pods/Headers/Public/React-callinvoker -Xcc -I/Users/runner/work/App/App/ios/Pods/Headers/Public/React-cxxreact -Xcc -I/Users/runner/work/App/App/ios/Pods/Headers/Public/React-debug -Xcc -I/Users/runner/work/App/App/ios/Pods/Headers/Public/React-featureflags -Xcc -I/Users/runner/work/App/App/ios/Pods/Headers/Public/React-hermes -Xcc -I/Users/runner/work/App/App/ios/Pods/Headers/Public/React-jserrorhandler -Xcc -I/Users/runner/work/App/App/ios/Pods/Headers/Public/React-jsi -Xcc -I/Users/runner/work/App/App/ios/Pods/Headers/Public/React-jsiexecutor -Xcc -I/Users/runner/work/App/App/ios/Pods/Headers/Public/React-jsinspector -Xcc -I/Users/runner/work/App/App/ios/Pods/Headers/Public/React-jsinspectorcdp -Xcc -I/Users/runner/work/App/App/ios/Pods/Headers/Public/React-jsinspectornetwork -Xcc -I/Users/runner/work/App/App/ios/Pods/Headers/Public/React-jsinspectortracing -Xcc -I/Users/runner/work/App/App/ios/Pods/Headers/Public/React-jsitooling -Xcc -I/Users/runner/work/App/App/ios/Pods/Headers/Public/React-logger -Xcc -I/Users/runner/work/App/App/ios/Pods/Headers/Public/React-oscompat -Xcc -I/Users/runner/work/App/App/ios/Pods/Headers/Public/React-perflogger -Xcc -I/Users/runner/work/App/App/ios/Pods/Headers/Public/React-performancetimeline -Xcc -I/Users/runner/work/App/App/ios/Pods/Headers/Public/React-rendererconsistency -Xcc -I/Users/runner/work/App/App/ios/Pods/Headers/Public/React-rendererdebug -Xcc -I/Users/runner/work/App/App/ios/Pods/Headers/Public/React-runtimeexecutor -Xcc -I/Users/runner/work/App/App/ios/Pods/Headers/Public/React-runtimescheduler -Xcc -I/Users/runner/work/App/App/ios/Pods/Headers/Public/React-timing -Xcc -I/Users/runner/work/App/App/ios/Pods/Headers/Public/React-utils -Xcc -I/Users/runner/work/App/App/ios/Pods/Headers/Public/ReactCommon -Xcc -I/Users/runner/work/App/App/ios/Pods/Headers/Public/ReactNativeDependencies -Xcc -I/Users/runner/work/App/App/ios/Pods/Headers/Public/Yoga -Xcc -I/Users/runner/work/App/App/ios/Pods/Headers/Public/hermes-engine -Xcc -I/Users/runner/work/App/App/ios/Pods/ExpoModulesCore/ExpoModulesCore.xcframework/ios-arm64_x86_64-simulator/ExpoModulesCore.framework/Headers -Xcc -I/Users/runner/work/App/App/ios/Pods/ExpoModulesCore/ExpoModulesCore.xcframework/ios-arm64/ExpoModulesCore.framework/Headers -Xcc -I/Users/runner/work/App/App/ios/Pods/ExpoModulesCore/ExpoModulesCore.xcframework/ios-arm64_x86_64-simulator/ExpoModulesCore.framework/Headers -Xcc -I/Users/runner/work/App/App/ios/Pods/ExpoModulesCore/ExpoModulesCore.xcframework/ios-arm64/ExpoModulesCore.framework/Headers -Xcc -I/Users/runner/work/App/App/build/Build/Intermediates.noindex/Pods.build/Release-iphoneos/ExpoLogBox.build/DerivedSources-normal/arm64 -Xcc -I/Users/runner/work/App/App/build/Build/Intermediates.noindex/Pods.build/Release-iphoneos/ExpoLogBox.build/DerivedSources/arm64 -Xcc -I/Users/runner/work/App/App/build/Build/Intermediates.noindex/Pods.build/Release-iphoneos/ExpoLogBox.build/DerivedSources -Xcc -DPOD_CONFIGURATION_RELEASE\=1 -Xcc -DCOCOAPODS\=1 -emit-objc-header -emit-objc-header-path /Users/runner/work/App/App/build/Build/Intermediates.noindex/Pods.build/Release-iphoneos/ExpoLogBox.build/Objects-normal/arm64/ExpoLogBox-Swift.h -working-directory /Users/runner/work/App/App/ios/Pods -no-emit-module-separately-wmo

PhaseScriptExecution [Expo]\ Remove\ duplicate\ codegen\ output /Users/runner/work/App/App/build/Build/Intermediates.noindex/Pods.build/Release-iphoneos/ReactCodegen.build/Script-46EB2E0001CBD0.sh (in target 'ReactCodegen' from project 'Pods')
    cd /Users/runner/work/App/App/ios/Pods
    export ACTION\=build
    export AD_HOC_CODE_SIGNING_ALLOWED\=NO
    export ALLOW_BUILD_REQUEST_OVERRIDES\=NO
    export ALLOW_TARGET_PLATFORM_SPECIALIZATION\=NO
    export ALTERNATE_GROUP\=staff
    export ALTERNATE_MODE\=u+w,go-w,a+rX
    export ALTERNATE_OWNER\=runner
    export ALTERNATIVE_DISTRIBUTION_WEB\=NO
    export ALWAYS_EMBED_SWIFT_STANDARD_LIBRARIES\=NO
    export ALWAYS_SEARCH_USER_PATHS\=NO
    export ALWAYS_USE_SEPARATE_HEADERMAPS\=NO
    export ANDROID_DEPLOYMENT_TARGET\=21.0
    export APPLICATION_EXTENSION_API_ONLY\=NO
    export APPLY_RULES_IN_COPY_FILES\=NO
    export APPLY_RULES_IN_COPY_HEADERS\=NO
    export APP_SHORTCUTS_ENABLE_FLEXIBLE_MATCHING\=YES
    export ARCHS\=arm64
    export ARCHS_STANDARD\=arm64
    export ARCHS_STANDARD_32_64_BIT\=armv7\ arm64
    export ARCHS_STANDARD_32_BIT\=armv7
    export ARCHS_STANDARD_64_BIT\=arm64
    export ARCHS_STANDARD_INCLUDING_64_BIT\=arm64
    export ARCHS_UNIVERSAL_IPHONE_OS\=armv7\ arm64
    export AUTOMATICALLY_MERGE_DEPENDENCIES\=NO
    export AUTOMATION_APPLE_EVENTS\=NO
    export AVAILABLE_PLATFORMS\=android\ appletvos\ appletvsimulator\ driverkit\ iphoneos\ iphonesimulator\ macosx\ qnx\ watchos\ watchsimulator\ webassembly\ xros\ xrsimulator
    export BUILD_ACTIVE_RESOURCES_ONLY\=NO
    export BUILD_COMPONENTS\=headers\ build
    export BUILD_DIR\=/Users/runner/work/App/App/build/Build/Products
    export BUILD_LIBRARY_FOR_DISTRIBUTION\=NO
    export BUILD_ROOT\=/Users/runner/work/App/App/build/Build/Products
    export BUILD_STYLE\=
    export BUILD_VARIANTS\=normal
    export BUILT_PRODUCTS_DIR\=/Users/runner/work/App/App/build/Build/Products/Release-iphoneos/ReactCodegen
    export BUNDLE_CONTENTS_FOLDER_PATH_deep\=Contents/
    export BUNDLE_EXECUTABLE_FOLDER_NAME_deep\=MacOS
    export BUNDLE_EXTENSIONS_FOLDER_PATH\=Extensions
    export BUNDLE_FORMAT\=shallow
    export BUNDLE_FRAMEWORKS_FOLDER_PATH\=Frameworks
    export BUNDLE_PLUGINS_FOLDER_PATH\=PlugIns
    export BUNDLE_PRIVATE_HEADERS_FOLDER_PATH\=PrivateHeaders
    export BUNDLE_PUBLIC_HEADERS_FOLDER_PATH\=Headers
    export CACHE_ROOT\=/var/folders/nj/vtw8zd2j31d1gdrtntc5y4600000gn/C/com.apple.DeveloperTools/26.3-17C529/Xcode
    export CCHROOT\=/var/folders/nj/vtw8zd2j31d1gdrtntc5y4600000gn/C/com.apple.DeveloperTools/26.3-17C529/Xcode
    export CHMOD\=/bin/chmod
    export CHOWN\=/usr/sbin/chown
    export CLANG_ANALYZER_LOCALIZABILITY_NONLOCALIZED\=YES
    export CLANG_ANALYZER_NONNULL\=YES
    export CLANG_ANALYZER_NUMBER_OBJECT_CONVERSION\=YES_AGGRESSIVE
    export CLANG_CACHE_FINE_GRAINED_OUTPUTS\=YES
    export CLANG_CXX_LANGUAGE_STANDARD\=c++20
    export CLANG_CXX_LIBRARY\=libc++
    export CLANG_ENABLE_EXPLICIT_MODULES\=YES
    export CLANG_ENABLE_MODULES\=YES
    export CLANG_ENABLE_MODULE_DEBUGGING\=NO
    export CLANG_ENABLE_OBJC_ARC\=YES
    export CLANG_ENABLE_OBJC_WEAK\=NO
    export CLANG_MODULES_BUILD_SESSION_FILE\=/Users/runner/work/App/App/build/ModuleCache.noindex/Session.modulevalidation
    export CLANG_WARN_BLOCK_CAPTURE_AUTORELEASING\=YES
    export CLANG_WARN_BOOL_CONVERSION\=YES
    export CLANG_WARN_COMMA\=YES
    export CLANG_WARN_CONSTANT_CONVERSION\=YES
    export CLANG_WARN_DEPRECATED_OBJC_IMPLEMENTATIONS\=YES
    export CLANG_WARN_DIRECT_OBJC_ISA_USAGE\=YES_ERROR
    export CLANG_WARN_DOCUMENTATION_COMMENTS\=YES
    export CLANG_WARN_EMPTY_BODY\=YES
    export CLANG_WARN_ENUM_CONVERSION\=YES
    export CLANG_WARN_INFINITE_RECURSION\=YES
    export CLANG_WARN_INT_CONVERSION\=YES
    export CLANG_WARN_NON_LITERAL_NULL_CONVERSION\=YES
    export CLANG_WARN_OBJC_IMPLICIT_RETAIN_SELF\=YES
    export CLANG_WARN_OBJC_LITERAL_CONVERSION\=YES
    export CLANG_WARN_OBJC_ROOT_CLASS\=YES_ERROR
    export CLANG_WARN_QUOTED_INCLUDE_IN_FRAMEWORK_HEADER\=NO
    export CLANG_WARN_RANGE_LOOP_ANALYSIS\=YES
    export CLANG_WARN_STRICT_PROTOTYPES\=YES
    export CLANG_WARN_SUSPICIOUS_MOVE\=YES
    export CLANG_WARN_UNGUARDED_AVAILABILITY\=YES_AGGRESSIVE
    export CLANG_WARN_UNREACHABLE_CODE\=YES
    export CLANG_WARN__DUPLICATE_METHOD_MATCH\=YES
    export CLASS_FILE_DIR\=/Users/runner/work/App/App/build/Build/Intermediates.noindex/Pods.build/Release-iphoneos/ReactCodegen.build/JavaClasses
    export CLEAN_PRECOMPS\=YES
    export CLONE_HEADERS\=NO
    export CODESIGNING_FOLDER_PATH\=/Users/runner/work/App/App/build/Build/Products/Release-iphoneos/ReactCodegen/libReactCodegen.a
    export CODE_SIGNING_ALLOWED\=NO
    export CODE_SIGNING_REQUIRED\=NO
    export CODE_SIGN_CONTEXT_CLASS\=XCiPhoneOSCodeSignContext
    export CODE_SIGN_INJECT_BASE_ENTITLEMENTS\=YES
    export COLOR_DIAGNOSTICS\=NO
    export COMBINE_HIDPI_IMAGES\=NO
    export COMPILATION_CACHE_CAS_PATH\=/Users/runner/work/App/App/build/CompilationCache.noindex
    export COMPILATION_CACHE_KEEP_CAS_DIRECTORY\=YES
    export COMPILER_INDEX_STORE_ENABLE\=NO
    export COMPOSITE_SDK_DIRS\=/Users/runner/work/App/App/build/Build/Intermediates.noindex/CompositeSDKs
    export COMPRESS_PNG_FILES\=YES
    export CONFIGURATION\=Release
    export CONFIGURATION_BUILD_DIR\=/Users/runner/work/App/App/build/Build/Products/Release-iphoneos/ReactCodegen
    export CONFIGURATION_TEMP_DIR\=/Users/runner/work/App/App/build/Build/Intermediates.noindex/Pods.build/Release-iphoneos
    export COPYING_PRESERVES_HFS_DATA\=NO
    export COPY_HEADERS_RUN_UNIFDEF\=NO
    export COPY_PHASE_STRIP\=NO
    export CORRESPONDING_SIMULATOR_PLATFORM_DIR\=/Applications/Xcode_26.3.app/Contents/Developer/Platforms/iPhoneSimulator.platform
    export CORRESPONDING_SIMULATOR_PLATFORM_NAME\=iphonesimulator
    export CORRESPONDING_SIMULATOR_SDK_DIR\=/Applications/Xcode_26.3.app/Contents/Developer/Platforms/iPhoneSimulator.platform/Developer/SDKs/iPhoneSimulator26.2.sdk
    export CORRESPONDING_SIMULATOR_SDK_NAME\=iphonesimulator26.2
    export CP\=/bin/cp
    export CREATE_INFOPLIST_SECTION_IN_BINARY\=NO
    export CURRENT_ARCH\=undefined_arch
    export CURRENT_VARIANT\=normal
    export DEAD_CODE_STRIPPING\=YES
    export DEBUGGING_SYMBOLS\=YES
    export DEBUG_INFORMATION_FORMAT\=dwarf-with-dsym
    export DEBUG_INFORMATION_VERSION\=compiler-default
    export DEFAULT_COMPILER\=com.apple.compilers.llvm.clang.1_0
    export DEFAULT_DEXT_INSTALL_PATH\=/System/Library/DriverExtensions
    export DEFAULT_KEXT_INSTALL_PATH\=/System/Library/Extensions
    export DEFINES_MODULE\=NO
    export DEPLOYMENT_LOCATION\=NO
    export DEPLOYMENT_POSTPROCESSING\=NO
    export DEPLOYMENT_TARGET_SETTING_NAME\=IPHONEOS_DEPLOYMENT_TARGET
    export DEPLOYMENT_TARGET_SUGGESTED_VALUES\=12.0\ 12.1\ 12.2\ 12.3\ 12.4\ 13.0\ 13.1\ 13.2\ 13.3\ 13.4\ 13.5\ 13.6\ 14.0\ 14.1\ 14.2\ 14.3\ 14.4\ 14.5\ 14.6\ 14.7\ 15.0\ 15.1\ 15.2\ 15.3\ 15.4\ 15.5\ 15.6\ 16.0\ 16.1\ 16.2\ 16.3\ 16.4\ 16.5\ 16.6\ 17.0\ 17.1\ 17.2\ 17.3\ 17.4\ 17.5\ 17.6\ 18.0\ 18.1\ 18.2\ 18.3\ 18.4\ 18.5\ 18.6\ 26.0\ 26.1\ 26.2
    export DERIVED_FILES_DIR\=/Users/runner/work/App/App/build/Build/Intermediates.noindex/Pods.build/Release-iphoneos/ReactCodegen.build/DerivedSources
    export DERIVED_FILE_DIR\=/Users/runner/work/App/App/build/Build/Intermediates.noindex/Pods.build/Release-iphoneos/ReactCodegen.build/DerivedSources
    export DERIVED_SOURCES_DIR\=/Users/runner/work/App/App/build/Build/Intermediates.noindex/Pods.build/Release-iphoneos/ReactCodegen.build/DerivedSources
    export DERIVE_MACCATALYST_PRODUCT_BUNDLE_IDENTIFIER\=NO
    export DEVELOPER_APPLICATIONS_DIR\=/Applications/Xcode_26.3.app/Contents/Developer/Applications
    export DEVELOPER_BIN_DIR\=/Applications/Xcode_26.3.app/Contents/Developer/usr/bin
    export DEVELOPER_DIR\=/Applications/Xcode_26.3.app/Contents/Developer
    export DEVELOPER_FRAMEWORKS_DIR\=/Applications/Xcode_26.3.app/Contents/Developer/Library/Frameworks
    export DEVELOPER_FRAMEWORKS_DIR_QUOTED\=/Applications/Xcode_26.3.app/Contents/Developer/Library/Frameworks
    export DEVELOPER_LIBRARY_DIR\=/Applications/Xcode_26.3.app/Contents/Developer/Library
    export DEVELOPER_SDK_DIR\=/Applications/Xcode_26.3.app/Contents/Developer/Platforms/MacOSX.platform/Developer/SDKs
    export DEVELOPER_TOOLS_DIR\=/Applications/Xcode_26.3.app/Contents/Developer/Tools
    export DEVELOPER_USR_DIR\=/Applications/Xcode_26.3.app/Contents/Developer/usr
    export DEVELOPMENT_LANGUAGE\=en
    export DIAGNOSE_MISSING_TARGET_DEPENDENCIES\=YES
    export DIFF\=/usr/bin/diff
    export DONT_GENERATE_INFOPLIST_FILE\=NO
    export DSTROOT\=/tmp/Pods.dst
    export DT_TOOLCHAIN_DIR\=/Applications/Xcode_26.3.app/Contents/Developer/Toolchains/XcodeDefault.xctoolchain
    export DWARF_DSYM_FILE_NAME\=libReactCodegen.a.dSYM
    export DWARF_DSYM_FILE_SHOULD_ACCOMPANY_PRODUCT\=NO
    export DWARF_DSYM_FOLDER_PATH\=/Users/runner/work/App/App/build/Build/Products/Release-iphoneos/ReactCodegen
    export DYNAMIC_LIBRARY_EXTENSION\=dylib
    export EAGER_COMPILATION_ALLOW_SCRIPTS\=NO
    export EAGER_LINKING\=NO
    export EFFECTIVE_PLATFORM_NAME\=-iphoneos
    export EMBEDDED_CONTENT_CONTAINS_SWIFT\=NO
    export EMBEDDED_PROFILE_NAME\=embedded.mobileprovision
    export EMBED_ASSET_PACKS_IN_PRODUCT_BUNDLE\=NO
    export ENABLE_APP_SANDBOX\=NO
    export ENABLE_CODE_COVERAGE\=YES
    export ENABLE_CPLUSPLUS_BOUNDS_SAFE_BUFFERS\=NO
    export ENABLE_C_BOUNDS_SAFETY\=NO
    export ENABLE_DEBUG_DYLIB\=NO
    export ENABLE_DEFAULT_HEADER_SEARCH_PATHS\=YES
    export ENABLE_DEFAULT_SEARCH_PATHS\=YES
    export ENABLE_ENHANCED_SECURITY\=NO
    export ENABLE_HARDENED_RUNTIME\=NO
    export ENABLE_HEADER_DEPENDENCIES\=YES
    export ENABLE_INCOMING_NETWORK_CONNECTIONS\=NO
    export ENABLE_MODULE_VERIFIER\=NO
    export ENABLE_NS_ASSERTIONS\=NO
    export ENABLE_ON_DEMAND_RESOURCES\=NO
    export ENABLE_OUTGOING_NETWORK_CONNECTIONS\=NO
    export ENABLE_POINTER_AUTHENTICATION\=NO
    export ENABLE_PREVIEWS\=NO
    export ENABLE_RESOURCE_ACCESS_AUDIO_INPUT\=NO
    export ENABLE_RESOURCE_ACCESS_BLUETOOTH\=NO
    export ENABLE_RESOURCE_ACCESS_CALENDARS\=NO
    export ENABLE_RESOURCE_ACCESS_CAMERA\=NO
    export ENABLE_RESOURCE_ACCESS_CONTACTS\=NO
    export ENABLE_RESOURCE_ACCESS_LOCATION\=NO
    export ENABLE_RESOURCE_ACCESS_PHOTO_LIBRARY\=NO
    export ENABLE_RESOURCE_ACCESS_PRINTING\=NO
    export ENABLE_RESOURCE_ACCESS_USB\=NO
    export ENABLE_SDK_IMPORTS\=NO
    export ENABLE_SECURITY_COMPILER_WARNINGS\=NO
    export ENABLE_STRICT_OBJC_MSGSEND\=YES
    export ENABLE_TESTABILITY\=NO
    export ENABLE_TESTING_SEARCH_PATHS\=NO
    export ENABLE_USER_SCRIPT_SANDBOXING\=NO
    export ENABLE_XOJIT_PREVIEWS\=NO
    export ENFORCE_VALID_ARCHS\=YES
    export ENTITLEMENTS_DESTINATION\=Signature
    export ENTITLEMENTS_REQUIRED\=YES
    export EXCLUDED_INSTALLSRC_SUBDIRECTORY_PATTERNS\=.DS_Store\ .svn\ .git\ .hg\ CVS
    export EXCLUDED_RECURSIVE_SEARCH_PATH_SUBDIRECTORIES\=\*.nib\ \*.lproj\ \*.framework\ \*.gch\ \*.xcode\*\ \*.xcassets\ \*.icon\ \(\*\)\ .DS_Store\ CVS\ .svn\ .git\ .hg\ \*.pbproj\ \*.pbxproj
    export EXECUTABLE_EXTENSION\=a
    export EXECUTABLE_NAME\=libReactCodegen.a
    export EXECUTABLE_PATH\=libReactCodegen.a
    export EXECUTABLE_PREFIX\=lib
    export EXECUTABLE_SUFFIX\=.a
    export FILE_LIST\=/Users/runner/work/App/App/build/Build/Intermediates.noindex/Pods.build/Release-iphoneos/ReactCodegen.build/Objects/LinkFileList
    export FIXED_FILES_DIR\=/Users/runner/work/App/App/build/Build/Intermediates.noindex/Pods.build/Release-iphoneos/ReactCodegen.build/FixedFiles
    export FRAMEWORK_FLAG_PREFIX\=-framework
    export FRAMEWORK_SEARCH_PATHS\=/Users/runner/work/App/App/build/Build/Products/Release-iphoneos/ReactCodegen\ \ \"/Users/runner/work/App/App/ios/Pods/React-Core-prebuilt\"\ \"/Users/runner/work/App/App/ios/Pods/ReactNativeDependencies/framework/packages/react-native\"\ \"/Users/runner/work/App/App/ios/Pods/hermes-engine/destroot/Library/Frameworks/universal\"\ \"/Users/runner/work/App/App/build/Build/Products/Release-iphoneos/XCFrameworkIntermediates/React-Core-prebuilt\"\ \"/Users/runner/work/App/App/build/Build/Products/Release-iphoneos/XCFrameworkIntermediates/ReactNativeDependencies\"\ \"/Users/runner/work/App/App/build/Build/Products/Release-iphoneos/XCFrameworkIntermediates/hermes-engine/Pre-built\"
    export FRAMEWORK_VERSION\=A
    export FULL_PRODUCT_NAME\=libReactCodegen.a
    export FUSE_BUILD_PHASES\=YES
    export FUSE_BUILD_SCRIPT_PHASES\=NO
    export GCC3_VERSION\=3.3
    export GCC_C_LANGUAGE_STANDARD\=gnu11
    export GCC_NO_COMMON_BLOCKS\=YES
    export GCC_PFE_FILE_C_DIALECTS\=c\ objective-c\ c++\ objective-c++
    export GCC_PREFIX_HEADER\=Target\ Support\ Files/ReactCodegen/ReactCodegen-prefix.pch
    export GCC_PREPROCESSOR_DEFINITIONS\=POD_CONFIGURATION_RELEASE\=1\ \ COCOAPODS\=1
    export GCC_THUMB_SUPPORT\=YES
    export GCC_TREAT_WARNINGS_AS_ERRORS\=NO
    export GCC_VERSION\=com.apple.compilers.llvm.clang.1_0
    export GCC_VERSION_IDENTIFIER\=com_apple_compilers_llvm_clang_1_0
    export GCC_WARN_64_TO_32_BIT_CONVERSION\=YES
    export GCC_WARN_ABOUT_RETURN_TYPE\=YES_ERROR
    export GCC_WARN_UNDECLARED_SELECTOR\=YES
    export GCC_WARN_UNINITIALIZED_AUTOS\=YES_AGGRESSIVE
    export GCC_WARN_UNUSED_FUNCTION\=YES
    export GCC_WARN_UNUSED_VARIABLE\=YES
    export GENERATED_MODULEMAP_DIR\=/Users/runner/work/App/App/build/Build/Intermediates.noindex/GeneratedModuleMaps-iphoneos
    export GENERATE_INFOPLIST_FILE\=NO
    export GENERATE_INTERMEDIATE_TEXT_BASED_STUBS\=YES
    export GENERATE_PKGINFO_FILE\=NO
    export GENERATE_PRELINK_OBJECT_FILE\=NO
    export GENERATE_PROFILING_CODE\=NO
    export GENERATE_TEXT_BASED_STUBS\=NO
    export GID\=20
    export GROUP\=staff
    export HEADERMAP_INCLUDES_FLAT_ENTRIES_FOR_TARGET_BEING_BUILT\=YES
    export HEADERMAP_INCLUDES_FRAMEWORK_ENTRIES_FOR_ALL_PRODUCT_TYPES\=YES
    export HEADERMAP_INCLUDES_FRAMEWORK_ENTRIES_FOR_TARGETS_NOT_BEING_BUILT\=YES
    export HEADERMAP_INCLUDES_NONPUBLIC_NONPRIVATE_HEADERS\=YES
    export HEADERMAP_INCLUDES_PROJECT_HEADERS\=YES
    export HEADERMAP_USES_FRAMEWORK_PREFIX_ENTRIES\=YES
    export HEADERMAP_USES_VFS\=NO
    export HEADER_SEARCH_PATHS\=/Users/runner/work/App/App/build/Build/Products/Release-iphoneos/ReactCodegen/include\ \ \"/Users/runner/work/App/App/ios/Pods/Headers/Private\"\ \"/Users/runner/work/App/App/ios/Pods/Headers/Private/ReactCodegen\"\ \"/Users/runner/work/App/App/ios/Pods/Headers/Public\"\ \"/Users/runner/work/App/App/ios/Pods/Headers/Public/FBLazyVector\"\ \"/Users/runner/work/App/App/ios/Pods/Headers/Public/RCTRequired\"\ \"/Users/runner/work/App/App/ios/Pods/Headers/Public/RCTSwiftUIWrapper\"\ \"/Users/runner/work/App/App/ios/Pods/Headers/Public/RCTTypeSafety\"\ \"/Users/runner/work/App/App/ios/Pods/Headers/Public/React-Core\"\ \"/Users/runner/work/App/App/ios/Pods/Headers/Public/React-Core-prebuilt\"\ \"/Users/runner/work/App/App/ios/Pods/Headers/Public/React-CoreModules\"\ \"/Users/runner/work/App/App/ios/Pods/Headers/Public/React-Fabric\"\ \"/Users/runner/work/App/App/ios/Pods/Headers/Public/React-FabricComponents\"\ \"/Users/runner/work/App/App/ios/Pods/Headers/Public/React-FabricImage\"\ \"/Users/runner/work/App/App/ios/Pods/Headers/Public/React-ImageManager\"\ \"/Users/runner/work/App/App/ios/Pods/Headers/Public/React-Mapbuffer\"\ \"/Users/runner/work/App/App/ios/Pods/Headers/Public/React-NativeModulesApple\"\ \"/Users/runner/work/App/App/ios/Pods/Headers/Public/React-RCTAnimation\"\ \"/Users/runner/work/App/App/ios/Pods/Headers/Public/React-RCTBlob\"\ \"/Users/runner/work/App/App/ios/Pods/Headers/Public/React-RCTFBReactNativeSpec\"\ \"/Users/runner/work/App/App/ios/Pods/Headers/Public/React-RCTFabric\"\ \"/Users/runner/work/App/App/ios/Pods/Headers/Public/React-RCTImage\"\ \"/Users/runner/work/App/App/ios/Pods/Headers/Public/React-RCTRuntime\"\ \"/Users/runner/work/App/App/ios/Pods/Headers/Public/React-RCTText\"\ \"/Users/runner/work/App/App/ios/Pods/Headers/Public/React-RuntimeApple\"\ \"/Users/runner/work/App/App/ios/Pods/Headers/Public/React-RuntimeCore\"\ \"/Users/runner/work/App/App/ios/Pods/Headers/Public/React-RuntimeHermes\"\ \"/Users/runner/work/App/App/ios/Pods/Headers/Public/React-callinvoker\"\ \"/Users/runner/work/App/App/ios/Pods/Headers/Public/React-cxxreact\"\ \"/Users/runner/work/App/App/ios/Pods/Headers/Public/React-debug\"\ \"/Users/runner/work/App/App/ios/Pods/Headers/Public/React-defaultsnativemodule\"\ \"/Users/runner/work/App/App/ios/Pods/Headers/Public/React-domnativemodule\"\ \"/Users/runner/work/App/App/ios/Pods/Headers/Public/React-featureflags\"\ \"/Users/runner/work/App/App/ios/Pods/Headers/Public/React-featureflagsnativemodule\"\ \"/Users/runner/work/App/App/ios/Pods/Headers/Public/React-graphics\"\ \"/Users/runner/work/App/App/ios/Pods/Headers/Public/React-hermes\"\ \"/Users/runner/work/App/App/ios/Pods/Headers/Public/React-idlecallbacksnativemodule\"\ \"/Users/runner/work/App/App/ios/Pods/Headers/Public/React-intersectionobservernativemodule\"\ \"/Users/runner/work/App/App/ios/Pods/Headers/Public/React-jserrorhandler\"\ \"/Users/runner/work/App/App/ios/Pods/Headers/Public/React-jsi\"\ \"/Users/runner/work/App/App/ios/Pods/Headers/Public/React-jsiexecutor\"\ \"/Users/runner/work/App/App/ios/Pods/Headers/Public/React-jsinspector\"\ \"/Users/runner/work/App/App/ios/Pods/Headers/Public/React-jsinspectorcdp\"\ \"/Users/runner/work/App/App/ios/Pods/Headers/Public/React-jsinspectornetwork\"\ \"/Users/runner/work/App/App/ios/Pods/Headers/Public/React-jsinspectortracing\"\ \"/Users/runner/work/App/App/ios/Pods/Headers/Public/React-jsitooling\"\ \"/Users/runner/work/App/App/ios/Pods/Headers/Public/React-logger\"\ \"/Users/runner/work/App/App/ios/Pods/Headers/Public/React-microtasksnativemodule\"\ \"/Users/runner/work/App/App/ios/Pods/Headers/Public/React-mutationobservernativemodule\"\ \"/Users/runner/work/App/App/ios/Pods/Headers/Public/React-networking\"\ \"/Users/runner/work/App/App/ios/Pods/Headers/Public/React-oscompat\"\ \"/Users/runner/work/App/App/ios/Pods/Headers/Public/React-perflogger\"\ \"/Users/runner/work/App/App/ios/Pods/Headers/Public/React-performancecdpmetrics\"\ \"/Users/runner/work/App/App/ios/Pods/Headers/Public/React-performancetimeline\"\ \"/Users/runner/work/App/App/ios/Pods/Headers/Public/React-rendererconsistency\"\ \"/Users/runner/work/App/App/ios/Pods/Headers/Public/React-renderercss\"\ \"/Users/runner/work/App/App/ios/Pods/Headers/Public/React-rendererdebug\"\ \"/Users/runner/work/App/App/ios/Pods/Headers/Public/React-runtimeexecutor\"\ \"/Users/runner/work/App/App/ios/Pods/Headers/Public/React-runtimescheduler\"\ \"/Users/runner/work/App/App/ios/Pods/Headers/Public/React-timing\"\ \"/Users/runner/work/App/App/ios/Pods/Headers/Public/React-utils\"\ \"/Users/runner/work/App/App/ios/Pods/Headers/Public/React-viewtransitionnativemodule\"\ \"/Users/runner/work/App/App/ios/Pods/Headers/Public/React-webperformancenativemodule\"\ \"/Users/runner/work/App/App/ios/Pods/Headers/Public/ReactCodegen\"\ \"/Users/runner/work/App/App/ios/Pods/Headers/Public/ReactCommon\"\ \"/Users/runner/work/App/App/ios/Pods/Headers/Public/ReactNativeDependencies\"\ \"/Users/runner/work/App/App/ios/Pods/Headers/Public/Yoga\"\ \"/Users/runner/work/App/App/ios/Pods/Headers/Public/hermes-engine\"\ \"/Users/runner/work/App/App/ios/Pods/ReactNativeDependencies\"\ \"/Users/runner/work/App/App/ios/Pods/Headers/Public/ReactCodegen/react/renderer/components\"\ \"/Users/runner/work/App/App/ios/Pods/Headers/Private/React-Fabric\"\ \"/Users/runner/work/App/App/ios/Pods/Headers/Private/React-RCTFabric\"\ \"/Users/runner/work/App/App/ios/Pods/Headers/Private/Yoga\"\ \"/Users/runner/work/App/App/ios/Pods/../build/generated/ios/ReactCodegen\"\ \"/Users/runner/work/App/App/ios/Pods/ExpoModulesCore/ExpoModulesCore.xcframework/ios-arm64_x86_64-simulator/ExpoModulesCore.framework/Headers\"\ \"/Users/runner/work/App/App/ios/Pods/ExpoModulesCore/ExpoModulesCore.xcframework/ios-arm64/ExpoModulesCore.framework/Headers\"\ \"/Users/runner/work/App/App/ios/Pods/ExpoModulesCore/ExpoModulesCore.xcframework/ios-arm64_x86_64-simulator/ExpoModulesCore.framework/Headers\"\ \"/Users/runner/work/App/App/ios/Pods/ExpoModulesCore/ExpoModulesCore.xcframework/ios-arm64/ExpoModulesCore.framework/Headers\"
    export HOME\=/Users/runner
    export HOST_ARCH\=arm64
    export HOST_PLATFORM\=macosx
    export ICONV\=/usr/bin/iconv
    export IMPLICIT_DEPENDENCY_DOMAIN\=default
    export INFOPLIST_ENABLE_CFBUNDLEICONS_MERGE\=YES
    export INFOPLIST_EXPAND_BUILD_SETTINGS\=YES
    export INFOPLIST_OUTPUT_FORMAT\=binary
    export INFOPLIST_PREPROCESS\=NO
    export INLINE_PRIVATE_FRAMEWORKS\=NO
    export INSTALLAPI_IGNORE_SKIP_INSTALL\=YES
    export INSTALLHDRS_COPY_PHASE\=NO
    export INSTALLHDRS_SCRIPT_PHASE\=NO
    export INSTALL_DIR\=/tmp/Pods.dst/usr/local/lib
    export INSTALL_GROUP\=staff
    export INSTALL_MODE_FLAG\=u+w,go-w,a+rX
    export INSTALL_OWNER\=runner
    export INSTALL_PATH\=/usr/local/lib
    export INSTALL_ROOT\=/tmp/Pods.dst
    export IPHONEOS_DEPLOYMENT_TARGET\=15.1
    export IS_UNOPTIMIZED_BUILD\=NO
    export JAVAC_DEFAULT_FLAGS\=-J-Xms64m\ -J-XX:NewSize\=4M\ -J-Dfile.encoding\=UTF8
    export JAVA_APP_STUB\=/System/Library/Frameworks/JavaVM.framework/Resources/MacOS/JavaApplicationStub
    export JAVA_ARCHIVE_CLASSES\=YES
    export JAVA_ARCHIVE_TYPE\=JAR
    export JAVA_COMPILER\=/usr/bin/javac
    export JAVA_FRAMEWORK_RESOURCES_DIRS\=Resources
    export JAVA_JAR_FLAGS\=cv
    export JAVA_SOURCE_SUBDIR\=.
    export JAVA_USE_DEPENDENCIES\=YES
    export JAVA_ZIP_FLAGS\=-urg
    export JIKES_DEFAULT_FLAGS\=+E\ +OLDCSO
    export KASAN_CFLAGS_CLASSIC\=-DKASAN\=1\ -DKASAN_CLASSIC\=1\ -fsanitize\=address\ -mllvm\ -asan-globals-live-support\ -mllvm\ -asan-force-dynamic-shadow
    export KASAN_CFLAGS_TBI\=-DKASAN\=1\ -DKASAN_TBI\=1\ -fsanitize\=kernel-hwaddress\ -mllvm\ -hwasan-recover\=0\ -mllvm\ -hwasan-instrument-atomics\=0\ -mllvm\ -hwasan-instrument-stack\=1\ -mllvm\ -hwasan-generate-tags-with-calls\=1\ -mllvm\ -hwasan-instrument-with-calls\=1\ -mllvm\ -hwasan-use-short-granules\=0\ -mllvm\ -hwasan-memory-access-callback-prefix\=__asan_
    export KASAN_DEFAULT_CFLAGS\=-DKASAN\=1\ -DKASAN_CLASSIC\=1\ -fsanitize\=address\ -mllvm\ -asan-globals-live-support\ -mllvm\ -asan-force-dynamic-shadow
    export KEEP_PRIVATE_EXTERNS\=NO
    export LD_DEPENDENCY_INFO_FILE\=/Users/runner/work/App/App/build/Build/Intermediates.noindex/Pods.build/Release-iphoneos/ReactCodegen.build/Objects-normal/undefined_arch/ReactCodegen_dependency_info.dat
    export LD_EXPORT_SYMBOLS\=YES
    export LD_GENERATE_MAP_FILE\=NO
    export LD_MAP_FILE_PATH\=/Users/runner/work/App/App/build/Build/Intermediates.noindex/Pods.build/Release-iphoneos/ReactCodegen.build/ReactCodegen-LinkMap-normal-undefined_arch.txt
    export LD_NO_PIE\=NO
    export LD_QUOTE_LINKER_ARGUMENTS_FOR_COMPILER_DRIVER\=YES
    export LD_SHARED_CACHE_ELIGIBLE\=Automatic
    export LD_WARN_DUPLICATE_LIBRARIES\=NO
    export LD_WARN_UNUSED_DYLIBS\=NO
    export LEGACY_DEVELOPER_DIR\=/Applications/Xcode_26.3.app/Contents/PlugIns/Xcode3Core.ideplugin/Contents/SharedSupport/Developer
    export LEX\=lex
    export LIBRARY_DEXT_INSTALL_PATH\=/Library/DriverExtensions
    export LIBRARY_FLAG_NOSPACE\=YES
    export LIBRARY_FLAG_PREFIX\=-l
    export LIBRARY_KEXT_INSTALL_PATH\=/Library/Extensions
    export LIBRARY_SEARCH_PATHS\=/Users/runner/work/App/App/build/Build/Products/Release-iphoneos/ReactCodegen\ 
    export LINKER_DISPLAYS_MANGLED_NAMES\=NO
    export LINK_FILE_LIST_normal_arm64\=/Users/runner/work/App/App/build/Build/Intermediates.noindex/Pods.build/Release-iphoneos/ReactCodegen.build/Objects-normal/arm64/ReactCodegen.LinkFileList
    export LINK_OBJC_RUNTIME\=YES
    export LINK_WITH_STANDARD_LIBRARIES\=YES
    export LLVM_TARGET_TRIPLE_OS_VERSION\=ios15.1
    export LLVM_TARGET_TRIPLE_VENDOR\=apple
    export LM_AUX_CONST_METADATA_LIST_PATH_normal_arm64\=/Users/runner/work/App/App/build/Build/Intermediates.noindex/Pods.build/Release-iphoneos/ReactCodegen.build/Objects-normal/arm64/ReactCodegen.SwiftConstValuesFileList
    export LOCALIZATION_EXPORT_SUPPORTED\=YES
    export LOCALIZATION_PREFERS_STRING_CATALOGS\=NO
    export LOCALIZED_STRING_MACRO_NAMES\=NSLocalizedString\ CFCopyLocalizedString
    export LOCALIZED_STRING_SWIFTUI_SUPPORT\=YES
    export LOCAL_ADMIN_APPS_DIR\=/Applications/Utilities
    export LOCAL_APPS_DIR\=/Applications
    export LOCAL_DEVELOPER_DIR\=/Library/Developer
    export LOCAL_LIBRARY_DIR\=/Library
    export LOCROOT\=/Users/runner/work/App/App/ios/Pods
    export LOCSYMROOT\=/Users/runner/work/App/App/ios/Pods
    export MACH_O_TYPE\=staticlib
    export MAC_OS_X_PRODUCT_BUILD_VERSION\=24G830
    export MAC_OS_X_VERSION_ACTUAL\=150709
    export MAC_OS_X_VERSION_MAJOR\=150000
    export MAC_OS_X_VERSION_MINOR\=150700
    export MAKE_MERGEABLE\=NO
    export MERGEABLE_LIBRARY\=NO
    export MERGED_BINARY_TYPE\=none
    export MERGE_LINKED_LIBRARIES\=NO
    export METAL_LIBRARY_FILE_BASE\=default
    export METAL_LIBRARY_OUTPUT_DIR\=/Users/runner/work/App/App/build/Build/Products/Release-iphoneos/ReactCodegen/
    export MODULEMAP_FILE\=Headers/Public/ReactCodegen/ReactCodegen.modulemap
    export MODULE_CACHE_DIR\=/Users/runner/work/App/App/build/ModuleCache.noindex
    export MTL_ENABLE_DEBUG_INFO\=NO
    export MTL_FAST_MATH\=YES
    export NATIVE_ARCH\=arm64
    export NATIVE_ARCH_32_BIT\=arm
    export NATIVE_ARCH_64_BIT\=arm64
    export NATIVE_ARCH_ACTUAL\=arm64
    export NO_COMMON\=YES
    export OBJECT_FILE_DIR\=/Users/runner/work/App/App/build/Build/Intermediates.noindex/Pods.build/Release-iphoneos/ReactCodegen.build/Objects
    export OBJECT_FILE_DIR_normal\=/Users/runner/work/App/App/build/Build/Intermediates.noindex/Pods.build/Release-iphoneos/ReactCodegen.build/Objects-normal
    export OBJROOT\=/Users/runner/work/App/App/build/Build/Intermediates.noindex
    export ONLY_ACTIVE_ARCH\=NO
    export OS\=MACOS
    export OSAC\=/usr/bin/osacompile
    export OTHER_CFLAGS\=\ -DRCT_REMOVE_LEGACY_ARCH\=1\ -ivfsoverlay\ /Users/runner/work/App/App/ios/Pods/React-Core-prebuilt/React-VFS.yaml\ -DNDEBUG
    export OTHER_CPLUSPLUSFLAGS\=\ -DRCT_REMOVE_LEGACY_ARCH\=1\ -ivfsoverlay\ /Users/runner/work/App/App/ios/Pods/React-Core-prebuilt/React-VFS.yaml\ -DNDEBUG\ -DRCT_REMOVE_LEGACY_ARCH\=1\ -DFOLLY_MOBILE\=1\ -DFOLLY_USE_LIBCPP\=1\ -DFOLLY_CFG_NO_COROUTINES\=1\ -DFOLLY_HAVE_CLOCK_GETTIME\=1\ -Wno-comma\ -Wno-shorten-64-to-32\ -Wno-documentation\ -ivfsoverlay\ /Users/runner/work/App/App/ios/Pods/React-Core-prebuilt/React-VFS.yaml\ -DNDEBUG
    export OTHER_SWIFT_FLAGS\=\ -Xcc\ -ivfsoverlay\ -Xcc\ /Users/runner/work/App/App/ios/Pods/React-Core-prebuilt/React-VFS.yaml
    export PACKAGE_TYPE\=com.apple.package-type.static-library
    export PASCAL_STRINGS\=YES
    export PATH\=/Applications/Xcode_26.3.app/Contents/SharedFrameworks/SwiftBuild.framework/Versions/A/PlugIns/SWBBuildService.bundle/Contents/PlugIns/SWBUniversalPlatformPlugin.bundle/Contents/Frameworks/SWBUniversalPlatform.framework/Resources:/var/run/com.apple.security.cryptexd/mnt/com.apple.MobileAsset.MetalToolchain-v17.3.7003.10.HWIt4u/Metal.xctoolchain/usr/bin:/var/run/com.apple.security.cryptexd/mnt/com.apple.MobileAsset.MetalToolchain-v17.3.7003.10.HWIt4u/Metal.xctoolchain/usr/local/bin:/var/run/com.apple.security.cryptexd/mnt/com.apple.MobileAsset.MetalToolchain-v17.3.7003.10.HWIt4u/Metal.xctoolchain/usr/libexec:/Applications/Xcode_26.3.app/Contents/Developer/Toolchains/XcodeDefault.xctoolchain/usr/bin:/Applications/Xcode_26.3.app/Contents/Developer/Toolchains/XcodeDefault.xctoolchain/usr/local/bin:/Applications/Xcode_26.3.app/Contents/Developer/Toolchains/XcodeDefault.xctoolchain/usr/libexec:/Applications/Xcode_26.3.app/Contents/Developer/Platforms/iPhoneOS.platform/usr/bin:/Applications/Xcode_26.3.app/Contents/Developer/Platforms/iPhoneOS.platform/usr/local/bin:/Applications/Xcode_26.3.app/Contents/Developer/Platforms/iPhoneOS.platform/Developer/usr/bin:/Applications/Xcode_26.3.app/Contents/Developer/Platforms/iPhoneOS.platform/Developer/usr/local/bin:/Applications/Xcode_26.3.app/Contents/Developer/usr/bin:/Applications/Xcode_26.3.app/Contents/Developer/usr/local/bin:/Users/runner/hostedtoolcache/Ruby/3.3.12/arm64/bin:/Users/runner/hostedtoolcache/node/20.20.2/arm64/bin:/Users/runner/.local/bin:/opt/homebrew/bin:/opt/homebrew/sbin:/Users/runner/.cargo/bin:/usr/local/opt/curl/bin:/usr/local/bin:/usr/local/sbin:/Users/runner/bin:/Users/runner/.yarn/bin:/Users/runner/Library/Android/sdk/tools:/Users/runner/Library/Android/sdk/platform-tools:/Library/Frameworks/Python.framework/Versions/Current/bin:/Library/Frameworks/Mono.framework/Versions/Current/Commands:/usr/bin:/bin:/usr/sbin:/sbin:/Users/runner/.dotnet/tools
    export PATH_PREFIXES_EXCLUDED_FROM_HEADER_DEPENDENCIES\=/usr/include\ /usr/local/include\ /System/Library/Frameworks\ /System/Library/PrivateFrameworks\ /Applications/Xcode_26.3.app/Contents/Developer/Headers\ /Applications/Xcode_26.3.app/Contents/Developer/SDKs\ /Applications/Xcode_26.3.app/Contents/Developer/Platforms
    export PER_ARCH_MODULE_FILE_DIR\=/Users/runner/work/App/App/build/Build/Intermediates.noindex/Pods.build/Release-iphoneos/ReactCodegen.build/Objects-normal/undefined_arch
    export PER_ARCH_OBJECT_FILE_DIR\=/Users/runner/work/App/App/build/Build/Intermediates.noindex/Pods.build/Release-iphoneos/ReactCodegen.build/Objects-normal/undefined_arch
    export PER_VARIANT_OBJECT_FILE_DIR\=/Users/runner/work/App/App/build/Build/Intermediates.noindex/Pods.build/Release-iphoneos/ReactCodegen.build/Objects-normal
    export PKGINFO_FILE_PATH\=/Users/runner/work/App/App/build/Build/Intermediates.noindex/Pods.build/Release-iphoneos/ReactCodegen.build/PkgInfo
    export PLATFORM_DEVELOPER_APPLICATIONS_DIR\=/Applications/Xcode_26.3.app/Contents/Developer/Platforms/iPhoneOS.platform/Developer/Applications
    export PLATFORM_DEVELOPER_BIN_DIR\=/Applications/Xcode_26.3.app/Contents/Developer/Platforms/iPhoneOS.platform/Developer/usr/bin
    export PLATFORM_DEVELOPER_LIBRARY_DIR\=/Applications/Xcode_26.3.app/Contents/Developer/Platforms/iPhoneOS.platform/Developer/Library
    export PLATFORM_DEVELOPER_SDK_DIR\=/Applications/Xcode_26.3.app/Contents/Developer/Platforms/iPhoneOS.platform/Developer/SDKs
    export PLATFORM_DEVELOPER_TOOLS_DIR\=/Applications/Xcode_26.3.app/Contents/Developer/Platforms/iPhoneOS.platform/Developer/Tools
    export PLATFORM_DEVELOPER_USR_DIR\=/Applications/Xcode_26.3.app/Contents/Developer/Platforms/iPhoneOS.platform/Developer/usr
    export PLATFORM_DIR\=/Applications/Xcode_26.3.app/Contents/Developer/Platforms/iPhoneOS.platform
    export PLATFORM_DISPLAY_NAME\=iOS
    export PLATFORM_FAMILY_NAME\=iOS
    export PLATFORM_NAME\=iphoneos
    export PLATFORM_PREFERRED_ARCH\=arm64
    export PLATFORM_PRODUCT_BUILD_VERSION\=23C57
    export PLATFORM_REQUIRES_SWIFT_AUTOLINK_EXTRACT\=NO
    export PLATFORM_REQUIRES_SWIFT_MODULEWRAP\=NO
    export PLIST_FILE_OUTPUT_FORMAT\=binary
    export PODFILE_DIR\=/Users/runner/work/App/App/ios/Pods/..
    export PODS_BUILD_DIR\=/Users/runner/work/App/App/build/Build/Products
    export PODS_CONFIGURATION_BUILD_DIR\=/Users/runner/work/App/App/build/Build/Products/Release-iphoneos
    export PODS_DEVELOPMENT_LANGUAGE\=en
    export PODS_ROOT\=/Users/runner/work/App/App/ios/Pods
    export PODS_TARGET_SRCROOT\=/Users/runner/work/App/App/ios/Pods/../build/generated/ios/ReactCodegen
    export PODS_XCFRAMEWORKS_BUILD_DIR\=/Users/runner/work/App/App/build/Build/Products/Release-iphoneos/XCFrameworkIntermediates
    export PRECOMPS_INCLUDE_HEADERS_FROM_BUILT_PRODUCTS_DIR\=YES
    export PRECOMP_DESTINATION_DIR\=/Users/runner/work/App/App/build/Build/Intermediates.noindex/Pods.build/Release-iphoneos/ReactCodegen.build/PrefixHeaders
    export PROCESSED_INFOPLIST_PATH\=/Users/runner/work/App/App/build/Build/Intermediates.noindex/Pods.build/Release-iphoneos/ReactCodegen.build/Objects-normal/undefined_arch/Processed-Info.plist
    export PRODUCT_BUNDLE_IDENTIFIER\=org.cocoapods.ReactCodegen
    export PRODUCT_MODULE_NAME\=ReactCodegen
    export PRODUCT_NAME\=ReactCodegen
    export PRODUCT_SETTINGS_PATH\=
    export PRODUCT_TYPE\=com.apple.product-type.library.static
    export PROFILING_CODE\=NO
    export PROJECT\=Pods
    export PROJECT_DERIVED_FILE_DIR\=/Users/runner/work/App/App/build/Build/Intermediates.noindex/Pods.build/DerivedSources
    export PROJECT_DIR\=/Users/runner/work/App/App/ios/Pods
    export PROJECT_FILE_PATH\=/Users/runner/work/App/App/ios/Pods/Pods.xcodeproj
    export PROJECT_GUID\=8699adb1dd336b26511df848a716bd42
    export PROJECT_NAME\=Pods
    export PROJECT_TEMP_DIR\=/Users/runner/work/App/App/build/Build/Intermediates.noindex/Pods.build
    export PROJECT_TEMP_ROOT\=/Users/runner/work/App/App/build/Build/Intermediates.noindex
    export REACT_NATIVE_PATH\=/Users/runner/work/App/App/ios/Pods/../../node_modules/react-native
    export RECOMMENDED_IPHONEOS_DEPLOYMENT_TARGET\=15.0
    export RECURSIVE_SEARCH_PATHS_FOLLOW_SYMLINKS\=YES
    export REMOVE_CVS_FROM_RESOURCES\=YES
    export REMOVE_GIT_FROM_RESOURCES\=YES
    export REMOVE_HEADERS_FROM_EMBEDDED_BUNDLES\=YES
    export REMOVE_HG_FROM_RESOURCES\=YES
    export REMOVE_STATIC_EXECUTABLES_FROM_EMBEDDED_BUNDLES\=YES
    export REMOVE_SVN_FROM_RESOURCES\=YES
    export RESCHEDULE_INDEPENDENT_HEADERS_PHASES\=YES
    export REZ_COLLECTOR_DIR\=/Users/runner/work/App/App/build/Build/Intermediates.noindex/Pods.build/Release-iphoneos/ReactCodegen.build/ResourceManagerResources
    export REZ_EXECUTABLE\=YES
    export REZ_OBJECTS_DIR\=/Users/runner/work/App/App/build/Build/Intermediates.noindex/Pods.build/Release-iphoneos/ReactCodegen.build/ResourceManagerResources/Objects
    export REZ_SEARCH_PATHS\=/Users/runner/work/App/App/build/Build/Products/Release-iphoneos/ReactCodegen\ 
    export RUNTIME_EXCEPTION_ALLOW_DYLD_ENVIRONMENT_VARIABLES\=NO
    export RUNTIME_EXCEPTION_ALLOW_JIT\=NO
    export RUNTIME_EXCEPTION_ALLOW_UNSIGNED_EXECUTABLE_MEMORY\=NO
    export RUNTIME_EXCEPTION_DEBUGGING_TOOL\=NO
    export RUNTIME_EXCEPTION_DISABLE_EXECUTABLE_PAGE_PROTECTION\=NO
    export RUNTIME_EXCEPTION_DISABLE_LIBRARY_VALIDATION\=NO
    export SCAN_ALL_SOURCE_FILES_FOR_INCLUDES\=NO
    export SCRIPT_INPUT_FILE_0\=/Users/runner/work/App/App/ios/build/generated/autolinking/autolinking.json
    export SCRIPT_INPUT_FILE_COUNT\=1
    export SCRIPT_INPUT_FILE_LIST_COUNT\=0
    export SCRIPT_OUTPUT_FILE_0\=/Users/runner/work/App/App/build/Build/Intermediates.noindex/Pods.build/Release-iphoneos/ReactCodegen.build/DerivedSources/expo-codegen-cleanup.stamp
    export SCRIPT_OUTPUT_FILE_COUNT\=1
    export SCRIPT_OUTPUT_FILE_LIST_COUNT\=0
    export SDKROOT\=/Applications/Xcode_26.3.app/Contents/Developer/Platforms/iPhoneOS.platform/Developer/SDKs/iPhoneOS26.2.sdk
    export SDK_DIR\=/Applications/Xcode_26.3.app/Contents/Developer/Platforms/iPhoneOS.platform/Developer/SDKs/iPhoneOS26.2.sdk
    export SDK_DIR_iphoneos\=/Applications/Xcode_26.3.app/Contents/Developer/Platforms/iPhoneOS.platform/Developer/SDKs/iPhoneOS26.2.sdk
    export SDK_DIR_iphoneos26_2\=/Applications/Xcode_26.3.app/Contents/Developer/Platforms/iPhoneOS.platform/Developer/SDKs/iPhoneOS26.2.sdk
    export SDK_NAME\=iphoneos26.2
    export SDK_NAMES\=iphoneos26.2
    export SDK_PRODUCT_BUILD_VERSION\=23C57
    export SDK_STAT_CACHE_DIR\=/Users/runner/work/App/App/build
    export SDK_STAT_CACHE_ENABLE\=YES
    export SDK_STAT_CACHE_PATH\=/Users/runner/work/App/App/build/SDKStatCaches.noindex/iphoneos26.2-23C57-dc75598d0054f22ec865fa860f139d722dd23b4ebda140f7210d155ff1243552.sdkstatcache
    export SDK_VERSION\=26.2
    export SDK_VERSION_ACTUAL\=260200
    export SDK_VERSION_MAJOR\=260000
    export SDK_VERSION_MINOR\=260200
    export SED\=/usr/bin/sed
    export SEPARATE_STRIP\=NO
    export SEPARATE_SYMBOL_EDIT\=NO
    export SET_DIR_MODE_OWNER_GROUP\=YES
    export SET_FILE_MODE_OWNER_GROUP\=NO
    export SHALLOW_BUNDLE\=NO
    export SHARED_DERIVED_FILE_DIR\=/Users/runner/work/App/App/build/Build/Products/Release-iphoneos/ReactCodegen/DerivedSources
    export SHARED_PRECOMPS_DIR\=/Users/runner/work/App/App/build/Build/Intermediates.noindex/PrecompiledHeaders
    export SKIP_INSTALL\=YES
    export SOURCE_ROOT\=/Users/runner/work/App/App/ios/Pods
    export SRCROOT\=/Users/runner/work/App/App/ios/Pods
    export STRINGSDATA_DIR\=/Users/runner/work/App/App/build/Build/Intermediates.noindex/Pods.build/Release-iphoneos/ReactCodegen.build/Objects-normal/undefined_arch
    export STRINGSDATA_ROOT\=/Users/runner/work/App/App/build/Build/Intermediates.noindex/Pods.build/Release-iphoneos/ReactCodegen.build
    export STRINGS_FILE_INFOPLIST_RENAME\=YES
    export STRINGS_FILE_OUTPUT_ENCODING\=binary
    export STRING_CATALOG_GENERATE_SYMBOLS\=NO
    export STRIP_BITCODE_FROM_COPIED_FILES\=YES
    export STRIP_INSTALLED_PRODUCT\=NO
    export STRIP_STYLE\=debugging
    export STRIP_SWIFT_SYMBOLS\=YES
    export SUPPORTED_DEVICE_FAMILIES\=1,2
    export SUPPORTED_PLATFORMS\=iphoneos\ iphonesimulator
    export SUPPORTS_MACCATALYST\=YES
    export SUPPORTS_MAC_DESIGNED_FOR_IPHONE_IPAD\=YES
    export SUPPORTS_TEXT_BASED_API\=NO
    export SUPPORTS_XR_DESIGNED_FOR_IPHONE_IPAD\=YES
    export SUPPRESS_WARNINGS\=NO
    export SWIFT_ACTIVE_COMPILATION_CONDITIONS\=\ 
    export SWIFT_COMPILATION_MODE\=wholemodule
    export SWIFT_EMIT_CONST_VALUE_PROTOCOLS\=AppIntent\ EntityQuery\ AppEntity\ TransientEntity\ AppEnum\ AppShortcutProviding\ AppShortcutsProvider\ AnyResolverProviding\ AppIntentsPackage\ DynamicOptionsProvider\ _IntentValueRepresentable\ _AssistantIntentsProvider\ _GenerativeFunctionExtractable\ IntentValueQuery\ Resolver\ AppExtension\ ExtensionPointDefining
    export SWIFT_EMIT_LOC_STRINGS\=NO
    export SWIFT_EMIT_MODULE_INTERFACE\=NO
    export SWIFT_ENABLE_EXPLICIT_MODULES\=NO
    export SWIFT_INSTALL_OBJC_HEADER\=YES
    export SWIFT_OPTIMIZATION_LEVEL\=-O
    export SWIFT_PLATFORM_TARGET_PREFIX\=ios
    export SWIFT_RESPONSE_FILE_PATH_normal_arm64\=/Users/runner/work/App/App/build/Build/Intermediates.noindex/Pods.build/Release-iphoneos/ReactCodegen.build/Objects-normal/arm64/ReactCodegen.SwiftFileList
    export SWIFT_VERSION\=5.0
    export SYMROOT\=/Users/runner/work/App/App/build/Build/Products
    export SYSTEM_ADMIN_APPS_DIR\=/Applications/Utilities
    export SYSTEM_APPS_DIR\=/Applications
    export SYSTEM_CORE_SERVICES_DIR\=/System/Library/CoreServices
    export SYSTEM_DEMOS_DIR\=/Applications/Extras
    export SYSTEM_DEVELOPER_APPS_DIR\=/Applications/Xcode_26.3.app/Contents/Developer/Applications
    export SYSTEM_DEVELOPER_BIN_DIR\=/Applications/Xcode_26.3.app/Contents/Developer/usr/bin
    export SYSTEM_DEVELOPER_DEMOS_DIR\=/Applications/Xcode_26.3.app/Contents/Developer/Applications/Utilities/Built\ Examples
    export SYSTEM_DEVELOPER_DIR\=/Applications/Xcode_26.3.app/Contents/Developer
    export SYSTEM_DEVELOPER_DOC_DIR\=/Applications/Xcode_26.3.app/Contents/Developer/ADC\ Reference\ Library
    export SYSTEM_DEVELOPER_GRAPHICS_TOOLS_DIR\=/Applications/Xcode_26.3.app/Contents/Developer/Applications/Graphics\ Tools
    export SYSTEM_DEVELOPER_JAVA_TOOLS_DIR\=/Applications/Xcode_26.3.app/Contents/Developer/Applications/Java\ Tools
    export SYSTEM_DEVELOPER_PERFORMANCE_TOOLS_DIR\=/Applications/Xcode_26.3.app/Contents/Developer/Applications/Performance\ Tools
    export SYSTEM_DEVELOPER_RELEASENOTES_DIR\=/Applications/Xcode_26.3.app/Contents/Developer/ADC\ Reference\ Library/releasenotes
    export SYSTEM_DEVELOPER_TOOLS\=/Applications/Xcode_26.3.app/Contents/Developer/Tools
    export SYSTEM_DEVELOPER_TOOLS_DOC_DIR\=/Applications/Xcode_26.3.app/Contents/Developer/ADC\ Reference\ Library/documentation/DeveloperTools
    export SYSTEM_DEVELOPER_TOOLS_RELEASENOTES_DIR\=/Applications/Xcode_26.3.app/Contents/Developer/ADC\ Reference\ Library/releasenotes/DeveloperTools
    export SYSTEM_DEVELOPER_USR_DIR\=/Applications/Xcode_26.3.app/Contents/Developer/usr
    export SYSTEM_DEVELOPER_UTILITIES_DIR\=/Applications/Xcode_26.3.app/Contents/Developer/Applications/Utilities
    export SYSTEM_DEXT_INSTALL_PATH\=/System/Library/DriverExtensions
    export SYSTEM_DOCUMENTATION_DIR\=/Library/Documentation
    export SYSTEM_KEXT_INSTALL_PATH\=/System/Library/Extensions
    export SYSTEM_LIBRARY_DIR\=/System/Library
    export TAPI_DEMANGLE\=YES
    export TAPI_ENABLE_PROJECT_HEADERS\=NO
    export TAPI_LANGUAGE\=objective-c
    export TAPI_LANGUAGE_STANDARD\=compiler-default
    export TAPI_USE_SRCROOT\=YES
    export TAPI_VERIFY_MODE\=Pedantic
    export TARGETED_DEVICE_FAMILY\=1,2
    export TARGETNAME\=ReactCodegen
    export TARGET_BUILD_DIR\=/Users/runner/work/App/App/build/Build/Products/Release-iphoneos/ReactCodegen
    export TARGET_NAME\=ReactCodegen
    export TARGET_TEMP_DIR\=/Users/runner/work/App/App/build/Build/Intermediates.noindex/Pods.build/Release-iphoneos/ReactCodegen.build
    export TEMP_DIR\=/Users/runner/work/App/App/build/Build/Intermediates.noindex/Pods.build/Release-iphoneos/ReactCodegen.build
    export TEMP_FILES_DIR\=/Users/runner/work/App/App/build/Build/Intermediates.noindex/Pods.build/Release-iphoneos/ReactCodegen.build
    export TEMP_FILE_DIR\=/Users/runner/work/App/App/build/Build/Intermediates.noindex/Pods.build/Release-iphoneos/ReactCodegen.build
    export TEMP_ROOT\=/Users/runner/work/App/App/build/Build/Intermediates.noindex
    export TEMP_SANDBOX_DIR\=/Users/runner/work/App/App/build/Build/Intermediates.noindex/TemporaryTaskSandboxes
    export TEST_FRAMEWORK_SEARCH_PATHS\=\ /Applications/Xcode_26.3.app/Contents/Developer/Platforms/iPhoneOS.platform/Developer/Library/Frameworks\ /Applications/Xcode_26.3.app/Contents/Developer/Platforms/iPhoneOS.platform/Developer/SDKs/iPhoneOS26.2.sdk/Developer/Library/Frameworks
    export TEST_LIBRARY_SEARCH_PATHS\=\ /Applications/Xcode_26.3.app/Contents/Developer/Platforms/iPhoneOS.platform/Developer/usr/lib
    export TOOLCHAINS\=com.apple.dt.toolchain.Metal.32023.864\ com.apple.dt.toolchain.XcodeDefault
    export TOOLCHAIN_DIR\=/var/run/com.apple.security.cryptexd/mnt/com.apple.MobileAsset.MetalToolchain-v17.3.7003.10.HWIt4u/Metal.xctoolchain
    export TOOLCHAIN_VERSION\=32023.864
    export TREAT_MISSING_BASELINES_AS_TEST_FAILURES\=NO
    export TREAT_MISSING_SCRIPT_PHASE_OUTPUTS_AS_ERRORS\=NO
    export UID\=501
    export UNINSTALLED_PRODUCTS_DIR\=/Users/runner/work/App/App/build/Build/Intermediates.noindex/UninstalledProducts
    export UNSTRIPPED_PRODUCT\=NO
    export USER\=runner
    export USER_APPS_DIR\=/Users/runner/Applications
    export USER_LIBRARY_DIR\=/Users/runner/Library
    export USE_DYNAMIC_NO_PIC\=YES
    export USE_HEADERMAP\=YES
    export USE_HEADER_SYMLINKS\=NO
    export USE_HERMES\=true
    export USE_RECURSIVE_SCRIPT_INPUTS_IN_SCRIPT_PHASES\=YES
    export VALIDATE_DEVELOPMENT_ASSET_PATHS\=YES_ERROR
    export VALIDATE_PRODUCT\=YES
    export VALID_ARCHS\=arm64\ arm64e\ armv7\ armv7s
    export VERBOSE_PBXCP\=NO
    export VERSION_INFO_BUILDER\=runner
    export VERSION_INFO_FILE\=ReactCodegen_vers.c
    export VERSION_INFO_STRING\=\"@\(\#\)PROGRAM:ReactCodegen\ \ PROJECT:Pods-\"
    export WORKSPACE_DIR\=/Users/runner/work/App/App/ios
    export WRAP_ASSET_PACKS_IN_SEPARATE_DIRECTORIES\=NO
    export XCODE_APP_SUPPORT_DIR\=/Applications/Xcode_26.3.app/Contents/Developer/Library/Xcode
    export XCODE_PRODUCT_BUILD_VERSION\=17C529
    export XCODE_VERSION_ACTUAL\=2630
    export XCODE_VERSION_MAJOR\=2600
    export XCODE_VERSION_MINOR\=2630
    export XPCSERVICES_FOLDER_PATH\=/XPCServices
    export YACC\=yacc
    export _DISCOVER_COMMAND_LINE_LINKER_INPUTS\=YES
    export _DISCOVER_COMMAND_LINE_LINKER_INPUTS_INCLUDE_WL\=YES
    export _LD_MULTIARCH\=YES
    export __DIAGNOSE_DEPRECATED_ARCHS\=YES
    export arch\=undefined_arch
    export variant\=normal
    /bin/sh -c /Users/runner/work/App/App/build/Build/Intermediates.noindex/Pods.build/Release-iphoneos/ReactCodegen.build/Script-46EB2E0001CBD0.sh

CompileC /Users/runner/work/App/App/build/Build/Intermediates.noindex/Pods.build/Release-iphoneos/ReactCodegen.build/Objects-normal/arm64/safeareacontext-generated.o /Users/runner/work/App/App/ios/build/generated/ios/ReactCodegen/safeareacontext/safeareacontext-generated.mm normal arm64 objective-c++ com.apple.compilers.llvm.clang.1_0.compiler (in target 'ReactCodegen' from project 'Pods')
    cd /Users/runner/work/App/App/ios/Pods
    
    Using response file: /Users/runner/work/App/App/build/Build/Intermediates.noindex/Pods.build/Release-iphoneos/ReactCodegen.build/Objects-normal/arm64/af3fcb34312c57c0f52879cdce924b91-common-args.resp
    
    /Applications/Xcode_26.3.app/Contents/Developer/Toolchains/XcodeDefault.xctoolchain/usr/bin/clang -x objective-c++ -ivfsstatcache /Users/runner/work/App/App/build/SDKStatCaches.noindex/iphoneos26.2-23C57-dc75598d0054f22ec865fa860f139d722dd23b4ebda140f7210d155ff1243552.sdkstatcache -fmessage-length\=0 -fdiagnostics-show-note-include-stack -fmacro-backtrace-limit\=0 -fno-color-diagnostics -fmodules-prune-interval\=86400 -fmodules-prune-after\=345600 -fbuild-session-file\=/Users/runner/work/App/App/build/ModuleCache.noindex/Session.modulevalidation -fmodules-validate-once-per-build-session -Wnon-modular-include-in-framework-module -Werror\=non-modular-include-in-framework-module -Wno-trigraphs -Wno-missing-field-initializers -Wno-missing-prototypes -Werror\=return-type -Wdocumentation -Wunreachable-code -Wno-implicit-atomic-properties -Werror\=deprecated-objc-isa-usage -Wno-objc-interface-ivars -Werror\=objc-root-class -Wno-arc-repeated-use-of-weak -Wimplicit-retain-self -Wno-non-virtual-dtor -Wno-overloaded-virtual -Wno-exit-time-destructors -Wduplicate-method-match -Wno-missing-braces -Wparentheses -Wswitch -Wunused-function -Wno-unused-label -Wno-unused-parameter -Wunused-variable -Wunused-value -Wempty-body -Wuninitialized -Wconditional-uninitialized -Wno-unknown-pragmas -Wno-shadow -Wno-four-char-constants -Wno-conversion -Wconstant-conversion -Wint-conversion -Wbool-conversion -Wenum-conversion -Wno-float-conversion -Wnon-literal-null-conversion -Wobjc-literal-conversion -Wshorten-64-to-32 -Wno-newline-eof -Wno-selector -Wno-strict-selector-match -Wundeclared-selector -Wdeprecated-implementations -Wno-c++11-extensions -Wno-implicit-fallthrough -fstrict-aliasing -Wprotocol -Wdeprecated-declarations -Winvalid-offsetof -Wno-sign-conversion -Winfinite-recursion -Wmove -Wcomma -Wblock-capture-autoreleasing -Wstrict-prototypes -Wrange-loop-analysis -Wno-semicolon-before-method-body -Wunguarded-availability -Wno-comma -Wno-shorten-64-to-32 -Wno-documentation @/Users/runner/work/App/App/build/Build/Intermediates.noindex/Pods.build/Release-iphoneos/ReactCodegen.build/Objects-normal/arm64/af3fcb34312c57c0f52879cdce924b91-common-args.resp -DFOLLY_MOBILE\=1 -DFOLLY_USE_LIBCPP\=1 -DFOLLY_CFG_NO_COROUTINES\=1 -DFOLLY_HAVE_CLOCK_GETTIME\=1 -Wno-comma -Wno-shorten-64-to-32 -Wno-documentation -Wno-nullability-completeness -std\=c++20 -include /Users/runner/work/App/App/ios/Pods/Target\ Support\ Files/ReactCodegen/ReactCodegen-prefix.pch -MMD -MT dependencies -MF /Users/runner/work/App/App/build/Build/Intermediates.noindex/Pods.build/Release-iphoneos/ReactCodegen.build/Objects-normal/arm64/safeareacontext-generated.d --serialize-diagnostics /Users/runner/work/App/App/build/Build/Intermediates.noindex/Pods.build/Release-iphoneos/ReactCodegen.build/Objects-normal/arm64/safeareacontext-generated.dia -c /Users/runner/work/App/App/ios/build/generated/ios/ReactCodegen/safeareacontext/safeareacontext-generated.mm -o /Users/runner/work/App/App/build/Build/Intermediates.noindex/Pods.build/Release-iphoneos/ReactCodegen.build/Objects-normal/arm64/safeareacontext-generated.o

CompileC /Users/runner/work/App/App/build/Build/Intermediates.noindex/Pods.build/Release-iphoneos/ReactCodegen.build/Objects-normal/arm64/rnasyncstorage-generated.o /Users/runner/work/App/App/ios/build/generated/ios/ReactCodegen/rnasyncstorage/rnasyncstorage-generated.mm normal arm64 objective-c++ com.apple.compilers.llvm.clang.1_0.compiler (in target 'ReactCodegen' from project 'Pods')
    cd /Users/runner/work/App/App/ios/Pods
    
    Using response file: /Users/runner/work/App/App/build/Build/Intermediates.noindex/Pods.build/Release-iphoneos/ReactCodegen.build/Objects-normal/arm64/af3fcb34312c57c0f52879cdce924b91-common-args.resp
    
    /Applications/Xcode_26.3.app/Contents/Developer/Toolchains/XcodeDefault.xctoolchain/usr/bin/clang -x objective-c++ -ivfsstatcache /Users/runner/work/App/App/build/SDKStatCaches.noindex/iphoneos26.2-23C57-dc75598d0054f22ec865fa860f139d722dd23b4ebda140f7210d155ff1243552.sdkstatcache -fmessage-length\=0 -fdiagnostics-show-note-include-stack -fmacro-backtrace-limit\=0 -fno-color-diagnostics -fmodules-prune-interval\=86400 -fmodules-prune-after\=345600 -fbuild-session-file\=/Users/runner/work/App/App/build/ModuleCache.noindex/Session.modulevalidation -fmodules-validate-once-per-build-session -Wnon-modular-include-in-framework-module -Werror\=non-modular-include-in-framework-module -Wno-trigraphs -Wno-missing-field-initializers -Wno-missing-prototypes -Werror\=return-type -Wdocumentation -Wunreachable-code -Wno-implicit-atomic-properties -Werror\=deprecated-objc-isa-usage -Wno-objc-interface-ivars -Werror\=objc-root-class -Wno-arc-repeated-use-of-weak -Wimplicit-retain-self -Wno-non-virtual-dtor -Wno-overloaded-virtual -Wno-exit-time-destructors -Wduplicate-method-match -Wno-missing-braces -Wparentheses -Wswitch -Wunused-function -Wno-unused-label -Wno-unused-parameter -Wunused-variable -Wunused-value -Wempty-body -Wuninitialized -Wconditional-uninitialized -Wno-unknown-pragmas -Wno-shadow -Wno-four-char-constants -Wno-conversion -Wconstant-conversion -Wint-conversion -Wbool-conversion -Wenum-conversion -Wno-float-conversion -Wnon-literal-null-conversion -Wobjc-literal-conversion -Wshorten-64-to-32 -Wno-newline-eof -Wno-selector -Wno-strict-selector-match -Wundeclared-selector -Wdeprecated-implementations -Wno-c++11-extensions -Wno-implicit-fallthrough -fstrict-aliasing -Wprotocol -Wdeprecated-declarations -Winvalid-offsetof -Wno-sign-conversion -Winfinite-recursion -Wmove -Wcomma -Wblock-capture-autoreleasing -Wstrict-prototypes -Wrange-loop-analysis -Wno-semicolon-before-method-body -Wunguarded-availability -Wno-comma -Wno-shorten-64-to-32 -Wno-documentation @/Users/runner/work/App/App/build/Build/Intermediates.noindex/Pods.build/Release-iphoneos/ReactCodegen.build/Objects-normal/arm64/af3fcb34312c57c0f52879cdce924b91-common-args.resp -DFOLLY_MOBILE\=1 -DFOLLY_USE_LIBCPP\=1 -DFOLLY_CFG_NO_COROUTINES\=1 -DFOLLY_HAVE_CLOCK_GETTIME\=1 -Wno-comma -Wno-shorten-64-to-32 -Wno-documentation -Wno-nullability-completeness -std\=c++20 -include /Users/runner/work/App/App/ios/Pods/Target\ Support\ Files/ReactCodegen/ReactCodegen-prefix.pch -MMD -MT dependencies -MF /Users/runner/work/App/App/build/Build/Intermediates.noindex/Pods.build/Release-iphoneos/ReactCodegen.build/Objects-normal/arm64/rnasyncstorage-generated.d --serialize-diagnostics /Users/runner/work/App/App/build/Build/Intermediates.noindex/Pods.build/Release-iphoneos/ReactCodegen.build/Objects-normal/arm64/rnasyncstorage-generated.dia -c /Users/runner/work/App/App/ios/build/generated/ios/ReactCodegen/rnasyncstorage/rnasyncstorage-generated.mm -o /Users/runner/work/App/App/build/Build/Intermediates.noindex/Pods.build/Release-iphoneos/ReactCodegen.build/Objects-normal/arm64/rnasyncstorage-generated.o

CompileC /Users/runner/work/App/App/build/Build/Intermediates.noindex/Pods.build/Release-iphoneos/ReactCodegen.build/Objects-normal/arm64/States-e2e4f8d4e7e9d211dbcf2a9dd7e2a02a.o /Users/runner/work/App/App/ios/build/generated/ios/ReactCodegen/react/renderer/components/RNCWebViewSpec/States.cpp normal arm64 c++ com.apple.compilers.llvm.clang.1_0.compiler (in target 'ReactCodegen' from project 'Pods')
    cd /Users/runner/work/App/App/ios/Pods
    
    Using response file: /Users/runner/work/App/App/build/Build/Intermediates.noindex/Pods.build/Release-iphoneos/ReactCodegen.build/Objects-normal/arm64/82b82416624d2658e5098eb0a28c15c5-common-args.resp
    
    /Applications/Xcode_26.3.app/Contents/Developer/Toolchains/XcodeDefault.xctoolchain/usr/bin/clang -x c++ -ivfsstatcache /Users/runner/work/App/App/build/SDKStatCaches.noindex/iphoneos26.2-23C57-dc75598d0054f22ec865fa860f139d722dd23b4ebda140f7210d155ff1243552.sdkstatcache -fmessage-length\=0 -fdiagnostics-show-note-include-stack -fmacro-backtrace-limit\=0 -fno-color-diagnostics -fmodules-prune-interval\=86400 -fmodules-prune-after\=345600 -fbuild-session-file\=/Users/runner/work/App/App/build/ModuleCache.noindex/Session.modulevalidation -fmodules-validate-once-per-build-session -Wnon-modular-include-in-framework-module -Werror\=non-modular-include-in-framework-module -Wno-trigraphs -Wno-missing-field-initializers -Wno-missing-prototypes -Werror\=return-type -Wdocumentation -Wunreachable-code -Werror\=deprecated-objc-isa-usage -Werror\=objc-root-class -Wno-non-virtual-dtor -Wno-overloaded-virtual -Wno-exit-time-destructors -Wno-missing-braces -Wparentheses -Wswitch -Wunused-function -Wno-unused-label -Wno-unused-parameter -Wunused-variable -Wunused-value -Wempty-body -Wuninitialized -Wconditional-uninitialized -Wno-unknown-pragmas -Wno-shadow -Wno-four-char-constants -Wno-conversion -Wconstant-conversion -Wint-conversion -Wbool-conversion -Wenum-conversion -Wno-float-conversion -Wnon-literal-null-conversion -Wobjc-literal-conversion -Wshorten-64-to-32 -Wno-newline-eof -Wno-c++11-extensions -Wno-implicit-fallthrough -fstrict-aliasing -Wdeprecated-declarations -Winvalid-offsetof -Wno-sign-conversion -Winfinite-recursion -Wmove -Wcomma -Wblock-capture-autoreleasing -Wstrict-prototypes -Wrange-loop-analysis -Wno-semicolon-before-method-body -Wunguarded-availability -Wno-comma -Wno-shorten-64-to-32 -Wno-documentation @/Users/runner/work/App/App/build/Build/Intermediates.noindex/Pods.build/Release-iphoneos/ReactCodegen.build/Objects-normal/arm64/82b82416624d2658e5098eb0a28c15c5-common-args.resp -DFOLLY_MOBILE\=1 -DFOLLY_USE_LIBCPP\=1 -DFOLLY_CFG_NO_COROUTINES\=1 -DFOLLY_HAVE_CLOCK_GETTIME\=1 -Wno-comma -Wno-shorten-64-to-32 -Wno-documentation -Wno-nullability-completeness -std\=c++20 -include /Users/runner/work/App/App/ios/Pods/Target\ Support\ Files/ReactCodegen/ReactCodegen-prefix.pch -MMD -MT dependencies -MF /Users/runner/work/App/App/build/Build/Intermediates.noindex/Pods.build/Release-iphoneos/ReactCodegen.build/Objects-normal/arm64/States-e2e4f8d4e7e9d211dbcf2a9dd7e2a02a.d --serialize-diagnostics /Users/runner/work/App/App/build/Build/Intermediates.noindex/Pods.build/Release-iphoneos/ReactCodegen.build/Objects-normal/arm64/States-e2e4f8d4e7e9d211dbcf2a9dd7e2a02a.dia -c /Users/runner/work/App/App/ios/build/generated/ios/ReactCodegen/react/renderer/components/RNCWebViewSpec/States.cpp -o /Users/runner/work/App/App/build/Build/Intermediates.noindex/Pods.build/Release-iphoneos/ReactCodegen.build/Objects-normal/arm64/States-e2e4f8d4e7e9d211dbcf2a9dd7e2a02a.o

SwiftDriverJobDiscovery normal arm64 Compiling ExpoLogBoxController.swift, ExpoLogBoxWebViewWrapper.swift (in target 'ExpoLogBox' from project 'Pods')

SwiftDriver\ Compilation\ Requirements ExpoLogBox normal arm64 com.apple.xcode.tools.swift.compiler (in target 'ExpoLogBox' from project 'Pods')
    cd /Users/runner/work/App/App/ios/Pods
    builtin-Swift-Compilation-Requirements -- /Applications/Xcode_26.3.app/Contents/Developer/Toolchains/XcodeDefault.xctoolchain/usr/bin/swiftc -module-name ExpoLogBox -O -whole-module-optimization -enforce-exclusivity\=checked @/Users/runner/work/App/App/build/Build/Intermediates.noindex/Pods.build/Release-iphoneos/ExpoLogBox.build/Objects-normal/arm64/ExpoLogBox.SwiftFileList -D COCOAPODS -import-underlying-module -Xcc -fmodule-map-file\=/Users/runner/work/App/App/ios/Pods/Headers/Public/ExpoLogBox/ExpoLogBox.modulemap -Xcc -ivfsoverlay -Xcc /Users/runner/work/App/App/ios/Pods/React-Core-prebuilt/React-VFS.yaml -Xcc -Wno-incomplete-umbrella -enable-bare-slash-regex -enable-experimental-feature DebugDescriptionMacro -sdk /Applications/Xcode_26.3.app/Contents/Developer/Platforms/iPhoneOS.platform/Developer/SDKs/iPhoneOS26.2.sdk -target arm64-apple-ios16.4 -g -module-cache-path /Users/runner/work/App/App/build/ModuleCache.noindex -Xfrontend -serialize-debugging-options -swift-version 5 -I /Users/runner/work/App/App/build/Build/Products/Release-iphoneos/ExpoLogBox -F /Users/runner/work/App/App/build/Build/Products/Release-iphoneos/ExpoLogBox -F /Users/runner/work/App/App/ios/Pods/React-Core-prebuilt -F /Users/runner/work/App/App/ios/Pods/ReactNativeDependencies/framework/packages/react-native -F /Users/runner/work/App/App/ios/Pods/hermes-engine/destroot/Library/Frameworks/universal -F /Users/runner/work/App/App/build/Build/Products/Release-iphoneos/XCFrameworkIntermediates/React-Core-prebuilt -F /Users/runner/work/App/App/build/Build/Products/Release-iphoneos/XCFrameworkIntermediates/ReactNativeDependencies -F /Users/runner/work/App/App/build/Build/Products/Release-iphoneos/XCFrameworkIntermediates/hermes-engine/Pre-built -c -num-threads 3 -Xcc -ivfsstatcache -Xcc /Users/runner/work/App/App/build/SDKStatCaches.noindex/iphoneos26.2-23C57-dc75598d0054f22ec865fa860f139d722dd23b4ebda140f7210d155ff1243552.sdkstatcache -output-file-map /Users/runner/work/App/App/build/Build/Intermediates.noindex/Pods.build/Release-iphoneos/ExpoLogBox.build/Objects-normal/arm64/ExpoLogBox-OutputFileMap.json -use-frontend-parseable-output -save-temps -no-color-diagnostics -serialize-diagnostics -emit-dependencies -emit-module -emit-module-path /Users/runner/work/App/App/build/Build/Intermediates.noindex/Pods.build/Release-iphoneos/ExpoLogBox.build/Objects-normal/arm64/ExpoLogBox.swiftmodule -validate-clang-modules-once -clang-build-session-file /Users/runner/work/App/App/build/ModuleCache.noindex/Session.modulevalidation -Xcc -I/Users/runner/work/App/App/build/Build/Intermediates.noindex/Pods.build/Release-iphoneos/ExpoLogBox.build/swift-overrides.hmap -emit-const-values -Xfrontend -const-gather-protocols-file -Xfrontend /Users/runner/work/App/App/build/Build/Intermediates.noindex/Pods.build/Release-iphoneos/ExpoLogBox.build/Objects-normal/arm64/ExpoLogBox_const_extract_protocols.json -Xcc -iquote -Xcc /Users/runner/work/App/App/build/Build/Intermediates.noindex/Pods.build/Release-iphoneos/ExpoLogBox.build/ExpoLogBox-generated-files.hmap -Xcc -I/Users/runner/work/App/App/build/Build/Intermediates.noindex/Pods.build/Release-iphoneos/ExpoLogBox.build/ExpoLogBox-own-target-headers.hmap -Xcc -I/Users/runner/work/App/App/build/Build/Intermediates.noindex/Pods.build/Release-iphoneos/ExpoLogBox.build/ExpoLogBox-all-non-framework-target-headers.hmap -Xcc -ivfsoverlay -Xcc /Users/runner/work/App/App/build/Build/Intermediates.noindex/Pods.build/Release-iphoneos/Pods-8699adb1dd336b26511df848a716bd42-VFS-iphoneos/all-product-headers.yaml -Xcc -iquote -Xcc /Users/runner/work/App/App/build/Build/Intermediates.noindex/Pods.build/Release-iphoneos/ExpoLogBox.build/ExpoLogBox-project-headers.hmap -Xcc -I/Users/runner/work/App/App/build/Build/Products/Release-iphoneos/ExpoLogBox/include -Xcc -I/Users/runner/work/App/App/ios/Pods/Headers/Public -Xcc -I/Users/runner/work/App/App/ios/Pods/Headers/Public/React-Core -Xcc -I/Users/runner/work/App/App/ios/Pods/Headers/Public/React-Core-prebuilt -Xcc -I/Users/runner/work/App/App/ios/Pods/Headers/Public/React-callinvoker -Xcc -I/Users/runner/work/App/App/ios/Pods/Headers/Public/React-cxxreact -Xcc -I/Users/runner/work/App/App/ios/Pods/Headers/Public/React-debug -Xcc -I/Users/runner/work/App/App/ios/Pods/Headers/Public/React-featureflags -Xcc -I/Users/runner/work/App/App/ios/Pods/Headers/Public/React-hermes -Xcc -I/Users/runner/work/App/App/ios/Pods/Headers/Public/React-jserrorhandler -Xcc -I/Users/runner/work/App/App/ios/Pods/Headers/Public/React-jsi -Xcc -I/Users/runner/work/App/App/ios/Pods/Headers/Public/React-jsiexecutor -Xcc -I/Users/runner/work/App/App/ios/Pods/Headers/Public/React-jsinspector -Xcc -I/Users/runner/work/App/App/ios/Pods/Headers/Public/React-jsinspectorcdp -Xcc -I/Users/runner/work/App/App/ios/Pods/Headers/Public/React-jsinspectornetwork -Xcc -I/Users/runner/work/App/App/ios/Pods/Headers/Public/React-jsinspectortracing -Xcc -I/Users/runner/work/App/App/ios/Pods/Headers/Public/React-jsitooling -Xcc -I/Users/runner/work/App/App/ios/Pods/Headers/Public/React-logger -Xcc -I/Users/runner/work/App/App/ios/Pods/Headers/Public/React-oscompat -Xcc -I/Users/runner/work/App/App/ios/Pods/Headers/Public/React-perflogger -Xcc -I/Users/runner/work/App/App/ios/Pods/Headers/Public/React-performancetimeline -Xcc -I/Users/runner/work/App/App/ios/Pods/Headers/Public/React-rendererconsistency -Xcc -I/Users/runner/work/App/App/ios/Pods/Headers/Public/React-rendererdebug -Xcc -I/Users/runner/work/App/App/ios/Pods/Headers/Public/React-runtimeexecutor -Xcc -I/Users/runner/work/App/App/ios/Pods/Headers/Public/React-runtimescheduler -Xcc -I/Users/runner/work/App/App/ios/Pods/Headers/Public/React-timing -Xcc -I/Users/runner/work/App/App/ios/Pods/Headers/Public/React-utils -Xcc -I/Users/runner/work/App/App/ios/Pods/Headers/Public/ReactCommon -Xcc -I/Users/runner/work/App/App/ios/Pods/Headers/Public/ReactNativeDependencies -Xcc -I/Users/runner/work/App/App/ios/Pods/Headers/Public/Yoga -Xcc -I/Users/runner/work/App/App/ios/Pods/Headers/Public/hermes-engine -Xcc -I/Users/runner/work/App/App/ios/Pods/ExpoModulesCore/ExpoModulesCore.xcframework/ios-arm64_x86_64-simulator/ExpoModulesCore.framework/Headers -Xcc -I/Users/runner/work/App/App/ios/Pods/ExpoModulesCore/ExpoModulesCore.xcframework/ios-arm64/ExpoModulesCore.framework/Headers -Xcc -I/Users/runner/work/App/App/ios/Pods/ExpoModulesCore/ExpoModulesCore.xcframework/ios-arm64_x86_64-simulator/ExpoModulesCore.framework/Headers -Xcc -I/Users/runner/work/App/App/ios/Pods/ExpoModulesCore/ExpoModulesCore.xcframework/ios-arm64/ExpoModulesCore.framework/Headers -Xcc -I/Users/runner/work/App/App/build/Build/Intermediates.noindex/Pods.build/Release-iphoneos/ExpoLogBox.build/DerivedSources-normal/arm64 -Xcc -I/Users/runner/work/App/App/build/Build/Intermediates.noindex/Pods.build/Release-iphoneos/ExpoLogBox.build/DerivedSources/arm64 -Xcc -I/Users/runner/work/App/App/build/Build/Intermediates.noindex/Pods.build/Release-iphoneos/ExpoLogBox.build/DerivedSources -Xcc -DPOD_CONFIGURATION_RELEASE\=1 -Xcc -DCOCOAPODS\=1 -emit-objc-header -emit-objc-header-path /Users/runner/work/App/App/build/Build/Intermediates.noindex/Pods.build/Release-iphoneos/ExpoLogBox.build/Objects-normal/arm64/ExpoLogBox-Swift.h -working-directory /Users/runner/work/App/App/ios/Pods -no-emit-module-separately-wmo

CompileC /Users/runner/work/App/App/build/Build/Intermediates.noindex/Pods.build/Release-iphoneos/ReactCodegen.build/Objects-normal/arm64/States-b57e6677ef0770868736411c5a476882.o /Users/runner/work/App/App/ios/build/generated/ios/ReactCodegen/react/renderer/components/safeareacontext/States.cpp normal arm64 c++ com.apple.compilers.llvm.clang.1_0.compiler (in target 'ReactCodegen' from project 'Pods')
    cd /Users/runner/work/App/App/ios/Pods
    
    Using response file: /Users/runner/work/App/App/build/Build/Intermediates.noindex/Pods.build/Release-iphoneos/ReactCodegen.build/Objects-normal/arm64/82b82416624d2658e5098eb0a28c15c5-common-args.resp
    
    /Applications/Xcode_26.3.app/Contents/Developer/Toolchains/XcodeDefault.xctoolchain/usr/bin/clang -x c++ -ivfsstatcache /Users/runner/work/App/App/build/SDKStatCaches.noindex/iphoneos26.2-23C57-dc75598d0054f22ec865fa860f139d722dd23b4ebda140f7210d155ff1243552.sdkstatcache -fmessage-length\=0 -fdiagnostics-show-note-include-stack -fmacro-backtrace-limit\=0 -fno-color-diagnostics -fmodules-prune-interval\=86400 -fmodules-prune-after\=345600 -fbuild-session-file\=/Users/runner/work/App/App/build/ModuleCache.noindex/Session.modulevalidation -fmodules-validate-once-per-build-session -Wnon-modular-include-in-framework-module -Werror\=non-modular-include-in-framework-module -Wno-trigraphs -Wno-missing-field-initializers -Wno-missing-prototypes -Werror\=return-type -Wdocumentation -Wunreachable-code -Werror\=deprecated-objc-isa-usage -Werror\=objc-root-class -Wno-non-virtual-dtor -Wno-overloaded-virtual -Wno-exit-time-destructors -Wno-missing-braces -Wparentheses -Wswitch -Wunused-function -Wno-unused-label -Wno-unused-parameter -Wunused-variable -Wunused-value -Wempty-body -Wuninitialized -Wconditional-uninitialized -Wno-unknown-pragmas -Wno-shadow -Wno-four-char-constants -Wno-conversion -Wconstant-conversion -Wint-conversion -Wbool-conversion -Wenum-conversion -Wno-float-conversion -Wnon-literal-null-conversion -Wobjc-literal-conversion -Wshorten-64-to-32 -Wno-newline-eof -Wno-c++11-extensions -Wno-implicit-fallthrough -fstrict-aliasing -Wdeprecated-declarations -Winvalid-offsetof -Wno-sign-conversion -Winfinite-recursion -Wmove -Wcomma -Wblock-capture-autoreleasing -Wstrict-prototypes -Wrange-loop-analysis -Wno-semicolon-before-method-body -Wunguarded-availability -Wno-comma -Wno-shorten-64-to-32 -Wno-documentation @/Users/runner/work/App/App/build/Build/Intermediates.noindex/Pods.build/Release-iphoneos/ReactCodegen.build/Objects-normal/arm64/82b82416624d2658e5098eb0a28c15c5-common-args.resp -DFOLLY_MOBILE\=1 -DFOLLY_USE_LIBCPP\=1 -DFOLLY_CFG_NO_COROUTINES\=1 -DFOLLY_HAVE_CLOCK_GETTIME\=1 -Wno-comma -Wno-shorten-64-to-32 -Wno-documentation -Wno-nullability-completeness -std\=c++20 -include /Users/runner/work/App/App/ios/Pods/Target\ Support\ Files/ReactCodegen/ReactCodegen-prefix.pch -MMD -MT dependencies -MF /Users/runner/work/App/App/build/Build/Intermediates.noindex/Pods.build/Release-iphoneos/ReactCodegen.build/Objects-normal/arm64/States-b57e6677ef0770868736411c5a476882.d --serialize-diagnostics /Users/runner/work/App/App/build/Build/Intermediates.noindex/Pods.build/Release-iphoneos/ReactCodegen.build/Objects-normal/arm64/States-b57e6677ef0770868736411c5a476882.dia -c /Users/runner/work/App/App/ios/build/generated/ios/ReactCodegen/react/renderer/components/safeareacontext/States.cpp -o /Users/runner/work/App/App/build/Build/Intermediates.noindex/Pods.build/Release-iphoneos/ReactCodegen.build/Objects-normal/arm64/States-b57e6677ef0770868736411c5a476882.o

SwiftMergeGeneratedHeaders /Users/runner/work/App/App/build/Build/Intermediates.noindex/Pods.build/Release-iphoneos/ExpoLogBox.build/DerivedSources/ExpoLogBox-Swift.h /Users/runner/work/App/App/build/Build/Intermediates.noindex/Pods.build/Release-iphoneos/ExpoLogBox.build/Objects-normal/arm64/ExpoLogBox-Swift.h (in target 'ExpoLogBox' from project 'Pods')
    cd /Users/runner/work/App/App/ios/Pods
    builtin-swiftHeaderTool -arch arm64 /Users/runner/work/App/App/build/Build/Intermediates.noindex/Pods.build/Release-iphoneos/ExpoLogBox.build/Objects-normal/arm64/ExpoLogBox-Swift.h -o /Users/runner/work/App/App/build/Build/Intermediates.noindex/Pods.build/Release-iphoneos/ExpoLogBox.build/DerivedSources/ExpoLogBox-Swift.h

Copy /Users/runner/work/App/App/build/Build/Products/Release-iphoneos/ExpoLogBox/ExpoLogBox.swiftmodule/arm64-apple-ios.swiftmodule /Users/runner/work/App/App/build/Build/Intermediates.noindex/Pods.build/Release-iphoneos/ExpoLogBox.build/Objects-normal/arm64/ExpoLogBox.swiftmodule (in target 'ExpoLogBox' from project 'Pods')
    cd /Users/runner/work/App/App/ios/Pods
    builtin-copy -exclude .DS_Store -exclude CVS -exclude .svn -exclude .git -exclude .hg -resolve-src-symlinks -rename /Users/runner/work/App/App/build/Build/Intermediates.noindex/Pods.build/Release-iphoneos/ExpoLogBox.build/Objects-normal/arm64/ExpoLogBox.swiftmodule /Users/runner/work/App/App/build/Build/Products/Release-iphoneos/ExpoLogBox/ExpoLogBox.swiftmodule/arm64-apple-ios.swiftmodule

Copy /Users/runner/work/App/App/build/Build/Products/Release-iphoneos/ExpoLogBox/ExpoLogBox.swiftmodule/arm64-apple-ios.swiftdoc /Users/runner/work/App/App/build/Build/Intermediates.noindex/Pods.build/Release-iphoneos/ExpoLogBox.build/Objects-normal/arm64/ExpoLogBox.swiftdoc (in target 'ExpoLogBox' from project 'Pods')
    cd /Users/runner/work/App/App/ios/Pods
    builtin-copy -exclude .DS_Store -exclude CVS -exclude .svn -exclude .git -exclude .hg -resolve-src-symlinks -rename /Users/runner/work/App/App/build/Build/Intermediates.noindex/Pods.build/Release-iphoneos/ExpoLogBox.build/Objects-normal/arm64/ExpoLogBox.swiftdoc /Users/runner/work/App/App/build/Build/Products/Release-iphoneos/ExpoLogBox/ExpoLogBox.swiftmodule/arm64-apple-ios.swiftdoc

Copy /Users/runner/work/App/App/build/Build/Products/Release-iphoneos/ExpoLogBox/ExpoLogBox.swiftmodule/arm64-apple-ios.abi.json /Users/runner/work/App/App/build/Build/Intermediates.noindex/Pods.build/Release-iphoneos/ExpoLogBox.build/Objects-normal/arm64/ExpoLogBox.abi.json (in target 'ExpoLogBox' from project 'Pods')
    cd /Users/runner/work/App/App/ios/Pods
    builtin-copy -exclude .DS_Store -exclude CVS -exclude .svn -exclude .git -exclude .hg -resolve-src-symlinks -rename /Users/runner/work/App/App/build/Build/Intermediates.noindex/Pods.build/Release-iphoneos/ExpoLogBox.build/Objects-normal/arm64/ExpoLogBox.abi.json /Users/runner/work/App/App/build/Build/Products/Release-iphoneos/ExpoLogBox/ExpoLogBox.swiftmodule/arm64-apple-ios.abi.json

Copy /Users/runner/work/App/App/build/Build/Products/Release-iphoneos/ExpoLogBox/ExpoLogBox.swiftmodule/Project/arm64-apple-ios.swiftsourceinfo /Users/runner/work/App/App/build/Build/Intermediates.noindex/Pods.build/Release-iphoneos/ExpoLogBox.build/Objects-normal/arm64/ExpoLogBox.swiftsourceinfo (in target 'ExpoLogBox' from project 'Pods')
    cd /Users/runner/work/App/App/ios/Pods
    builtin-copy -exclude .DS_Store -exclude CVS -exclude .svn -exclude .git -exclude .hg -resolve-src-symlinks -rename /Users/runner/work/App/App/build/Build/Intermediates.noindex/Pods.build/Release-iphoneos/ExpoLogBox.build/Objects-normal/arm64/ExpoLogBox.swiftsourceinfo /Users/runner/work/App/App/build/Build/Products/Release-iphoneos/ExpoLogBox/ExpoLogBox.swiftmodule/Project/arm64-apple-ios.swiftsourceinfo

CompileC /Users/runner/work/App/App/build/Build/Intermediates.noindex/Pods.build/Release-iphoneos/ReactCodegen.build/Objects-normal/arm64/ShadowNodes-efa08b4118543a424338abe5231df6cf.o /Users/runner/work/App/App/ios/build/generated/ios/ReactCodegen/react/renderer/components/RNCWebViewSpec/ShadowNodes.cpp normal arm64 c++ com.apple.compilers.llvm.clang.1_0.compiler (in target 'ReactCodegen' from project 'Pods')
    cd /Users/runner/work/App/App/ios/Pods
    
    Using response file: /Users/runner/work/App/App/build/Build/Intermediates.noindex/Pods.build/Release-iphoneos/ReactCodegen.build/Objects-normal/arm64/82b82416624d2658e5098eb0a28c15c5-common-args.resp
    
    /Applications/Xcode_26.3.app/Contents/Developer/Toolchains/XcodeDefault.xctoolchain/usr/bin/clang -x c++ -ivfsstatcache /Users/runner/work/App/App/build/SDKStatCaches.noindex/iphoneos26.2-23C57-dc75598d0054f22ec865fa860f139d722dd23b4ebda140f7210d155ff1243552.sdkstatcache -fmessage-length\=0 -fdiagnostics-show-note-include-stack -fmacro-backtrace-limit\=0 -fno-color-diagnostics -fmodules-prune-interval\=86400 -fmodules-prune-after\=345600 -fbuild-session-file\=/Users/runner/work/App/App/build/ModuleCache.noindex/Session.modulevalidation -fmodules-validate-once-per-build-session -Wnon-modular-include-in-framework-module -Werror\=non-modular-include-in-framework-module -Wno-trigraphs -Wno-missing-field-initializers -Wno-missing-prototypes -Werror\=return-type -Wdocumentation -Wunreachable-code -Werror\=deprecated-objc-isa-usage -Werror\=objc-root-class -Wno-non-virtual-dtor -Wno-overloaded-virtual -Wno-exit-time-destructors -Wno-missing-braces -Wparentheses -Wswitch -Wunused-function -Wno-unused-label -Wno-unused-parameter -Wunused-variable -Wunused-value -Wempty-body -Wuninitialized -Wconditional-uninitialized -Wno-unknown-pragmas -Wno-shadow -Wno-four-char-constants -Wno-conversion -Wconstant-conversion -Wint-conversion -Wbool-conversion -Wenum-conversion -Wno-float-conversion -Wnon-literal-null-conversion -Wobjc-literal-conversion -Wshorten-64-to-32 -Wno-newline-eof -Wno-c++11-extensions -Wno-implicit-fallthrough -fstrict-aliasing -Wdeprecated-declarations -Winvalid-offsetof -Wno-sign-conversion -Winfinite-recursion -Wmove -Wcomma -Wblock-capture-autoreleasing -Wstrict-prototypes -Wrange-loop-analysis -Wno-semicolon-before-method-body -Wunguarded-availability -Wno-comma -Wno-shorten-64-to-32 -Wno-documentation @/Users/runner/work/App/App/build/Build/Intermediates.noindex/Pods.build/Release-iphoneos/ReactCodegen.build/Objects-normal/arm64/82b82416624d2658e5098eb0a28c15c5-common-args.resp -DFOLLY_MOBILE\=1 -DFOLLY_USE_LIBCPP\=1 -DFOLLY_CFG_NO_COROUTINES\=1 -DFOLLY_HAVE_CLOCK_GETTIME\=1 -Wno-comma -Wno-shorten-64-to-32 -Wno-documentation -Wno-nullability-completeness -std\=c++20 -include /Users/runner/work/App/App/ios/Pods/Target\ Support\ Files/ReactCodegen/ReactCodegen-prefix.pch -MMD -MT dependencies -MF /Users/runner/work/App/App/build/Build/Intermediates.noindex/Pods.build/Release-iphoneos/ReactCodegen.build/Objects-normal/arm64/ShadowNodes-efa08b4118543a424338abe5231df6cf.d --serialize-diagnostics /Users/runner/work/App/App/build/Build/Intermediates.noindex/Pods.build/Release-iphoneos/ReactCodegen.build/Objects-normal/arm64/ShadowNodes-efa08b4118543a424338abe5231df6cf.dia -c /Users/runner/work/App/App/ios/build/generated/ios/ReactCodegen/react/renderer/components/RNCWebViewSpec/ShadowNodes.cpp -o /Users/runner/work/App/App/build/Build/Intermediates.noindex/Pods.build/Release-iphoneos/ReactCodegen.build/Objects-normal/arm64/ShadowNodes-efa08b4118543a424338abe5231df6cf.o

CompileC /Users/runner/work/App/App/build/Build/Intermediates.noindex/Pods.build/Release-iphoneos/ReactCodegen.build/Objects-normal/arm64/ShadowNodes-9f2999ece9ded89a09e242e992c44e8e.o /Users/runner/work/App/App/ios/build/generated/ios/ReactCodegen/react/renderer/components/safeareacontext/ShadowNodes.cpp normal arm64 c++ com.apple.compilers.llvm.clang.1_0.compiler (in target 'ReactCodegen' from project 'Pods')
    cd /Users/runner/work/App/App/ios/Pods
    
    Using response file: /Users/runner/work/App/App/build/Build/Intermediates.noindex/Pods.build/Release-iphoneos/ReactCodegen.build/Objects-normal/arm64/82b82416624d2658e5098eb0a28c15c5-common-args.resp
    
    /Applications/Xcode_26.3.app/Contents/Developer/Toolchains/XcodeDefault.xctoolchain/usr/bin/clang -x c++ -ivfsstatcache /Users/runner/work/App/App/build/SDKStatCaches.noindex/iphoneos26.2-23C57-dc75598d0054f22ec865fa860f139d722dd23b4ebda140f7210d155ff1243552.sdkstatcache -fmessage-length\=0 -fdiagnostics-show-note-include-stack -fmacro-backtrace-limit\=0 -fno-color-diagnostics -fmodules-prune-interval\=86400 -fmodules-prune-after\=345600 -fbuild-session-file\=/Users/runner/work/App/App/build/ModuleCache.noindex/Session.modulevalidation -fmodules-validate-once-per-build-session -Wnon-modular-include-in-framework-module -Werror\=non-modular-include-in-framework-module -Wno-trigraphs -Wno-missing-field-initializers -Wno-missing-prototypes -Werror\=return-type -Wdocumentation -Wunreachable-code -Werror\=deprecated-objc-isa-usage -Werror\=objc-root-class -Wno-non-virtual-dtor -Wno-overloaded-virtual -Wno-exit-time-destructors -Wno-missing-braces -Wparentheses -Wswitch -Wunused-function -Wno-unused-label -Wno-unused-parameter -Wunused-variable -Wunused-value -Wempty-body -Wuninitialized -Wconditional-uninitialized -Wno-unknown-pragmas -Wno-shadow -Wno-four-char-constants -Wno-conversion -Wconstant-conversion -Wint-conversion -Wbool-conversion -Wenum-conversion -Wno-float-conversion -Wnon-literal-null-conversion -Wobjc-literal-conversion -Wshorten-64-to-32 -Wno-newline-eof -Wno-c++11-extensions -Wno-implicit-fallthrough -fstrict-aliasing -Wdeprecated-declarations -Winvalid-offsetof -Wno-sign-conversion -Winfinite-recursion -Wmove -Wcomma -Wblock-capture-autoreleasing -Wstrict-prototypes -Wrange-loop-analysis -Wno-semicolon-before-method-body -Wunguarded-availability -Wno-comma -Wno-shorten-64-to-32 -Wno-documentation @/Users/runner/work/App/App/build/Build/Intermediates.noindex/Pods.build/Release-iphoneos/ReactCodegen.build/Objects-normal/arm64/82b82416624d2658e5098eb0a28c15c5-common-args.resp -DFOLLY_MOBILE\=1 -DFOLLY_USE_LIBCPP\=1 -DFOLLY_CFG_NO_COROUTINES\=1 -DFOLLY_HAVE_CLOCK_GETTIME\=1 -Wno-comma -Wno-shorten-64-to-32 -Wno-documentation -Wno-nullability-completeness -std\=c++20 -include /Users/runner/work/App/App/ios/Pods/Target\ Support\ Files/ReactCodegen/ReactCodegen-prefix.pch -MMD -MT dependencies -MF /Users/runner/work/App/App/build/Build/Intermediates.noindex/Pods.build/Release-iphoneos/ReactCodegen.build/Objects-normal/arm64/ShadowNodes-9f2999ece9ded89a09e242e992c44e8e.d --serialize-diagnostics /Users/runner/work/App/App/build/Build/Intermediates.noindex/Pods.build/Release-iphoneos/ReactCodegen.build/Objects-normal/arm64/ShadowNodes-9f2999ece9ded89a09e242e992c44e8e.dia -c /Users/runner/work/App/App/ios/build/generated/ios/ReactCodegen/react/renderer/components/safeareacontext/ShadowNodes.cpp -o /Users/runner/work/App/App/build/Build/Intermediates.noindex/Pods.build/Release-iphoneos/ReactCodegen.build/Objects-normal/arm64/ShadowNodes-9f2999ece9ded89a09e242e992c44e8e.o

CompileC /Users/runner/work/App/App/build/Build/Intermediates.noindex/Pods.build/Release-iphoneos/ReactCodegen.build/Objects-normal/arm64/RNCWebViewSpec-generated.o /Users/runner/work/App/App/ios/build/generated/ios/ReactCodegen/RNCWebViewSpec/RNCWebViewSpec-generated.mm normal arm64 objective-c++ com.apple.compilers.llvm.clang.1_0.compiler (in target 'ReactCodegen' from project 'Pods')
    cd /Users/runner/work/App/App/ios/Pods
    
    Using response file: /Users/runner/work/App/App/build/Build/Intermediates.noindex/Pods.build/Release-iphoneos/ReactCodegen.build/Objects-normal/arm64/af3fcb34312c57c0f52879cdce924b91-common-args.resp
    
    /Applications/Xcode_26.3.app/Contents/Developer/Toolchains/XcodeDefault.xctoolchain/usr/bin/clang -x objective-c++ -ivfsstatcache /Users/runner/work/App/App/build/SDKStatCaches.noindex/iphoneos26.2-23C57-dc75598d0054f22ec865fa860f139d722dd23b4ebda140f7210d155ff1243552.sdkstatcache -fmessage-length\=0 -fdiagnostics-show-note-include-stack -fmacro-backtrace-limit\=0 -fno-color-diagnostics -fmodules-prune-interval\=86400 -fmodules-prune-after\=345600 -fbuild-session-file\=/Users/runner/work/App/App/build/ModuleCache.noindex/Session.modulevalidation -fmodules-validate-once-per-build-session -Wnon-modular-include-in-framework-module -Werror\=non-modular-include-in-framework-module -Wno-trigraphs -Wno-missing-field-initializers -Wno-missing-prototypes -Werror\=return-type -Wdocumentation -Wunreachable-code -Wno-implicit-atomic-properties -Werror\=deprecated-objc-isa-usage -Wno-objc-interface-ivars -Werror\=objc-root-class -Wno-arc-repeated-use-of-weak -Wimplicit-retain-self -Wno-non-virtual-dtor -Wno-overloaded-virtual -Wno-exit-time-destructors -Wduplicate-method-match -Wno-missing-braces -Wparentheses -Wswitch -Wunused-function -Wno-unused-label -Wno-unused-parameter -Wunused-variable -Wunused-value -Wempty-body -Wuninitialized -Wconditional-uninitialized -Wno-unknown-pragmas -Wno-shadow -Wno-four-char-constants -Wno-conversion -Wconstant-conversion -Wint-conversion -Wbool-conversion -Wenum-conversion -Wno-float-conversion -Wnon-literal-null-conversion -Wobjc-literal-conversion -Wshorten-64-to-32 -Wno-newline-eof -Wno-selector -Wno-strict-selector-match -Wundeclared-selector -Wdeprecated-implementations -Wno-c++11-extensions -Wno-implicit-fallthrough -fstrict-aliasing -Wprotocol -Wdeprecated-declarations -Winvalid-offsetof -Wno-sign-conversion -Winfinite-recursion -Wmove -Wcomma -Wblock-capture-autoreleasing -Wstrict-prototypes -Wrange-loop-analysis -Wno-semicolon-before-method-body -Wunguarded-availability -Wno-comma -Wno-shorten-64-to-32 -Wno-documentation @/Users/runner/work/App/App/build/Build/Intermediates.noindex/Pods.build/Release-iphoneos/ReactCodegen.build/Objects-normal/arm64/af3fcb34312c57c0f52879cdce924b91-common-args.resp -DFOLLY_MOBILE\=1 -DFOLLY_USE_LIBCPP\=1 -DFOLLY_CFG_NO_COROUTINES\=1 -DFOLLY_HAVE_CLOCK_GETTIME\=1 -Wno-comma -Wno-shorten-64-to-32 -Wno-documentation -Wno-nullability-completeness -std\=c++20 -include /Users/runner/work/App/App/ios/Pods/Target\ Support\ Files/ReactCodegen/ReactCodegen-prefix.pch -MMD -MT dependencies -MF /Users/runner/work/App/App/build/Build/Intermediates.noindex/Pods.build/Release-iphoneos/ReactCodegen.build/Objects-normal/arm64/RNCWebViewSpec-generated.d --serialize-diagnostics /Users/runner/work/App/App/build/Build/Intermediates.noindex/Pods.build/Release-iphoneos/ReactCodegen.build/Objects-normal/arm64/RNCWebViewSpec-generated.dia -c /Users/runner/work/App/App/ios/build/generated/ios/ReactCodegen/RNCWebViewSpec/RNCWebViewSpec-generated.mm -o /Users/runner/work/App/App/build/Build/Intermediates.noindex/Pods.build/Release-iphoneos/ReactCodegen.build/Objects-normal/arm64/RNCWebViewSpec-generated.o

CompileC /Users/runner/work/App/App/build/Build/Intermediates.noindex/Pods.build/Release-iphoneos/ReactCodegen.build/Objects-normal/arm64/RCTUnstableModulesRequiringMainQueueSetupProvider.o /Users/runner/work/App/App/ios/build/generated/ios/ReactCodegen/RCTUnstableModulesRequiringMainQueueSetupProvider.mm normal arm64 objective-c++ com.apple.compilers.llvm.clang.1_0.compiler (in target 'ReactCodegen' from project 'Pods')
    cd /Users/runner/work/App/App/ios/Pods
    
    Using response file: /Users/runner/work/App/App/build/Build/Intermediates.noindex/Pods.build/Release-iphoneos/ReactCodegen.build/Objects-normal/arm64/af3fcb34312c57c0f52879cdce924b91-common-args.resp
    
    /Applications/Xcode_26.3.app/Contents/Developer/Toolchains/XcodeDefault.xctoolchain/usr/bin/clang -x objective-c++ -ivfsstatcache /Users/runner/work/App/App/build/SDKStatCaches.noindex/iphoneos26.2-23C57-dc75598d0054f22ec865fa860f139d722dd23b4ebda140f7210d155ff1243552.sdkstatcache -fmessage-length\=0 -fdiagnostics-show-note-include-stack -fmacro-backtrace-limit\=0 -fno-color-diagnostics -fmodules-prune-interval\=86400 -fmodules-prune-after\=345600 -fbuild-session-file\=/Users/runner/work/App/App/build/ModuleCache.noindex/Session.modulevalidation -fmodules-validate-once-per-build-session -Wnon-modular-include-in-framework-module -Werror\=non-modular-include-in-framework-module -Wno-trigraphs -Wno-missing-field-initializers -Wno-missing-prototypes -Werror\=return-type -Wdocumentation -Wunreachable-code -Wno-implicit-atomic-properties -Werror\=deprecated-objc-isa-usage -Wno-objc-interface-ivars -Werror\=objc-root-class -Wno-arc-repeated-use-of-weak -Wimplicit-retain-self -Wno-non-virtual-dtor -Wno-overloaded-virtual -Wno-exit-time-destructors -Wduplicate-method-match -Wno-missing-braces -Wparentheses -Wswitch -Wunused-function -Wno-unused-label -Wno-unused-parameter -Wunused-variable -Wunused-value -Wempty-body -Wuninitialized -Wconditional-uninitialized -Wno-unknown-pragmas -Wno-shadow -Wno-four-char-constants -Wno-conversion -Wconstant-conversion -Wint-conversion -Wbool-conversion -Wenum-conversion -Wno-float-conversion -Wnon-literal-null-conversion -Wobjc-literal-conversion -Wshorten-64-to-32 -Wno-newline-eof -Wno-selector -Wno-strict-selector-match -Wundeclared-selector -Wdeprecated-implementations -Wno-c++11-extensions -Wno-implicit-fallthrough -fstrict-aliasing -Wprotocol -Wdeprecated-declarations -Winvalid-offsetof -Wno-sign-conversion -Winfinite-recursion -Wmove -Wcomma -Wblock-capture-autoreleasing -Wstrict-prototypes -Wrange-loop-analysis -Wno-semicolon-before-method-body -Wunguarded-availability -Wno-comma -Wno-shorten-64-to-32 -Wno-documentation @/Users/runner/work/App/App/build/Build/Intermediates.noindex/Pods.build/Release-iphoneos/ReactCodegen.build/Objects-normal/arm64/af3fcb34312c57c0f52879cdce924b91-common-args.resp -DFOLLY_MOBILE\=1 -DFOLLY_USE_LIBCPP\=1 -DFOLLY_CFG_NO_COROUTINES\=1 -DFOLLY_HAVE_CLOCK_GETTIME\=1 -Wno-comma -Wno-shorten-64-to-32 -Wno-documentation -Wno-nullability-completeness -std\=c++20 -include /Users/runner/work/App/App/ios/Pods/Target\ Support\ Files/ReactCodegen/ReactCodegen-prefix.pch -MMD -MT dependencies -MF /Users/runner/work/App/App/build/Build/Intermediates.noindex/Pods.build/Release-iphoneos/ReactCodegen.build/Objects-normal/arm64/RCTUnstableModulesRequiringMainQueueSetupProvider.d --serialize-diagnostics /Users/runner/work/App/App/build/Build/Intermediates.noindex/Pods.build/Release-iphoneos/ReactCodegen.build/Objects-normal/arm64/RCTUnstableModulesRequiringMainQueueSetupProvider.dia -c /Users/runner/work/App/App/ios/build/generated/ios/ReactCodegen/RCTUnstableModulesRequiringMainQueueSetupProvider.mm -o /Users/runner/work/App/App/build/Build/Intermediates.noindex/Pods.build/Release-iphoneos/ReactCodegen.build/Objects-normal/arm64/RCTUnstableModulesRequiringMainQueueSetupProvider.o

CompileC /Users/runner/work/App/App/build/Build/Intermediates.noindex/Pods.build/Release-iphoneos/ReactCodegen.build/Objects-normal/arm64/RCTThirdPartyComponentsProvider.o /Users/runner/work/App/App/ios/build/generated/ios/ReactCodegen/RCTThirdPartyComponentsProvider.mm normal arm64 objective-c++ com.apple.compilers.llvm.clang.1_0.compiler (in target 'ReactCodegen' from project 'Pods')
    cd /Users/runner/work/App/App/ios/Pods
    
    Using response file: /Users/runner/work/App/App/build/Build/Intermediates.noindex/Pods.build/Release-iphoneos/ReactCodegen.build/Objects-normal/arm64/af3fcb34312c57c0f52879cdce924b91-common-args.resp
    
    /Applications/Xcode_26.3.app/Contents/Developer/Toolchains/XcodeDefault.xctoolchain/usr/bin/clang -x objective-c++ -ivfsstatcache /Users/runner/work/App/App/build/SDKStatCaches.noindex/iphoneos26.2-23C57-dc75598d0054f22ec865fa860f139d722dd23b4ebda140f7210d155ff1243552.sdkstatcache -fmessage-length\=0 -fdiagnostics-show-note-include-stack -fmacro-backtrace-limit\=0 -fno-color-diagnostics -fmodules-prune-interval\=86400 -fmodules-prune-after\=345600 -fbuild-session-file\=/Users/runner/work/App/App/build/ModuleCache.noindex/Session.modulevalidation -fmodules-validate-once-per-build-session -Wnon-modular-include-in-framework-module -Werror\=non-modular-include-in-framework-module -Wno-trigraphs -Wno-missing-field-initializers -Wno-missing-prototypes -Werror\=return-type -Wdocumentation -Wunreachable-code -Wno-implicit-atomic-properties -Werror\=deprecated-objc-isa-usage -Wno-objc-interface-ivars -Werror\=objc-root-class -Wno-arc-repeated-use-of-weak -Wimplicit-retain-self -Wno-non-virtual-dtor -Wno-overloaded-virtual -Wno-exit-time-destructors -Wduplicate-method-match -Wno-missing-braces -Wparentheses -Wswitch -Wunused-function -Wno-unused-label -Wno-unused-parameter -Wunused-variable -Wunused-value -Wempty-body -Wuninitialized -Wconditional-uninitialized -Wno-unknown-pragmas -Wno-shadow -Wno-four-char-constants -Wno-conversion -Wconstant-conversion -Wint-conversion -Wbool-conversion -Wenum-conversion -Wno-float-conversion -Wnon-literal-null-conversion -Wobjc-literal-conversion -Wshorten-64-to-32 -Wno-newline-eof -Wno-selector -Wno-strict-selector-match -Wundeclared-selector -Wdeprecated-implementations -Wno-c++11-extensions -Wno-implicit-fallthrough -fstrict-aliasing -Wprotocol -Wdeprecated-declarations -Winvalid-offsetof -Wno-sign-conversion -Winfinite-recursion -Wmove -Wcomma -Wblock-capture-autoreleasing -Wstrict-prototypes -Wrange-loop-analysis -Wno-semicolon-before-method-body -Wunguarded-availability -Wno-comma -Wno-shorten-64-to-32 -Wno-documentation @/Users/runner/work/App/App/build/Build/Intermediates.noindex/Pods.build/Release-iphoneos/ReactCodegen.build/Objects-normal/arm64/af3fcb34312c57c0f52879cdce924b91-common-args.resp -DFOLLY_MOBILE\=1 -DFOLLY_USE_LIBCPP\=1 -DFOLLY_CFG_NO_COROUTINES\=1 -DFOLLY_HAVE_CLOCK_GETTIME\=1 -Wno-comma -Wno-shorten-64-to-32 -Wno-documentation -Wno-nullability-completeness -std\=c++20 -include /Users/runner/work/App/App/ios/Pods/Target\ Support\ Files/ReactCodegen/ReactCodegen-prefix.pch -MMD -MT dependencies -MF /Users/runner/work/App/App/build/Build/Intermediates.noindex/Pods.build/Release-iphoneos/ReactCodegen.build/Objects-normal/arm64/RCTThirdPartyComponentsProvider.d --serialize-diagnostics /Users/runner/work/App/App/build/Build/Intermediates.noindex/Pods.build/Release-iphoneos/ReactCodegen.build/Objects-normal/arm64/RCTThirdPartyComponentsProvider.dia -c /Users/runner/work/App/App/ios/build/generated/ios/ReactCodegen/RCTThirdPartyComponentsProvider.mm -o /Users/runner/work/App/App/build/Build/Intermediates.noindex/Pods.build/Release-iphoneos/ReactCodegen.build/Objects-normal/arm64/RCTThirdPartyComponentsProvider.o

CompileC /Users/runner/work/App/App/build/Build/Intermediates.noindex/Pods.build/Release-iphoneos/ReactCodegen.build/Objects-normal/arm64/RCTModulesConformingToProtocolsProvider.o /Users/runner/work/App/App/ios/build/generated/ios/ReactCodegen/RCTModulesConformingToProtocolsProvider.mm normal arm64 objective-c++ com.apple.compilers.llvm.clang.1_0.compiler (in target 'ReactCodegen' from project 'Pods')
    cd /Users/runner/work/App/App/ios/Pods
    
    Using response file: /Users/runner/work/App/App/build/Build/Intermediates.noindex/Pods.build/Release-iphoneos/ReactCodegen.build/Objects-normal/arm64/af3fcb34312c57c0f52879cdce924b91-common-args.resp
    
    /Applications/Xcode_26.3.app/Contents/Developer/Toolchains/XcodeDefault.xctoolchain/usr/bin/clang -x objective-c++ -ivfsstatcache /Users/runner/work/App/App/build/SDKStatCaches.noindex/iphoneos26.2-23C57-dc75598d0054f22ec865fa860f139d722dd23b4ebda140f7210d155ff1243552.sdkstatcache -fmessage-length\=0 -fdiagnostics-show-note-include-stack -fmacro-backtrace-limit\=0 -fno-color-diagnostics -fmodules-prune-interval\=86400 -fmodules-prune-after\=345600 -fbuild-session-file\=/Users/runner/work/App/App/build/ModuleCache.noindex/Session.modulevalidation -fmodules-validate-once-per-build-session -Wnon-modular-include-in-framework-module -Werror\=non-modular-include-in-framework-module -Wno-trigraphs -Wno-missing-field-initializers -Wno-missing-prototypes -Werror\=return-type -Wdocumentation -Wunreachable-code -Wno-implicit-atomic-properties -Werror\=deprecated-objc-isa-usage -Wno-objc-interface-ivars -Werror\=objc-root-class -Wno-arc-repeated-use-of-weak -Wimplicit-retain-self -Wno-non-virtual-dtor -Wno-overloaded-virtual -Wno-exit-time-destructors -Wduplicate-method-match -Wno-missing-braces -Wparentheses -Wswitch -Wunused-function -Wno-unused-label -Wno-unused-parameter -Wunused-variable -Wunused-value -Wempty-body -Wuninitialized -Wconditional-uninitialized -Wno-unknown-pragmas -Wno-shadow -Wno-four-char-constants -Wno-conversion -Wconstant-conversion -Wint-conversion -Wbool-conversion -Wenum-conversion -Wno-float-conversion -Wnon-literal-null-conversion -Wobjc-literal-conversion -Wshorten-64-to-32 -Wno-newline-eof -Wno-selector -Wno-strict-selector-match -Wundeclared-selector -Wdeprecated-implementations -Wno-c++11-extensions -Wno-implicit-fallthrough -fstrict-aliasing -Wprotocol -Wdeprecated-declarations -Winvalid-offsetof -Wno-sign-conversion -Winfinite-recursion -Wmove -Wcomma -Wblock-capture-autoreleasing -Wstrict-prototypes -Wrange-loop-analysis -Wno-semicolon-before-method-body -Wunguarded-availability -Wno-comma -Wno-shorten-64-to-32 -Wno-documentation @/Users/runner/work/App/App/build/Build/Intermediates.noindex/Pods.build/Release-iphoneos/ReactCodegen.build/Objects-normal/arm64/af3fcb34312c57c0f52879cdce924b91-common-args.resp -DFOLLY_MOBILE\=1 -DFOLLY_USE_LIBCPP\=1 -DFOLLY_CFG_NO_COROUTINES\=1 -DFOLLY_HAVE_CLOCK_GETTIME\=1 -Wno-comma -Wno-shorten-64-to-32 -Wno-documentation -Wno-nullability-completeness -std\=c++20 -include /Users/runner/work/App/App/ios/Pods/Target\ Support\ Files/ReactCodegen/ReactCodegen-prefix.pch -MMD -MT dependencies -MF /Users/runner/work/App/App/build/Build/Intermediates.noindex/Pods.build/Release-iphoneos/ReactCodegen.build/Objects-normal/arm64/RCTModulesConformingToProtocolsProvider.d --serialize-diagnostics /Users/runner/work/App/App/build/Build/Intermediates.noindex/Pods.build/Release-iphoneos/ReactCodegen.build/Objects-normal/arm64/RCTModulesConformingToProtocolsProvider.dia -c /Users/runner/work/App/App/ios/build/generated/ios/ReactCodegen/RCTModulesConformingToProtocolsProvider.mm -o /Users/runner/work/App/App/build/Build/Intermediates.noindex/Pods.build/Release-iphoneos/ReactCodegen.build/Objects-normal/arm64/RCTModulesConformingToProtocolsProvider.o

CompileC /Users/runner/work/App/App/build/Build/Intermediates.noindex/Pods.build/Release-iphoneos/ReactCodegen.build/Objects-normal/arm64/RCTModuleProviders.o /Users/runner/work/App/App/ios/build/generated/ios/ReactCodegen/RCTModuleProviders.mm normal arm64 objective-c++ com.apple.compilers.llvm.clang.1_0.compiler (in target 'ReactCodegen' from project 'Pods')
    cd /Users/runner/work/App/App/ios/Pods
    
    Using response file: /Users/runner/work/App/App/build/Build/Intermediates.noindex/Pods.build/Release-iphoneos/ReactCodegen.build/Objects-normal/arm64/af3fcb34312c57c0f52879cdce924b91-common-args.resp
    
    /Applications/Xcode_26.3.app/Contents/Developer/Toolchains/XcodeDefault.xctoolchain/usr/bin/clang -x objective-c++ -ivfsstatcache /Users/runner/work/App/App/build/SDKStatCaches.noindex/iphoneos26.2-23C57-dc75598d0054f22ec865fa860f139d722dd23b4ebda140f7210d155ff1243552.sdkstatcache -fmessage-length\=0 -fdiagnostics-show-note-include-stack -fmacro-backtrace-limit\=0 -fno-color-diagnostics -fmodules-prune-interval\=86400 -fmodules-prune-after\=345600 -fbuild-session-file\=/Users/runner/work/App/App/build/ModuleCache.noindex/Session.modulevalidation -fmodules-validate-once-per-build-session -Wnon-modular-include-in-framework-module -Werror\=non-modular-include-in-framework-module -Wno-trigraphs -Wno-missing-field-initializers -Wno-missing-prototypes -Werror\=return-type -Wdocumentation -Wunreachable-code -Wno-implicit-atomic-properties -Werror\=deprecated-objc-isa-usage -Wno-objc-interface-ivars -Werror\=objc-root-class -Wno-arc-repeated-use-of-weak -Wimplicit-retain-self -Wno-non-virtual-dtor -Wno-overloaded-virtual -Wno-exit-time-destructors -Wduplicate-method-match -Wno-missing-braces -Wparentheses -Wswitch -Wunused-function -Wno-unused-label -Wno-unused-parameter -Wunused-variable -Wunused-value -Wempty-body -Wuninitialized -Wconditional-uninitialized -Wno-unknown-pragmas -Wno-shadow -Wno-four-char-constants -Wno-conversion -Wconstant-conversion -Wint-conversion -Wbool-conversion -Wenum-conversion -Wno-float-conversion -Wnon-literal-null-conversion -Wobjc-literal-conversion -Wshorten-64-to-32 -Wno-newline-eof -Wno-selector -Wno-strict-selector-match -Wundeclared-selector -Wdeprecated-implementations -Wno-c++11-extensions -Wno-implicit-fallthrough -fstrict-aliasing -Wprotocol -Wdeprecated-declarations -Winvalid-offsetof -Wno-sign-conversion -Winfinite-recursion -Wmove -Wcomma -Wblock-capture-autoreleasing -Wstrict-prototypes -Wrange-loop-analysis -Wno-semicolon-before-method-body -Wunguarded-availability -Wno-comma -Wno-shorten-64-to-32 -Wno-documentation @/Users/runner/work/App/App/build/Build/Intermediates.noindex/Pods.build/Release-iphoneos/ReactCodegen.build/Objects-normal/arm64/af3fcb34312c57c0f52879cdce924b91-common-args.resp -DFOLLY_MOBILE\=1 -DFOLLY_USE_LIBCPP\=1 -DFOLLY_CFG_NO_COROUTINES\=1 -DFOLLY_HAVE_CLOCK_GETTIME\=1 -Wno-comma -Wno-shorten-64-to-32 -Wno-documentation -Wno-nullability-completeness -std\=c++20 -include /Users/runner/work/App/App/ios/Pods/Target\ Support\ Files/ReactCodegen/ReactCodegen-prefix.pch -MMD -MT dependencies -MF /Users/runner/work/App/App/build/Build/Intermediates.noindex/Pods.build/Release-iphoneos/ReactCodegen.build/Objects-normal/arm64/RCTModuleProviders.d --serialize-diagnostics /Users/runner/work/App/App/build/Build/Intermediates.noindex/Pods.build/Release-iphoneos/ReactCodegen.build/Objects-normal/arm64/RCTModuleProviders.dia -c /Users/runner/work/App/App/ios/build/generated/ios/ReactCodegen/RCTModuleProviders.mm -o /Users/runner/work/App/App/build/Build/Intermediates.noindex/Pods.build/Release-iphoneos/ReactCodegen.build/Objects-normal/arm64/RCTModuleProviders.o

CompileC /Users/runner/work/App/App/build/Build/Intermediates.noindex/Pods.build/Release-iphoneos/ReactCodegen.build/Objects-normal/arm64/Props-cbf144d63f8c625b9617ecb56b1e62a6.o /Users/runner/work/App/App/ios/build/generated/ios/ReactCodegen/react/renderer/components/safeareacontext/Props.cpp normal arm64 c++ com.apple.compilers.llvm.clang.1_0.compiler (in target 'ReactCodegen' from project 'Pods')
    cd /Users/runner/work/App/App/ios/Pods
    
    Using response file: /Users/runner/work/App/App/build/Build/Intermediates.noindex/Pods.build/Release-iphoneos/ReactCodegen.build/Objects-normal/arm64/82b82416624d2658e5098eb0a28c15c5-common-args.resp
    
    /Applications/Xcode_26.3.app/Contents/Developer/Toolchains/XcodeDefault.xctoolchain/usr/bin/clang -x c++ -ivfsstatcache /Users/runner/work/App/App/build/SDKStatCaches.noindex/iphoneos26.2-23C57-dc75598d0054f22ec865fa860f139d722dd23b4ebda140f7210d155ff1243552.sdkstatcache -fmessage-length\=0 -fdiagnostics-show-note-include-stack -fmacro-backtrace-limit\=0 -fno-color-diagnostics -fmodules-prune-interval\=86400 -fmodules-prune-after\=345600 -fbuild-session-file\=/Users/runner/work/App/App/build/ModuleCache.noindex/Session.modulevalidation -fmodules-validate-once-per-build-session -Wnon-modular-include-in-framework-module -Werror\=non-modular-include-in-framework-module -Wno-trigraphs -Wno-missing-field-initializers -Wno-missing-prototypes -Werror\=return-type -Wdocumentation -Wunreachable-code -Werror\=deprecated-objc-isa-usage -Werror\=objc-root-class -Wno-non-virtual-dtor -Wno-overloaded-virtual -Wno-exit-time-destructors -Wno-missing-braces -Wparentheses -Wswitch -Wunused-function -Wno-unused-label -Wno-unused-parameter -Wunused-variable -Wunused-value -Wempty-body -Wuninitialized -Wconditional-uninitialized -Wno-unknown-pragmas -Wno-shadow -Wno-four-char-constants -Wno-conversion -Wconstant-conversion -Wint-conversion -Wbool-conversion -Wenum-conversion -Wno-float-conversion -Wnon-literal-null-conversion -Wobjc-literal-conversion -Wshorten-64-to-32 -Wno-newline-eof -Wno-c++11-extensions -Wno-implicit-fallthrough -fstrict-aliasing -Wdeprecated-declarations -Winvalid-offsetof -Wno-sign-conversion -Winfinite-recursion -Wmove -Wcomma -Wblock-capture-autoreleasing -Wstrict-prototypes -Wrange-loop-analysis -Wno-semicolon-before-method-body -Wunguarded-availability -Wno-comma -Wno-shorten-64-to-32 -Wno-documentation @/Users/runner/work/App/App/build/Build/Intermediates.noindex/Pods.build/Release-iphoneos/ReactCodegen.build/Objects-normal/arm64/82b82416624d2658e5098eb0a28c15c5-common-args.resp -DFOLLY_MOBILE\=1 -DFOLLY_USE_LIBCPP\=1 -DFOLLY_CFG_NO_COROUTINES\=1 -DFOLLY_HAVE_CLOCK_GETTIME\=1 -Wno-comma -Wno-shorten-64-to-32 -Wno-documentation -Wno-nullability-completeness -std\=c++20 -include /Users/runner/work/App/App/ios/Pods/Target\ Support\ Files/ReactCodegen/ReactCodegen-prefix.pch -MMD -MT dependencies -MF /Users/runner/work/App/App/build/Build/Intermediates.noindex/Pods.build/Release-iphoneos/ReactCodegen.build/Objects-normal/arm64/Props-cbf144d63f8c625b9617ecb56b1e62a6.d --serialize-diagnostics /Users/runner/work/App/App/build/Build/Intermediates.noindex/Pods.build/Release-iphoneos/ReactCodegen.build/Objects-normal/arm64/Props-cbf144d63f8c625b9617ecb56b1e62a6.dia -c /Users/runner/work/App/App/ios/build/generated/ios/ReactCodegen/react/renderer/components/safeareacontext/Props.cpp -o /Users/runner/work/App/App/build/Build/Intermediates.noindex/Pods.build/Release-iphoneos/ReactCodegen.build/Objects-normal/arm64/Props-cbf144d63f8c625b9617ecb56b1e62a6.o

CompileC /Users/runner/work/App/App/build/Build/Intermediates.noindex/Pods.build/Release-iphoneos/ReactCodegen.build/Objects-normal/arm64/Props-4e336f7c0ad19f5fc3f5d348e317383f.o /Users/runner/work/App/App/ios/build/generated/ios/ReactCodegen/react/renderer/components/RNCWebViewSpec/Props.cpp normal arm64 c++ com.apple.compilers.llvm.clang.1_0.compiler (in target 'ReactCodegen' from project 'Pods')
    cd /Users/runner/work/App/App/ios/Pods
    
    Using response file: /Users/runner/work/App/App/build/Build/Intermediates.noindex/Pods.build/Release-iphoneos/ReactCodegen.build/Objects-normal/arm64/82b82416624d2658e5098eb0a28c15c5-common-args.resp
    
    /Applications/Xcode_26.3.app/Contents/Developer/Toolchains/XcodeDefault.xctoolchain/usr/bin/clang -x c++ -ivfsstatcache /Users/runner/work/App/App/build/SDKStatCaches.noindex/iphoneos26.2-23C57-dc75598d0054f22ec865fa860f139d722dd23b4ebda140f7210d155ff1243552.sdkstatcache -fmessage-length\=0 -fdiagnostics-show-note-include-stack -fmacro-backtrace-limit\=0 -fno-color-diagnostics -fmodules-prune-interval\=86400 -fmodules-prune-after\=345600 -fbuild-session-file\=/Users/runner/work/App/App/build/ModuleCache.noindex/Session.modulevalidation -fmodules-validate-once-per-build-session -Wnon-modular-include-in-framework-module -Werror\=non-modular-include-in-framework-module -Wno-trigraphs -Wno-missing-field-initializers -Wno-missing-prototypes -Werror\=return-type -Wdocumentation -Wunreachable-code -Werror\=deprecated-objc-isa-usage -Werror\=objc-root-class -Wno-non-virtual-dtor -Wno-overloaded-virtual -Wno-exit-time-destructors -Wno-missing-braces -Wparentheses -Wswitch -Wunused-function -Wno-unused-label -Wno-unused-parameter -Wunused-variable -Wunused-value -Wempty-body -Wuninitialized -Wconditional-uninitialized -Wno-unknown-pragmas -Wno-shadow -Wno-four-char-constants -Wno-conversion -Wconstant-conversion -Wint-conversion -Wbool-conversion -Wenum-conversion -Wno-float-conversion -Wnon-literal-null-conversion -Wobjc-literal-conversion -Wshorten-64-to-32 -Wno-newline-eof -Wno-c++11-extensions -Wno-implicit-fallthrough -fstrict-aliasing -Wdeprecated-declarations -Winvalid-offsetof -Wno-sign-conversion -Winfinite-recursion -Wmove -Wcomma -Wblock-capture-autoreleasing -Wstrict-prototypes -Wrange-loop-analysis -Wno-semicolon-before-method-body -Wunguarded-availability -Wno-comma -Wno-shorten-64-to-32 -Wno-documentation @/Users/runner/work/App/App/build/Build/Intermediates.noindex/Pods.build/Release-iphoneos/ReactCodegen.build/Objects-normal/arm64/82b82416624d2658e5098eb0a28c15c5-common-args.resp -DFOLLY_MOBILE\=1 -DFOLLY_USE_LIBCPP\=1 -DFOLLY_CFG_NO_COROUTINES\=1 -DFOLLY_HAVE_CLOCK_GETTIME\=1 -Wno-comma -Wno-shorten-64-to-32 -Wno-documentation -Wno-nullability-completeness -std\=c++20 -include /Users/runner/work/App/App/ios/Pods/Target\ Support\ Files/ReactCodegen/ReactCodegen-prefix.pch -MMD -MT dependencies -MF /Users/runner/work/App/App/build/Build/Intermediates.noindex/Pods.build/Release-iphoneos/ReactCodegen.build/Objects-normal/arm64/Props-4e336f7c0ad19f5fc3f5d348e317383f.d --serialize-diagnostics /Users/runner/work/App/App/build/Build/Intermediates.noindex/Pods.build/Release-iphoneos/ReactCodegen.build/Objects-normal/arm64/Props-4e336f7c0ad19f5fc3f5d348e317383f.dia -c /Users/runner/work/App/App/ios/build/generated/ios/ReactCodegen/react/renderer/components/RNCWebViewSpec/Props.cpp -o /Users/runner/work/App/App/build/Build/Intermediates.noindex/Pods.build/Release-iphoneos/ReactCodegen.build/Objects-normal/arm64/Props-4e336f7c0ad19f5fc3f5d348e317383f.o

CompileC /Users/runner/work/App/App/build/Build/Intermediates.noindex/Pods.build/Release-iphoneos/ReactCodegen.build/Objects-normal/arm64/EventEmitters-eda9989b5e245c002fb64506e4d9eda8.o /Users/runner/work/App/App/ios/build/generated/ios/ReactCodegen/react/renderer/components/RNCWebViewSpec/EventEmitters.cpp normal arm64 c++ com.apple.compilers.llvm.clang.1_0.compiler (in target 'ReactCodegen' from project 'Pods')
    cd /Users/runner/work/App/App/ios/Pods
    
    Using response file: /Users/runner/work/App/App/build/Build/Intermediates.noindex/Pods.build/Release-iphoneos/ReactCodegen.build/Objects-normal/arm64/82b82416624d2658e5098eb0a28c15c5-common-args.resp
    
    /Applications/Xcode_26.3.app/Contents/Developer/Toolchains/XcodeDefault.xctoolchain/usr/bin/clang -x c++ -ivfsstatcache /Users/runner/work/App/App/build/SDKStatCaches.noindex/iphoneos26.2-23C57-dc75598d0054f22ec865fa860f139d722dd23b4ebda140f7210d155ff1243552.sdkstatcache -fmessage-length\=0 -fdiagnostics-show-note-include-stack -fmacro-backtrace-limit\=0 -fno-color-diagnostics -fmodules-prune-interval\=86400 -fmodules-prune-after\=345600 -fbuild-session-file\=/Users/runner/work/App/App/build/ModuleCache.noindex/Session.modulevalidation -fmodules-validate-once-per-build-session -Wnon-modular-include-in-framework-module -Werror\=non-modular-include-in-framework-module -Wno-trigraphs -Wno-missing-field-initializers -Wno-missing-prototypes -Werror\=return-type -Wdocumentation -Wunreachable-code -Werror\=deprecated-objc-isa-usage -Werror\=objc-root-class -Wno-non-virtual-dtor -Wno-overloaded-virtual -Wno-exit-time-destructors -Wno-missing-braces -Wparentheses -Wswitch -Wunused-function -Wno-unused-label -Wno-unused-parameter -Wunused-variable -Wunused-value -Wempty-body -Wuninitialized -Wconditional-uninitialized -Wno-unknown-pragmas -Wno-shadow -Wno-four-char-constants -Wno-conversion -Wconstant-conversion -Wint-conversion -Wbool-conversion -Wenum-conversion -Wno-float-conversion -Wnon-literal-null-conversion -Wobjc-literal-conversion -Wshorten-64-to-32 -Wno-newline-eof -Wno-c++11-extensions -Wno-implicit-fallthrough -fstrict-aliasing -Wdeprecated-declarations -Winvalid-offsetof -Wno-sign-conversion -Winfinite-recursion -Wmove -Wcomma -Wblock-capture-autoreleasing -Wstrict-prototypes -Wrange-loop-analysis -Wno-semicolon-before-method-body -Wunguarded-availability -Wno-comma -Wno-shorten-64-to-32 -Wno-documentation @/Users/runner/work/App/App/build/Build/Intermediates.noindex/Pods.build/Release-iphoneos/ReactCodegen.build/Objects-normal/arm64/82b82416624d2658e5098eb0a28c15c5-common-args.resp -DFOLLY_MOBILE\=1 -DFOLLY_USE_LIBCPP\=1 -DFOLLY_CFG_NO_COROUTINES\=1 -DFOLLY_HAVE_CLOCK_GETTIME\=1 -Wno-comma -Wno-shorten-64-to-32 -Wno-documentation -Wno-nullability-completeness -std\=c++20 -include /Users/runner/work/App/App/ios/Pods/Target\ Support\ Files/ReactCodegen/ReactCodegen-prefix.pch -MMD -MT dependencies -MF /Users/runner/work/App/App/build/Build/Intermediates.noindex/Pods.build/Release-iphoneos/ReactCodegen.build/Objects-normal/arm64/EventEmitters-eda9989b5e245c002fb64506e4d9eda8.d --serialize-diagnostics /Users/runner/work/App/App/build/Build/Intermediates.noindex/Pods.build/Release-iphoneos/ReactCodegen.build/Objects-normal/arm64/EventEmitters-eda9989b5e245c002fb64506e4d9eda8.dia -c /Users/runner/work/App/App/ios/build/generated/ios/ReactCodegen/react/renderer/components/RNCWebViewSpec/EventEmitters.cpp -o /Users/runner/work/App/App/build/Build/Intermediates.noindex/Pods.build/Release-iphoneos/ReactCodegen.build/Objects-normal/arm64/EventEmitters-eda9989b5e245c002fb64506e4d9eda8.o

CompileC /Users/runner/work/App/App/build/Build/Intermediates.noindex/Pods.build/Release-iphoneos/ReactCodegen.build/Objects-normal/arm64/EventEmitters-8749062577a76ec5b7bc79aec3fa73de.o /Users/runner/work/App/App/ios/build/generated/ios/ReactCodegen/react/renderer/components/safeareacontext/EventEmitters.cpp normal arm64 c++ com.apple.compilers.llvm.clang.1_0.compiler (in target 'ReactCodegen' from project 'Pods')
    cd /Users/runner/work/App/App/ios/Pods
    
    Using response file: /Users/runner/work/App/App/build/Build/Intermediates.noindex/Pods.build/Release-iphoneos/ReactCodegen.build/Objects-normal/arm64/82b82416624d2658e5098eb0a28c15c5-common-args.resp
    
    /Applications/Xcode_26.3.app/Contents/Developer/Toolchains/XcodeDefault.xctoolchain/usr/bin/clang -x c++ -ivfsstatcache /Users/runner/work/App/App/build/SDKStatCaches.noindex/iphoneos26.2-23C57-dc75598d0054f22ec865fa860f139d722dd23b4ebda140f7210d155ff1243552.sdkstatcache -fmessage-length\=0 -fdiagnostics-show-note-include-stack -fmacro-backtrace-limit\=0 -fno-color-diagnostics -fmodules-prune-interval\=86400 -fmodules-prune-after\=345600 -fbuild-session-file\=/Users/runner/work/App/App/build/ModuleCache.noindex/Session.modulevalidation -fmodules-validate-once-per-build-session -Wnon-modular-include-in-framework-module -Werror\=non-modular-include-in-framework-module -Wno-trigraphs -Wno-missing-field-initializers -Wno-missing-prototypes -Werror\=return-type -Wdocumentation -Wunreachable-code -Werror\=deprecated-objc-isa-usage -Werror\=objc-root-class -Wno-non-virtual-dtor -Wno-overloaded-virtual -Wno-exit-time-destructors -Wno-missing-braces -Wparentheses -Wswitch -Wunused-function -Wno-unused-label -Wno-unused-parameter -Wunused-variable -Wunused-value -Wempty-body -Wuninitialized -Wconditional-uninitialized -Wno-unknown-pragmas -Wno-shadow -Wno-four-char-constants -Wno-conversion -Wconstant-conversion -Wint-conversion -Wbool-conversion -Wenum-conversion -Wno-float-conversion -Wnon-literal-null-conversion -Wobjc-literal-conversion -Wshorten-64-to-32 -Wno-newline-eof -Wno-c++11-extensions -Wno-implicit-fallthrough -fstrict-aliasing -Wdeprecated-declarations -Winvalid-offsetof -Wno-sign-conversion -Winfinite-recursion -Wmove -Wcomma -Wblock-capture-autoreleasing -Wstrict-prototypes -Wrange-loop-analysis -Wno-semicolon-before-method-body -Wunguarded-availability -Wno-comma -Wno-shorten-64-to-32 -Wno-documentation @/Users/runner/work/App/App/build/Build/Intermediates.noindex/Pods.build/Release-iphoneos/ReactCodegen.build/Objects-normal/arm64/82b82416624d2658e5098eb0a28c15c5-common-args.resp -DFOLLY_MOBILE\=1 -DFOLLY_USE_LIBCPP\=1 -DFOLLY_CFG_NO_COROUTINES\=1 -DFOLLY_HAVE_CLOCK_GETTIME\=1 -Wno-comma -Wno-shorten-64-to-32 -Wno-documentation -Wno-nullability-completeness -std\=c++20 -include /Users/runner/work/App/App/ios/Pods/Target\ Support\ Files/ReactCodegen/ReactCodegen-prefix.pch -MMD -MT dependencies -MF /Users/runner/work/App/App/build/Build/Intermediates.noindex/Pods.build/Release-iphoneos/ReactCodegen.build/Objects-normal/arm64/EventEmitters-8749062577a76ec5b7bc79aec3fa73de.d --serialize-diagnostics /Users/runner/work/App/App/build/Build/Intermediates.noindex/Pods.build/Release-iphoneos/ReactCodegen.build/Objects-normal/arm64/EventEmitters-8749062577a76ec5b7bc79aec3fa73de.dia -c /Users/runner/work/App/App/ios/build/generated/ios/ReactCodegen/react/renderer/components/safeareacontext/EventEmitters.cpp -o /Users/runner/work/App/App/build/Build/Intermediates.noindex/Pods.build/Release-iphoneos/ReactCodegen.build/Objects-normal/arm64/EventEmitters-8749062577a76ec5b7bc79aec3fa73de.o

CompileC /Users/runner/work/App/App/build/Build/Intermediates.noindex/Pods.build/Release-iphoneos/ReactCodegen.build/Objects-normal/arm64/ComponentDescriptors-de20c650b23e62d22e6c08f829234c32.o /Users/runner/work/App/App/ios/build/generated/ios/ReactCodegen/react/renderer/components/RNCWebViewSpec/ComponentDescriptors.cpp normal arm64 c++ com.apple.compilers.llvm.clang.1_0.compiler (in target 'ReactCodegen' from project 'Pods')
    cd /Users/runner/work/App/App/ios/Pods
    
    Using response file: /Users/runner/work/App/App/build/Build/Intermediates.noindex/Pods.build/Release-iphoneos/ReactCodegen.build/Objects-normal/arm64/82b82416624d2658e5098eb0a28c15c5-common-args.resp
    
    /Applications/Xcode_26.3.app/Contents/Developer/Toolchains/XcodeDefault.xctoolchain/usr/bin/clang -x c++ -ivfsstatcache /Users/runner/work/App/App/build/SDKStatCaches.noindex/iphoneos26.2-23C57-dc75598d0054f22ec865fa860f139d722dd23b4ebda140f7210d155ff1243552.sdkstatcache -fmessage-length\=0 -fdiagnostics-show-note-include-stack -fmacro-backtrace-limit\=0 -fno-color-diagnostics -fmodules-prune-interval\=86400 -fmodules-prune-after\=345600 -fbuild-session-file\=/Users/runner/work/App/App/build/ModuleCache.noindex/Session.modulevalidation -fmodules-validate-once-per-build-session -Wnon-modular-include-in-framework-module -Werror\=non-modular-include-in-framework-module -Wno-trigraphs -Wno-missing-field-initializers -Wno-missing-prototypes -Werror\=return-type -Wdocumentation -Wunreachable-code -Werror\=deprecated-objc-isa-usage -Werror\=objc-root-class -Wno-non-virtual-dtor -Wno-overloaded-virtual -Wno-exit-time-destructors -Wno-missing-braces -Wparentheses -Wswitch -Wunused-function -Wno-unused-label -Wno-unused-parameter -Wunused-variable -Wunused-value -Wempty-body -Wuninitialized -Wconditional-uninitialized -Wno-unknown-pragmas -Wno-shadow -Wno-four-char-constants -Wno-conversion -Wconstant-conversion -Wint-conversion -Wbool-conversion -Wenum-conversion -Wno-float-conversion -Wnon-literal-null-conversion -Wobjc-literal-conversion -Wshorten-64-to-32 -Wno-newline-eof -Wno-c++11-extensions -Wno-implicit-fallthrough -fstrict-aliasing -Wdeprecated-declarations -Winvalid-offsetof -Wno-sign-conversion -Winfinite-recursion -Wmove -Wcomma -Wblock-capture-autoreleasing -Wstrict-prototypes -Wrange-loop-analysis -Wno-semicolon-before-method-body -Wunguarded-availability -Wno-comma -Wno-shorten-64-to-32 -Wno-documentation @/Users/runner/work/App/App/build/Build/Intermediates.noindex/Pods.build/Release-iphoneos/ReactCodegen.build/Objects-normal/arm64/82b82416624d2658e5098eb0a28c15c5-common-args.resp -DFOLLY_MOBILE\=1 -DFOLLY_USE_LIBCPP\=1 -DFOLLY_CFG_NO_COROUTINES\=1 -DFOLLY_HAVE_CLOCK_GETTIME\=1 -Wno-comma -Wno-shorten-64-to-32 -Wno-documentation -Wno-nullability-completeness -std\=c++20 -include /Users/runner/work/App/App/ios/Pods/Target\ Support\ Files/ReactCodegen/ReactCodegen-prefix.pch -MMD -MT dependencies -MF /Users/runner/work/App/App/build/Build/Intermediates.noindex/Pods.build/Release-iphoneos/ReactCodegen.build/Objects-normal/arm64/ComponentDescriptors-de20c650b23e62d22e6c08f829234c32.d --serialize-diagnostics /Users/runner/work/App/App/build/Build/Intermediates.noindex/Pods.build/Release-iphoneos/ReactCodegen.build/Objects-normal/arm64/ComponentDescriptors-de20c650b23e62d22e6c08f829234c32.dia -c /Users/runner/work/App/App/ios/build/generated/ios/ReactCodegen/react/renderer/components/RNCWebViewSpec/ComponentDescriptors.cpp -o /Users/runner/work/App/App/build/Build/Intermediates.noindex/Pods.build/Release-iphoneos/ReactCodegen.build/Objects-normal/arm64/ComponentDescriptors-de20c650b23e62d22e6c08f829234c32.o

CompileC /Users/runner/work/App/App/build/Build/Intermediates.noindex/Pods.build/Release-iphoneos/ReactCodegen.build/Objects-normal/arm64/ComponentDescriptors-3d6396f0ea3af018959e1c0740ebfe65.o /Users/runner/work/App/App/ios/build/generated/ios/ReactCodegen/react/renderer/components/safeareacontext/ComponentDescriptors.cpp normal arm64 c++ com.apple.compilers.llvm.clang.1_0.compiler (in target 'ReactCodegen' from project 'Pods')
    cd /Users/runner/work/App/App/ios/Pods
    
    Using response file: /Users/runner/work/App/App/build/Build/Intermediates.noindex/Pods.build/Release-iphoneos/ReactCodegen.build/Objects-normal/arm64/82b82416624d2658e5098eb0a28c15c5-common-args.resp
    
    /Applications/Xcode_26.3.app/Contents/Developer/Toolchains/XcodeDefault.xctoolchain/usr/bin/clang -x c++ -ivfsstatcache /Users/runner/work/App/App/build/SDKStatCaches.noindex/iphoneos26.2-23C57-dc75598d0054f22ec865fa860f139d722dd23b4ebda140f7210d155ff1243552.sdkstatcache -fmessage-length\=0 -fdiagnostics-show-note-include-stack -fmacro-backtrace-limit\=0 -fno-color-diagnostics -fmodules-prune-interval\=86400 -fmodules-prune-after\=345600 -fbuild-session-file\=/Users/runner/work/App/App/build/ModuleCache.noindex/Session.modulevalidation -fmodules-validate-once-per-build-session -Wnon-modular-include-in-framework-module -Werror\=non-modular-include-in-framework-module -Wno-trigraphs -Wno-missing-field-initializers -Wno-missing-prototypes -Werror\=return-type -Wdocumentation -Wunreachable-code -Werror\=deprecated-objc-isa-usage -Werror\=objc-root-class -Wno-non-virtual-dtor -Wno-overloaded-virtual -Wno-exit-time-destructors -Wno-missing-braces -Wparentheses -Wswitch -Wunused-function -Wno-unused-label -Wno-unused-parameter -Wunused-variable -Wunused-value -Wempty-body -Wuninitialized -Wconditional-uninitialized -Wno-unknown-pragmas -Wno-shadow -Wno-four-char-constants -Wno-conversion -Wconstant-conversion -Wint-conversion -Wbool-conversion -Wenum-conversion -Wno-float-conversion -Wnon-literal-null-conversion -Wobjc-literal-conversion -Wshorten-64-to-32 -Wno-newline-eof -Wno-c++11-extensions -Wno-implicit-fallthrough -fstrict-aliasing -Wdeprecated-declarations -Winvalid-offsetof -Wno-sign-conversion -Winfinite-recursion -Wmove -Wcomma -Wblock-capture-autoreleasing -Wstrict-prototypes -Wrange-loop-analysis -Wno-semicolon-before-method-body -Wunguarded-availability -Wno-comma -Wno-shorten-64-to-32 -Wno-documentation @/Users/runner/work/App/App/build/Build/Intermediates.noindex/Pods.build/Release-iphoneos/ReactCodegen.build/Objects-normal/arm64/82b82416624d2658e5098eb0a28c15c5-common-args.resp -DFOLLY_MOBILE\=1 -DFOLLY_USE_LIBCPP\=1 -DFOLLY_CFG_NO_COROUTINES\=1 -DFOLLY_HAVE_CLOCK_GETTIME\=1 -Wno-comma -Wno-shorten-64-to-32 -Wno-documentation -Wno-nullability-completeness -std\=c++20 -include /Users/runner/work/App/App/ios/Pods/Target\ Support\ Files/ReactCodegen/ReactCodegen-prefix.pch -MMD -MT dependencies -MF /Users/runner/work/App/App/build/Build/Intermediates.noindex/Pods.build/Release-iphoneos/ReactCodegen.build/Objects-normal/arm64/ComponentDescriptors-3d6396f0ea3af018959e1c0740ebfe65.d --serialize-diagnostics /Users/runner/work/App/App/build/Build/Intermediates.noindex/Pods.build/Release-iphoneos/ReactCodegen.build/Objects-normal/arm64/ComponentDescriptors-3d6396f0ea3af018959e1c0740ebfe65.dia -c /Users/runner/work/App/App/ios/build/generated/ios/ReactCodegen/react/renderer/components/safeareacontext/ComponentDescriptors.cpp -o /Users/runner/work/App/App/build/Build/Intermediates.noindex/Pods.build/Release-iphoneos/ReactCodegen.build/Objects-normal/arm64/ComponentDescriptors-3d6396f0ea3af018959e1c0740ebfe65.o

ScanDependencies /Users/runner/work/App/App/build/Build/Intermediates.noindex/Pods.build/Release-iphoneos/ReactCodegen.build/Objects-normal/arm64/ReactCodegen-dummy.o /Users/runner/work/App/App/ios/Pods/Target\ Support\ Files/ReactCodegen/ReactCodegen-dummy.m normal arm64 objective-c com.apple.compilers.llvm.clang.1_0.compiler (in target 'ReactCodegen' from project 'Pods')
    cd /Users/runner/work/App/App/ios/Pods
    
    Using response file: /Users/runner/work/App/App/build/Build/Intermediates.noindex/Pods.build/Release-iphoneos/ReactCodegen.build/Objects-normal/arm64/e6072d4f65d7061329687fe24e3d63a7-common-args.resp
    
    builtin-ScanDependencies -o /Users/runner/work/App/App/build/Build/Intermediates.noindex/Pods.build/Release-iphoneos/ReactCodegen.build/Objects-normal/arm64/ReactCodegen-dummy.o.scan -- /Applications/Xcode_26.3.app/Contents/Developer/Toolchains/XcodeDefault.xctoolchain/usr/bin/clang -x objective-c -ivfsstatcache /Users/runner/work/App/App/build/SDKStatCaches.noindex/iphoneos26.2-23C57-dc75598d0054f22ec865fa860f139d722dd23b4ebda140f7210d155ff1243552.sdkstatcache -fmessage-length\=0 -fdiagnostics-show-note-include-stack -fmacro-backtrace-limit\=0 -fno-color-diagnostics -fmodules-prune-interval\=86400 -fmodules-prune-after\=345600 -fbuild-session-file\=/Users/runner/work/App/App/build/ModuleCache.noindex/Session.modulevalidation -fmodules-validate-once-per-build-session -Wnon-modular-include-in-framework-module -Werror\=non-modular-include-in-framework-module -Wno-trigraphs -Wno-missing-field-initializers -Wno-missing-prototypes -Werror\=return-type -Wdocumentation -Wunreachable-code -Wno-implicit-atomic-properties -Werror\=deprecated-objc-isa-usage -Wno-objc-interface-ivars -Werror\=objc-root-class -Wno-arc-repeated-use-of-weak -Wimplicit-retain-self -Wduplicate-method-match -Wno-missing-braces -Wparentheses -Wswitch -Wunused-function -Wno-unused-label -Wno-unused-parameter -Wunused-variable -Wunused-value -Wempty-body -Wuninitialized -Wconditional-uninitialized -Wno-unknown-pragmas -Wno-shadow -Wno-four-char-constants -Wno-conversion -Wconstant-conversion -Wint-conversion -Wbool-conversion -Wenum-conversion -Wno-float-conversion -Wnon-literal-null-conversion -Wobjc-literal-conversion -Wshorten-64-to-32 -Wpointer-sign -Wno-newline-eof -Wno-selector -Wno-strict-selector-match -Wundeclared-selector -Wdeprecated-implementations -Wno-implicit-fallthrough -fstrict-aliasing -Wprotocol -Wdeprecated-declarations -Wno-sign-conversion -Winfinite-recursion -Wcomma -Wblock-capture-autoreleasing -Wstrict-prototypes -Wno-semicolon-before-method-body -Wunguarded-availability @/Users/runner/work/App/App/build/Build/Intermediates.noindex/Pods.build/Release-iphoneos/ReactCodegen.build/Objects-normal/arm64/e6072d4f65d7061329687fe24e3d63a7-common-args.resp -include /Users/runner/work/App/App/ios/Pods/Target\ Support\ Files/ReactCodegen/ReactCodegen-prefix.pch -MMD -MT dependencies -MF /Users/runner/work/App/App/build/Build/Intermediates.noindex/Pods.build/Release-iphoneos/ReactCodegen.build/Objects-normal/arm64/ReactCodegen-dummy.d --serialize-diagnostics /Users/runner/work/App/App/build/Build/Intermediates.noindex/Pods.build/Release-iphoneos/ReactCodegen.build/Objects-normal/arm64/ReactCodegen-dummy.dia -c /Users/runner/work/App/App/ios/Pods/Target\ Support\ Files/ReactCodegen/ReactCodegen-dummy.m -o /Users/runner/work/App/App/build/Build/Intermediates.noindex/Pods.build/Release-iphoneos/ReactCodegen.build/Objects-normal/arm64/ReactCodegen-dummy.o

CompileC /Users/runner/work/App/App/build/Build/Intermediates.noindex/Pods.build/Release-iphoneos/ExpoLogBox.build/Objects-normal/arm64/ExpoRedBoxSwap.o /Users/runner/work/App/App/node_modules/expo/node_modules/@expo/log-box/ios/ExpoRedBoxSwap.mm normal arm64 objective-c++ com.apple.compilers.llvm.clang.1_0.compiler (in target 'ExpoLogBox' from project 'Pods')
    cd /Users/runner/work/App/App/ios/Pods
    
    Using response file: /Users/runner/work/App/App/build/Build/Intermediates.noindex/Pods.build/Release-iphoneos/ExpoLogBox.build/Objects-normal/arm64/af3fcb34312c57c0f52879cdce924b91-common-args.resp
    
    /Applications/Xcode_26.3.app/Contents/Developer/Toolchains/XcodeDefault.xctoolchain/usr/bin/clang -x objective-c++ -ivfsstatcache /Users/runner/work/App/App/build/SDKStatCaches.noindex/iphoneos26.2-23C57-dc75598d0054f22ec865fa860f139d722dd23b4ebda140f7210d155ff1243552.sdkstatcache -fmessage-length\=0 -fdiagnostics-show-note-include-stack -fmacro-backtrace-limit\=0 -fno-color-diagnostics -fmodules-prune-interval\=86400 -fmodules-prune-after\=345600 -fbuild-session-file\=/Users/runner/work/App/App/build/ModuleCache.noindex/Session.modulevalidation -fmodules-validate-once-per-build-session -Wnon-modular-include-in-framework-module -Werror\=non-modular-include-in-framework-module -Wno-trigraphs -Wno-missing-field-initializers -Wno-missing-prototypes -Werror\=return-type -Wdocumentation -Wunreachable-code -Wno-implicit-atomic-properties -Werror\=deprecated-objc-isa-usage -Wno-objc-interface-ivars -Werror\=objc-root-class -Wno-arc-repeated-use-of-weak -Wimplicit-retain-self -Wno-non-virtual-dtor -Wno-overloaded-virtual -Wno-exit-time-destructors -Wduplicate-method-match -Wno-missing-braces -Wparentheses -Wswitch -Wunused-function -Wno-unused-label -Wno-unused-parameter -Wunused-variable -Wunused-value -Wempty-body -Wuninitialized -Wconditional-uninitialized -Wno-unknown-pragmas -Wno-shadow -Wno-four-char-constants -Wno-conversion -Wconstant-conversion -Wint-conversion -Wbool-conversion -Wenum-conversion -Wno-float-conversion -Wnon-literal-null-conversion -Wobjc-literal-conversion -Wshorten-64-to-32 -Wno-newline-eof -Wno-selector -Wno-strict-selector-match -Wundeclared-selector -Wdeprecated-implementations -Wno-c++11-extensions -Wno-implicit-fallthrough -fstrict-aliasing -Wprotocol -Wdeprecated-declarations -Winvalid-offsetof -Wno-sign-conversion -Winfinite-recursion -Wmove -Wcomma -Wblock-capture-autoreleasing -Wstrict-prototypes -Wrange-loop-analysis -Wno-semicolon-before-method-body -Wunguarded-availability @/Users/runner/work/App/App/build/Build/Intermediates.noindex/Pods.build/Release-iphoneos/ExpoLogBox.build/Objects-normal/arm64/af3fcb34312c57c0f52879cdce924b91-common-args.resp -include /Users/runner/work/App/App/ios/Pods/Target\ Support\ Files/ExpoLogBox/ExpoLogBox-prefix.pch -MMD -MT dependencies -MF /Users/runner/work/App/App/build/Build/Intermediates.noindex/Pods.build/Release-iphoneos/ExpoLogBox.build/Objects-normal/arm64/ExpoRedBoxSwap.d --serialize-diagnostics /Users/runner/work/App/App/build/Build/Intermediates.noindex/Pods.build/Release-iphoneos/ExpoLogBox.build/Objects-normal/arm64/ExpoRedBoxSwap.dia -c /Users/runner/work/App/App/node_modules/expo/node_modules/@expo/log-box/ios/ExpoRedBoxSwap.mm -o /Users/runner/work/App/App/build/Build/Intermediates.noindex/Pods.build/Release-iphoneos/ExpoLogBox.build/Objects-normal/arm64/ExpoRedBoxSwap.o

ScanDependencies /Users/runner/work/App/App/build/Build/Intermediates.noindex/Pods.build/Release-iphoneos/ExpoLogBox.build/Objects-normal/arm64/ExpoLogBox-dummy.o /Users/runner/work/App/App/ios/Pods/Target\ Support\ Files/ExpoLogBox/ExpoLogBox-dummy.m normal arm64 objective-c com.apple.compilers.llvm.clang.1_0.compiler (in target 'ExpoLogBox' from project 'Pods')
    cd /Users/runner/work/App/App/ios/Pods
    
    Using response file: /Users/runner/work/App/App/build/Build/Intermediates.noindex/Pods.build/Release-iphoneos/ExpoLogBox.build/Objects-normal/arm64/e6072d4f65d7061329687fe24e3d63a7-common-args.resp
    
    builtin-ScanDependencies -o /Users/runner/work/App/App/build/Build/Intermediates.noindex/Pods.build/Release-iphoneos/ExpoLogBox.build/Objects-normal/arm64/ExpoLogBox-dummy.o.scan -- /Applications/Xcode_26.3.app/Contents/Developer/Toolchains/XcodeDefault.xctoolchain/usr/bin/clang -x objective-c -ivfsstatcache /Users/runner/work/App/App/build/SDKStatCaches.noindex/iphoneos26.2-23C57-dc75598d0054f22ec865fa860f139d722dd23b4ebda140f7210d155ff1243552.sdkstatcache -fmessage-length\=0 -fdiagnostics-show-note-include-stack -fmacro-backtrace-limit\=0 -fno-color-diagnostics -fmodules-prune-interval\=86400 -fmodules-prune-after\=345600 -fbuild-session-file\=/Users/runner/work/App/App/build/ModuleCache.noindex/Session.modulevalidation -fmodules-validate-once-per-build-session -Wnon-modular-include-in-framework-module -Werror\=non-modular-include-in-framework-module -Wno-trigraphs -Wno-missing-field-initializers -Wno-missing-prototypes -Werror\=return-type -Wdocumentation -Wunreachable-code -Wno-implicit-atomic-properties -Werror\=deprecated-objc-isa-usage -Wno-objc-interface-ivars -Werror\=objc-root-class -Wno-arc-repeated-use-of-weak -Wimplicit-retain-self -Wduplicate-method-match -Wno-missing-braces -Wparentheses -Wswitch -Wunused-function -Wno-unused-label -Wno-unused-parameter -Wunused-variable -Wunused-value -Wempty-body -Wuninitialized -Wconditional-uninitialized -Wno-unknown-pragmas -Wno-shadow -Wno-four-char-constants -Wno-conversion -Wconstant-conversion -Wint-conversion -Wbool-conversion -Wenum-conversion -Wno-float-conversion -Wnon-literal-null-conversion -Wobjc-literal-conversion -Wshorten-64-to-32 -Wpointer-sign -Wno-newline-eof -Wno-selector -Wno-strict-selector-match -Wundeclared-selector -Wdeprecated-implementations -Wno-implicit-fallthrough -fstrict-aliasing -Wprotocol -Wdeprecated-declarations -Wno-sign-conversion -Winfinite-recursion -Wcomma -Wblock-capture-autoreleasing -Wstrict-prototypes -Wno-semicolon-before-method-body -Wunguarded-availability @/Users/runner/work/App/App/build/Build/Intermediates.noindex/Pods.build/Release-iphoneos/ExpoLogBox.build/Objects-normal/arm64/e6072d4f65d7061329687fe24e3d63a7-common-args.resp -include /Users/runner/work/App/App/ios/Pods/Target\ Support\ Files/ExpoLogBox/ExpoLogBox-prefix.pch -MMD -MT dependencies -MF /Users/runner/work/App/App/build/Build/Intermediates.noindex/Pods.build/Release-iphoneos/ExpoLogBox.build/Objects-normal/arm64/ExpoLogBox-dummy.d --serialize-diagnostics /Users/runner/work/App/App/build/Build/Intermediates.noindex/Pods.build/Release-iphoneos/ExpoLogBox.build/Objects-normal/arm64/ExpoLogBox-dummy.dia -c /Users/runner/work/App/App/ios/Pods/Target\ Support\ Files/ExpoLogBox/ExpoLogBox-dummy.m -o /Users/runner/work/App/App/build/Build/Intermediates.noindex/Pods.build/Release-iphoneos/ExpoLogBox.build/Objects-normal/arm64/ExpoLogBox-dummy.o

PrecompileModule /Users/runner/work/App/App/build/Build/Intermediates.noindex/ExplicitPrecompiledModules/_Builtin_stddef-EIUXOLH5V06HOZQO0C7FNFB7A.scan
    cd /
    builtin-precompileModule /Users/runner/work/App/App/build/Build/Intermediates.noindex/ExplicitPrecompiledModules/_Builtin_stddef-EIUXOLH5V06HOZQO0C7FNFB7A.scan

PrecompileModule /Users/runner/work/App/App/build/Build/Intermediates.noindex/ExplicitPrecompiledModules/_Builtin_float-2BLQ6R1UYI7G7H9FP4252OOU7.scan
    cd /
    builtin-precompileModule /Users/runner/work/App/App/build/Build/Intermediates.noindex/ExplicitPrecompiledModules/_Builtin_float-2BLQ6R1UYI7G7H9FP4252OOU7.scan

PrecompileModule /Users/runner/work/App/App/build/Build/Intermediates.noindex/ExplicitPrecompiledModules/_AvailabilityInternal-8NWLG3SLCJJDW5K2MCZ88LOIU.scan
    cd /
    builtin-precompileModule /Users/runner/work/App/App/build/Build/Intermediates.noindex/ExplicitPrecompiledModules/_AvailabilityInternal-8NWLG3SLCJJDW5K2MCZ88LOIU.scan

PrecompileModule /Users/runner/work/App/App/build/Build/Intermediates.noindex/ExplicitPrecompiledModules/ptrauth-CC6NB4NRNZIRS4LO1D1FI8BMD.scan
    cd /
    builtin-precompileModule /Users/runner/work/App/App/build/Build/Intermediates.noindex/ExplicitPrecompiledModules/ptrauth-CC6NB4NRNZIRS4LO1D1FI8BMD.scan

PrecompileModule /Users/runner/work/App/App/build/Build/Intermediates.noindex/ExplicitPrecompiledModules/_Builtin_stdarg-EZ8OV9MX22T000Z5SVQ0KPDNI.scan
    cd /
    builtin-precompileModule /Users/runner/work/App/App/build/Build/Intermediates.noindex/ExplicitPrecompiledModules/_Builtin_stdarg-EZ8OV9MX22T000Z5SVQ0KPDNI.scan

PrecompileModule /Users/runner/work/App/App/build/Build/Intermediates.noindex/ExplicitPrecompiledModules/ptrcheck-BG92NM2Z5PAJ0W04PFFQLLOWZ.scan
    cd /
    builtin-precompileModule /Users/runner/work/App/App/build/Build/Intermediates.noindex/ExplicitPrecompiledModules/ptrcheck-BG92NM2Z5PAJ0W04PFFQLLOWZ.scan

PrecompileModule /Users/runner/work/App/App/build/Build/Intermediates.noindex/ExplicitPrecompiledModules/_Builtin_stdbool-8Q2T3XAJ2L8IOOFFDREEAIRXM.scan
    cd /
    builtin-precompileModule /Users/runner/work/App/App/build/Build/Intermediates.noindex/ExplicitPrecompiledModules/_Builtin_stdbool-8Q2T3XAJ2L8IOOFFDREEAIRXM.scan

PrecompileModule /Users/runner/work/App/App/build/Build/Intermediates.noindex/ExplicitPrecompiledModules/_DarwinFoundation1-C3ZDV144XZJCAGDKSIME4PABM.scan
    cd /
    builtin-precompileModule /Users/runner/work/App/App/build/Build/Intermediates.noindex/ExplicitPrecompiledModules/_DarwinFoundation1-C3ZDV144XZJCAGDKSIME4PABM.scan

PrecompileModule /Users/runner/work/App/App/build/Build/Intermediates.noindex/ExplicitPrecompiledModules/_DarwinFoundation2-8U1P2TUJYFRKWWDVL1TQ4KM07.scan
    cd /
    builtin-precompileModule /Users/runner/work/App/App/build/Build/Intermediates.noindex/ExplicitPrecompiledModules/_DarwinFoundation2-8U1P2TUJYFRKWWDVL1TQ4KM07.scan

PrecompileModule /Users/runner/work/App/App/build/Build/Intermediates.noindex/ExplicitPrecompiledModules/_Builtin_limits-DTFA6DANLKI0656QT7XOQ4ISJ.scan
    cd /
    builtin-precompileModule /Users/runner/work/App/App/build/Build/Intermediates.noindex/ExplicitPrecompiledModules/_Builtin_limits-DTFA6DANLKI0656QT7XOQ4ISJ.scan

PrecompileModule /Users/runner/work/App/App/build/Build/Intermediates.noindex/ExplicitPrecompiledModules/_Builtin_stdint-A52WL2T8DQKX587GEMB7Y4KD1.scan
    cd /
    builtin-precompileModule /Users/runner/work/App/App/build/Build/Intermediates.noindex/ExplicitPrecompiledModules/_Builtin_stdint-A52WL2T8DQKX587GEMB7Y4KD1.scan

PrecompileModule /Users/runner/work/App/App/build/Build/Intermediates.noindex/ExplicitPrecompiledModules/_DarwinFoundation3-ATIQOOWDNO766RED0IYSWR69D.scan
    cd /
    builtin-precompileModule /Users/runner/work/App/App/build/Build/Intermediates.noindex/ExplicitPrecompiledModules/_DarwinFoundation3-ATIQOOWDNO766RED0IYSWR69D.scan

PrecompileModule /Users/runner/work/App/App/build/Build/Intermediates.noindex/ExplicitPrecompiledModules/_Builtin_inttypes-5S12PZL9GV719SDUVVYC203FS.scan
    cd /
    builtin-precompileModule /Users/runner/work/App/App/build/Build/Intermediates.noindex/ExplicitPrecompiledModules/_Builtin_inttypes-5S12PZL9GV719SDUVVYC203FS.scan

PrecompileModule /Users/runner/work/App/App/build/Build/Intermediates.noindex/ExplicitPrecompiledModules/_Builtin_stddef-CHQ2V6UZQIH5VAQV36LQ48USZ.scan
    cd /
    builtin-precompileModule /Users/runner/work/App/App/build/Build/Intermediates.noindex/ExplicitPrecompiledModules/_Builtin_stddef-CHQ2V6UZQIH5VAQV36LQ48USZ.scan

PrecompileModule /Users/runner/work/App/App/build/Build/Intermediates.noindex/ExplicitPrecompiledModules/_Builtin_float-8UV527TF1KDE2XRAHWA0N0FON.scan
    cd /
    builtin-precompileModule /Users/runner/work/App/App/build/Build/Intermediates.noindex/ExplicitPrecompiledModules/_Builtin_float-8UV527TF1KDE2XRAHWA0N0FON.scan

PrecompileModule /Users/runner/work/App/App/build/Build/Intermediates.noindex/ExplicitPrecompiledModules/Darwin-31QGEKQBE1WNZ8S9L8NKGB3K6.scan
    cd /
    builtin-precompileModule /Users/runner/work/App/App/build/Build/Intermediates.noindex/ExplicitPrecompiledModules/Darwin-31QGEKQBE1WNZ8S9L8NKGB3K6.scan

PrecompileModule /Users/runner/work/App/App/build/Build/Intermediates.noindex/ExplicitPrecompiledModules/_AvailabilityInternal-CF89M9H50UYRAF4IFF56AVWT5.scan
    cd /
    builtin-precompileModule /Users/runner/work/App/App/build/Build/Intermediates.noindex/ExplicitPrecompiledModules/_AvailabilityInternal-CF89M9H50UYRAF4IFF56AVWT5.scan

PrecompileModule /Users/runner/work/App/App/build/Build/Intermediates.noindex/ExplicitPrecompiledModules/ptrauth-3M256XO0TKTRSD4OPFXJ7X9I5.scan
    cd /
    builtin-precompileModule /Users/runner/work/App/App/build/Build/Intermediates.noindex/ExplicitPrecompiledModules/ptrauth-3M256XO0TKTRSD4OPFXJ7X9I5.scan

PrecompileModule /Users/runner/work/App/App/build/Build/Intermediates.noindex/ExplicitPrecompiledModules/_Builtin_stdbool-6DOWBMZA2NJEABO7UUM3KW3D6.scan
    cd /
    builtin-precompileModule /Users/runner/work/App/App/build/Build/Intermediates.noindex/ExplicitPrecompiledModules/_Builtin_stdbool-6DOWBMZA2NJEABO7UUM3KW3D6.scan

PrecompileModule /Users/runner/work/App/App/build/Build/Intermediates.noindex/ExplicitPrecompiledModules/_Builtin_stdarg-AAHFXASEH4NSSWRWAMFLF97U.scan
    cd /
    builtin-precompileModule /Users/runner/work/App/App/build/Build/Intermediates.noindex/ExplicitPrecompiledModules/_Builtin_stdarg-AAHFXASEH4NSSWRWAMFLF97U.scan

PrecompileModule /Users/runner/work/App/App/build/Build/Intermediates.noindex/ExplicitPrecompiledModules/ptrcheck-APULCYKALJFHWVS8BXFXWTDH4.scan
    cd /
    builtin-precompileModule /Users/runner/work/App/App/build/Build/Intermediates.noindex/ExplicitPrecompiledModules/ptrcheck-APULCYKALJFHWVS8BXFXWTDH4.scan

PrecompileModule /Users/runner/work/App/App/build/Build/Intermediates.noindex/ExplicitPrecompiledModules/_DarwinFoundation1-4VSKSC4AOIA3M8YJTGZAK3VYF.scan
    cd /
    builtin-precompileModule /Users/runner/work/App/App/build/Build/Intermediates.noindex/ExplicitPrecompiledModules/_DarwinFoundation1-4VSKSC4AOIA3M8YJTGZAK3VYF.scan

PrecompileModule /Users/runner/work/App/App/build/Build/Intermediates.noindex/ExplicitPrecompiledModules/_DarwinFoundation2-D8SGYKURWZS2CIQOXTNHAJFJ6.scan
    cd /
    builtin-precompileModule /Users/runner/work/App/App/build/Build/Intermediates.noindex/ExplicitPrecompiledModules/_DarwinFoundation2-D8SGYKURWZS2CIQOXTNHAJFJ6.scan

CompileC /Users/runner/work/App/App/build/Build/Intermediates.noindex/Pods.build/Release-iphoneos/react-native-webview.build/Objects-normal/arm64/RNCWebViewModule.o /Users/runner/work/App/App/node_modules/react-native-webview/apple/RNCWebViewModule.mm normal arm64 objective-c++ com.apple.compilers.llvm.clang.1_0.compiler (in target 'react-native-webview' from project 'Pods')
    cd /Users/runner/work/App/App/ios/Pods
    
    Using response file: /Users/runner/work/App/App/build/Build/Intermediates.noindex/Pods.build/Release-iphoneos/react-native-webview.build/Objects-normal/arm64/af3fcb34312c57c0f52879cdce924b91-common-args.resp
    
    /Applications/Xcode_26.3.app/Contents/Developer/Toolchains/XcodeDefault.xctoolchain/usr/bin/clang -x objective-c++ -ivfsstatcache /Users/runner/work/App/App/build/SDKStatCaches.noindex/iphoneos26.2-23C57-dc75598d0054f22ec865fa860f139d722dd23b4ebda140f7210d155ff1243552.sdkstatcache -fmessage-length\=0 -fdiagnostics-show-note-include-stack -fmacro-backtrace-limit\=0 -fno-color-diagnostics -fmodules-prune-interval\=86400 -fmodules-prune-after\=345600 -fbuild-session-file\=/Users/runner/work/App/App/build/ModuleCache.noindex/Session.modulevalidation -fmodules-validate-once-per-build-session -Wnon-modular-include-in-framework-module -Werror\=non-modular-include-in-framework-module -Wno-trigraphs -Wno-missing-field-initializers -Wno-missing-prototypes -Werror\=return-type -Wdocumentation -Wunreachable-code -Wno-implicit-atomic-properties -Werror\=deprecated-objc-isa-usage -Wno-objc-interface-ivars -Werror\=objc-root-class -Wno-arc-repeated-use-of-weak -Wimplicit-retain-self -Wno-non-virtual-dtor -Wno-overloaded-virtual -Wno-exit-time-destructors -Wduplicate-method-match -Wno-missing-braces -Wparentheses -Wswitch -Wunused-function -Wno-unused-label -Wno-unused-parameter -Wunused-variable -Wunused-value -Wempty-body -Wuninitialized -Wconditional-uninitialized -Wno-unknown-pragmas -Wno-shadow -Wno-four-char-constants -Wno-conversion -Wconstant-conversion -Wint-conversion -Wbool-conversion -Wenum-conversion -Wno-float-conversion -Wnon-literal-null-conversion -Wobjc-literal-conversion -Wshorten-64-to-32 -Wno-newline-eof -Wno-selector -Wno-strict-selector-match -Wundeclared-selector -Wdeprecated-implementations -Wno-c++11-extensions -Wno-implicit-fallthrough -fstrict-aliasing -Wprotocol -Wdeprecated-declarations -Winvalid-offsetof -Wno-sign-conversion -Winfinite-recursion -Wmove -Wcomma -Wblock-capture-autoreleasing -Wstrict-prototypes -Wrange-loop-analysis -Wno-semicolon-before-method-body -Wunguarded-availability @/Users/runner/work/App/App/build/Build/Intermediates.noindex/Pods.build/Release-iphoneos/react-native-webview.build/Objects-normal/arm64/af3fcb34312c57c0f52879cdce924b91-common-args.resp -DRCT_NEW_ARCH_ENABLED\=1 -include /Users/runner/work/App/App/ios/Pods/Target\ Support\ Files/react-native-webview/react-native-webview-prefix.pch -MMD -MT dependencies -MF /Users/runner/work/App/App/build/Build/Intermediates.noindex/Pods.build/Release-iphoneos/react-native-webview.build/Objects-normal/arm64/RNCWebViewModule.d --serialize-diagnostics /Users/runner/work/App/App/build/Build/Intermediates.noindex/Pods.build/Release-iphoneos/react-native-webview.build/Objects-normal/arm64/RNCWebViewModule.dia -c /Users/runner/work/App/App/node_modules/react-native-webview/apple/RNCWebViewModule.mm -o /Users/runner/work/App/App/build/Build/Intermediates.noindex/Pods.build/Release-iphoneos/react-native-webview.build/Objects-normal/arm64/RNCWebViewModule.o

CompileC /Users/runner/work/App/App/build/Build/Intermediates.noindex/Pods.build/Release-iphoneos/react-native-webview.build/Objects-normal/arm64/RNCWebViewManager.o /Users/runner/work/App/App/node_modules/react-native-webview/apple/RNCWebViewManager.mm normal arm64 objective-c++ com.apple.compilers.llvm.clang.1_0.compiler (in target 'react-native-webview' from project 'Pods')
    cd /Users/runner/work/App/App/ios/Pods
    
    Using response file: /Users/runner/work/App/App/build/Build/Intermediates.noindex/Pods.build/Release-iphoneos/react-native-webview.build/Objects-normal/arm64/af3fcb34312c57c0f52879cdce924b91-common-args.resp
    
    /Applications/Xcode_26.3.app/Contents/Developer/Toolchains/XcodeDefault.xctoolchain/usr/bin/clang -x objective-c++ -ivfsstatcache /Users/runner/work/App/App/build/SDKStatCaches.noindex/iphoneos26.2-23C57-dc75598d0054f22ec865fa860f139d722dd23b4ebda140f7210d155ff1243552.sdkstatcache -fmessage-length\=0 -fdiagnostics-show-note-include-stack -fmacro-backtrace-limit\=0 -fno-color-diagnostics -fmodules-prune-interval\=86400 -fmodules-prune-after\=345600 -fbuild-session-file\=/Users/runner/work/App/App/build/ModuleCache.noindex/Session.modulevalidation -fmodules-validate-once-per-build-session -Wnon-modular-include-in-framework-module -Werror\=non-modular-include-in-framework-module -Wno-trigraphs -Wno-missing-field-initializers -Wno-missing-prototypes -Werror\=return-type -Wdocumentation -Wunreachable-code -Wno-implicit-atomic-properties -Werror\=deprecated-objc-isa-usage -Wno-objc-interface-ivars -Werror\=objc-root-class -Wno-arc-repeated-use-of-weak -Wimplicit-retain-self -Wno-non-virtual-dtor -Wno-overloaded-virtual -Wno-exit-time-destructors -Wduplicate-method-match -Wno-missing-braces -Wparentheses -Wswitch -Wunused-function -Wno-unused-label -Wno-unused-parameter -Wunused-variable -Wunused-value -Wempty-body -Wuninitialized -Wconditional-uninitialized -Wno-unknown-pragmas -Wno-shadow -Wno-four-char-constants -Wno-conversion -Wconstant-conversion -Wint-conversion -Wbool-conversion -Wenum-conversion -Wno-float-conversion -Wnon-literal-null-conversion -Wobjc-literal-conversion -Wshorten-64-to-32 -Wno-newline-eof -Wno-selector -Wno-strict-selector-match -Wundeclared-selector -Wdeprecated-implementations -Wno-c++11-extensions -Wno-implicit-fallthrough -fstrict-aliasing -Wprotocol -Wdeprecated-declarations -Winvalid-offsetof -Wno-sign-conversion -Winfinite-recursion -Wmove -Wcomma -Wblock-capture-autoreleasing -Wstrict-prototypes -Wrange-loop-analysis -Wno-semicolon-before-method-body -Wunguarded-availability @/Users/runner/work/App/App/build/Build/Intermediates.noindex/Pods.build/Release-iphoneos/react-native-webview.build/Objects-normal/arm64/af3fcb34312c57c0f52879cdce924b91-common-args.resp -DRCT_NEW_ARCH_ENABLED\=1 -include /Users/runner/work/App/App/ios/Pods/Target\ Support\ Files/react-native-webview/react-native-webview-prefix.pch -MMD -MT dependencies -MF /Users/runner/work/App/App/build/Build/Intermediates.noindex/Pods.build/Release-iphoneos/react-native-webview.build/Objects-normal/arm64/RNCWebViewManager.d --serialize-diagnostics /Users/runner/work/App/App/build/Build/Intermediates.noindex/Pods.build/Release-iphoneos/react-native-webview.build/Objects-normal/arm64/RNCWebViewManager.dia -c /Users/runner/work/App/App/node_modules/react-native-webview/apple/RNCWebViewManager.mm -o /Users/runner/work/App/App/build/Build/Intermediates.noindex/Pods.build/Release-iphoneos/react-native-webview.build/Objects-normal/arm64/RNCWebViewManager.o

CompileC /Users/runner/work/App/App/build/Build/Intermediates.noindex/Pods.build/Release-iphoneos/react-native-webview.build/Objects-normal/arm64/RNCWebView.o /Users/runner/work/App/App/node_modules/react-native-webview/apple/RNCWebView.mm normal arm64 objective-c++ com.apple.compilers.llvm.clang.1_0.compiler (in target 'react-native-webview' from project 'Pods')
    cd /Users/runner/work/App/App/ios/Pods
    
    Using response file: /Users/runner/work/App/App/build/Build/Intermediates.noindex/Pods.build/Release-iphoneos/react-native-webview.build/Objects-normal/arm64/af3fcb34312c57c0f52879cdce924b91-common-args.resp
    
    /Applications/Xcode_26.3.app/Contents/Developer/Toolchains/XcodeDefault.xctoolchain/usr/bin/clang -x objective-c++ -ivfsstatcache /Users/runner/work/App/App/build/SDKStatCaches.noindex/iphoneos26.2-23C57-dc75598d0054f22ec865fa860f139d722dd23b4ebda140f7210d155ff1243552.sdkstatcache -fmessage-length\=0 -fdiagnostics-show-note-include-stack -fmacro-backtrace-limit\=0 -fno-color-diagnostics -fmodules-prune-interval\=86400 -fmodules-prune-after\=345600 -fbuild-session-file\=/Users/runner/work/App/App/build/ModuleCache.noindex/Session.modulevalidation -fmodules-validate-once-per-build-session -Wnon-modular-include-in-framework-module -Werror\=non-modular-include-in-framework-module -Wno-trigraphs -Wno-missing-field-initializers -Wno-missing-prototypes -Werror\=return-type -Wdocumentation -Wunreachable-code -Wno-implicit-atomic-properties -Werror\=deprecated-objc-isa-usage -Wno-objc-interface-ivars -Werror\=objc-root-class -Wno-arc-repeated-use-of-weak -Wimplicit-retain-self -Wno-non-virtual-dtor -Wno-overloaded-virtual -Wno-exit-time-destructors -Wduplicate-method-match -Wno-missing-braces -Wparentheses -Wswitch -Wunused-function -Wno-unused-label -Wno-unused-parameter -Wunused-variable -Wunused-value -Wempty-body -Wuninitialized -Wconditional-uninitialized -Wno-unknown-pragmas -Wno-shadow -Wno-four-char-constants -Wno-conversion -Wconstant-conversion -Wint-conversion -Wbool-conversion -Wenum-conversion -Wno-float-conversion -Wnon-literal-null-conversion -Wobjc-literal-conversion -Wshorten-64-to-32 -Wno-newline-eof -Wno-selector -Wno-strict-selector-match -Wundeclared-selector -Wdeprecated-implementations -Wno-c++11-extensions -Wno-implicit-fallthrough -fstrict-aliasing -Wprotocol -Wdeprecated-declarations -Winvalid-offsetof -Wno-sign-conversion -Winfinite-recursion -Wmove -Wcomma -Wblock-capture-autoreleasing -Wstrict-prototypes -Wrange-loop-analysis -Wno-semicolon-before-method-body -Wunguarded-availability @/Users/runner/work/App/App/build/Build/Intermediates.noindex/Pods.build/Release-iphoneos/react-native-webview.build/Objects-normal/arm64/af3fcb34312c57c0f52879cdce924b91-common-args.resp -DRCT_NEW_ARCH_ENABLED\=1 -include /Users/runner/work/App/App/ios/Pods/Target\ Support\ Files/react-native-webview/react-native-webview-prefix.pch -MMD -MT dependencies -MF /Users/runner/work/App/App/build/Build/Intermediates.noindex/Pods.build/Release-iphoneos/react-native-webview.build/Objects-normal/arm64/RNCWebView.d --serialize-diagnostics /Users/runner/work/App/App/build/Build/Intermediates.noindex/Pods.build/Release-iphoneos/react-native-webview.build/Objects-normal/arm64/RNCWebView.dia -c /Users/runner/work/App/App/node_modules/react-native-webview/apple/RNCWebView.mm -o /Users/runner/work/App/App/build/Build/Intermediates.noindex/Pods.build/Release-iphoneos/react-native-webview.build/Objects-normal/arm64/RNCWebView.o

PrecompileModule /Users/runner/work/App/App/build/Build/Intermediates.noindex/ExplicitPrecompiledModules/_Builtin_stdint-4XK76716MVRVQHZCE4AANTOVE.scan
    cd /
    builtin-precompileModule /Users/runner/work/App/App/build/Build/Intermediates.noindex/ExplicitPrecompiledModules/_Builtin_stdint-4XK76716MVRVQHZCE4AANTOVE.scan

warning: Run script build phase '[CP-User] [Hermes] Replace Hermes for the right configuration, if needed' will be run during every build because it does not specify any outputs. To address this issue, either add output dependencies to the script phase, or configure it to run in every build by unchecking "Based on dependency analysis" in the script phase. (in target 'hermes-engine' from project 'Pods')
note: Run script build phase '[CP-User] [RNDeps] Replace React Native Dependencies for the right configuration, if needed' will be run during every build because the option to run the script phase "Based on dependency analysis" is unchecked. (in target 'ReactNativeDependencies' from project 'Pods')
note: Run script build phase '[CP-User] [RN]Check FBReactNativeSpec' will be run during every build because the option to run the script phase "Based on dependency analysis" is unchecked. (in target 'React-RCTFBReactNativeSpec' from project 'Pods')
note: Run script build phase '[CP-User] [RNCore] Replace React Native Core for the right configuration, if needed' will be run during every build because the option to run the script phase "Based on dependency analysis" is unchecked. (in target 'React-Core-prebuilt' from project 'Pods')
note: Run script build phase '[CP-User] [Expo] Switch ExpoModulesWorklets XCFramework for build configuration' will be run during every build because the option to run the script phase "Based on dependency analysis" is unchecked. (in target 'ExpoModulesWorklets' from project 'Pods')
note: Run script build phase '[CP-User] Build ExpoModulesJSI xcframework' will be run during every build because the option to run the script phase "Based on dependency analysis" is unchecked. (in target 'ExpoModulesJSI' from project 'Pods')
note: Run script build phase '[CP-User] [Expo] Switch ExpoModulesCore XCFramework for build configuration' will be run during every build because the option to run the script phase "Based on dependency analysis" is unchecked. (in target 'ExpoModulesCore' from project 'Pods')
note: Run script build phase '[CP-User] [Expo] Switch ExpoFont XCFramework for build configuration' will be run during every build because the option to run the script phase "Based on dependency analysis" is unchecked. (in target 'ExpoFont' from project 'Pods')
note: Run script build phase '[CP-User] [Expo] Switch ExpoFileSystem XCFramework for build configuration' will be run during every build because the option to run the script phase "Based on dependency analysis" is unchecked. (in target 'ExpoFileSystem' from project 'Pods')
note: Run script build phase 'Bundle React Native code and images' will be run during every build because the option to run the script phase "Based on dependency analysis" is unchecked. (in target 'ZenFlowTracker' from project 'ZenFlowTracker')
note: Run script build phase '[Expo] Configure project' will be run during every build because the option to run the script phase "Based on dependency analysis" is unchecked. (in target 'ZenFlowTracker' from project 'ZenFlowTracker')
note: Run script build phase '[CP-User] Generate app.config for prebuilt Constants.manifest' will be run during every build because the option to run the script phase "Based on dependency analysis" is unchecked. (in target 'EXConstants' from project 'Pods')
** BUILD FAILED **


The following build commands failed:
	PhaseScriptExecution [CP-User]\ Build\ ExpoModulesJSI\ xcframework /Users/runner/work/App/App/build/Build/Intermediates.noindex/Pods.build/Release-iphoneos/ExpoModulesJSI.build/Script-46EB2E00016010.sh (in target 'ExpoModulesJSI' from project 'Pods')
	Building workspace ZenFlowTracker with scheme ZenFlowTracker and configuration Release
(2 failures)
